0.000000000000 -48.000000000000
0.000000000000 -42.000000000000
0.000000000000 -36.000000000000
0.000000000000 -30.000000000000
0.000000000000 -24.000000000000
0.000000000000 -22.000000000000
0.000000000000 -20.000000000000
0.000000000000 -18.000000000000
0.000000000000 -16.000000000000
0.000000000000 -14.000000000000
0.000000000000 -12.000000000000
0.000000000000 -10.000000000000
0.000000000000 -8.000000000000
0.000000000000 -7.533333333333
0.000000000000 -7.066666666667
0.000000000000 -6.600000000000
0.000000000000 -6.133333333333
0.000000000000 -5.666666666667
0.000000000000 -5.200000000000
0.000000000000 -4.733333333333
0.000000000000 -4.266666666667
0.000000000000 -3.800000000000
0.000000000000 -3.333333333333
0.000000000000 -2.866666666667
0.000000000000 -2.400000000000
0.000000000000 -1.933333333333
0.000000000000 -1.466666666667
0.000000000000 -1.000000000000
0.000000000000 -0.950214989876
0.000000000000 -0.900666572453
0.000000000000 -0.851365376462
0.000000000000 -0.802323092133
0.000000000000 -0.753552642079
0.000000000000 -0.705068391357
0.000000000000 -0.656886408743
0.000000000000 -0.609024795931
0.000000000000 -0.561504108464
0.000000000000 -0.514347903027
0.000000000000 -0.467583462777
0.000000000000 -0.421242780245
0.000000000000 -0.375363924425
0.000000000000 -0.329993002221
0.000000000000 -0.285187080642
0.000000000000 -0.241018748334
0.000000000000 -0.197583672716
0.000000000000 -0.155014146033
0.000000000000 -0.113506188896
0.000000000000 -0.073383623210
0.000000000000 -0.035301637755
0.000000000000 -0.002000000000
0.000000000000 -0.001952380952
0.000000000000 -0.001904761905
0.000000000000 -0.001857142857
0.000000000000 -0.001809523810
0.000000000000 -0.001761904762
0.000000000000 -0.001714285714
0.000000000000 -0.001666666667
0.000000000000 -0.001619047619
0.000000000000 -0.001571428571
0.000000000000 -0.001523809524
0.000000000000 -0.001476190476
0.000000000000 -0.001428571429
0.000000000000 -0.001380952381
0.000000000000 -0.001333333333
0.000000000000 -0.001285714286
0.000000000000 -0.001238095238
0.000000000000 -0.001190476190
0.000000000000 -0.001142857143
0.000000000000 -0.001095238095
0.000000000000 -0.001047619048
0.000000000000 -0.001000000000
0.000000000000 -0.000952380952
0.000000000000 -0.000904761905
0.000000000000 -0.000857142857
0.000000000000 -0.000809523810
0.000000000000 -0.000761904762
0.000000000000 -0.000714285714
0.000000000000 -0.000666666667
0.000000000000 -0.000619047619
0.000000000000 -0.000571428571
0.000000000000 -0.000523809524
0.000000000000 -0.000476190476
0.000000000000 -0.000428571429
0.000000000000 -0.000380952381
0.000000000000 -0.000333333333
0.000000000000 -0.000285714286
0.000000000000 -0.000238095238
0.000000000000 -0.000190476190
0.000000000000 -0.000142857143
0.000000000000 -0.000095238095
0.000000000000 -0.000047619048
0.000000000000 0.000000000000
0.000000000000 0.000047619048
0.000000000000 0.000095238095
0.000000000000 0.000142857143
0.000000000000 0.000190476190
0.000000000000 0.000238095238
0.000000000000 0.000285714286
0.000000000000 0.000333333333
0.000000000000 0.000380952381
0.000000000000 0.000428571429
0.000000000000 0.000476190476
0.000000000000 0.000523809524
0.000000000000 0.000571428571
0.000000000000 0.000619047619
0.000000000000 0.000666666667
0.000000000000 0.000714285714
0.000000000000 0.000761904762
0.000000000000 0.000809523810
0.000000000000 0.000857142857
0.000000000000 0.000904761905
0.000000000000 0.000952380952
0.000000000000 0.001000000000
0.000000000000 0.001047619048
0.000000000000 0.001095238095
0.000000000000 0.001142857143
0.000000000000 0.001190476190
0.000000000000 0.001238095238
0.000000000000 0.001285714286
0.000000000000 0.001333333333
0.000000000000 0.001380952381
0.000000000000 0.001428571429
0.000000000000 0.001476190476
0.000000000000 0.001523809524
0.000000000000 0.001571428571
0.000000000000 0.001619047619
0.000000000000 0.001666666667
0.000000000000 0.001714285714
0.000000000000 0.001761904762
0.000000000000 0.001809523810
0.000000000000 0.001857142857
0.000000000000 0.001904761905
0.000000000000 0.001952380952
0.000000000000 0.002000000000
0.000000000000 0.035301637755
0.000000000000 0.073383623210
0.000000000000 0.113506188896
0.000000000000 0.155014146033
0.000000000000 0.197583672716
0.000000000000 0.241018748334
0.000000000000 0.285187080642
0.000000000000 0.329993002221
0.000000000000 0.375363924425
0.000000000000 0.421242780245
0.000000000000 0.467583462777
0.000000000000 0.514347903027
0.000000000000 0.561504108464
0.000000000000 0.609024795931
0.000000000000 0.656886408743
0.000000000000 0.705068391357
0.000000000000 0.753552642079
0.000000000000 0.802323092133
0.000000000000 0.851365376462
0.000000000000 0.900666572453
0.000000000000 0.950214989876
0.000000000000 1.000000000000
0.000000000000 1.466666666667
0.000000000000 1.933333333333
0.000000000000 2.400000000000
0.000000000000 2.866666666667
0.000000000000 3.333333333333
0.000000000000 3.800000000000
0.000000000000 4.266666666667
0.000000000000 4.733333333333
0.000000000000 5.200000000000
0.000000000000 5.666666666667
0.000000000000 6.133333333333
0.000000000000 6.600000000000
0.000000000000 7.066666666667
0.000000000000 7.533333333333
0.000000000000 8.000000000000
0.000000000000 10.000000000000
0.000000000000 12.000000000000
0.000000000000 14.000000000000
0.000000000000 16.000000000000
0.000000000000 18.000000000000
0.000000000000 20.000000000000
0.000000000000 22.000000000000
0.000000000000 24.000000000000
0.000000000000 30.000000000000
0.000000000000 36.000000000000
0.000000000000 42.000000000000
0.000000000000 48.000000000000
0.000047619048 -48.000000000000
0.000047619048 -42.000000000000
0.000047619048 -36.000000000000
0.000047619048 -30.000000000000
0.000047619048 -24.000000000000
0.000047619048 -22.000000000000
0.000047619048 -20.000000000000
0.000047619048 -18.000000000000
0.000047619048 -16.000000000000
0.000047619048 -14.000000000000
0.000047619048 -12.000000000000
0.000047619048 -10.000000000000
0.000047619048 -8.000000000000
0.000047619048 -7.533333333333
0.000047619048 -7.066666666667
0.000047619048 -6.600000000000
0.000047619048 -6.133333333333
0.000047619048 -5.666666666667
0.000047619048 -5.200000000000
0.000047619048 -4.733333333333
0.000047619048 -4.266666666667
0.000047619048 -3.800000000000
0.000047619048 -3.333333333333
0.000047619048 -2.866666666667
0.000047619048 -2.400000000000
0.000047619048 -1.933333333333
0.000047619048 -1.466666666667
0.000047619048 -1.000000000000
0.000047619048 -0.950214989876
0.000047619048 -0.900666572453
0.000047619048 -0.851365376462
0.000047619048 -0.802323092133
0.000047619048 -0.753552642079
0.000047619048 -0.705068391357
0.000047619048 -0.656886408743
0.000047619048 -0.609024795931
0.000047619048 -0.561504108464
0.000047619048 -0.514347903027
0.000047619048 -0.467583462777
0.000047619048 -0.421242780245
0.000047619048 -0.375363924425
0.000047619048 -0.329993002221
0.000047619048 -0.285187080642
0.000047619048 -0.241018748334
0.000047619048 -0.197583672716
0.000047619048 -0.155014146033
0.000047619048 -0.113506188896
0.000047619048 -0.073383623210
0.000047619048 -0.035301637755
0.000047619048 -0.002000000000
0.000047619048 -0.001952380952
0.000047619048 -0.001904761905
0.000047619048 -0.001857142857
0.000047619048 -0.001809523810
0.000047619048 -0.001761904762
0.000047619048 -0.001714285714
0.000047619048 -0.001666666667
0.000047619048 -0.001619047619
0.000047619048 -0.001571428571
0.000047619048 -0.001523809524
0.000047619048 -0.001476190476
0.000047619048 -0.001428571429
0.000047619048 -0.001380952381
0.000047619048 -0.001333333333
0.000047619048 -0.001285714286
0.000047619048 -0.001238095238
0.000047619048 -0.001190476190
0.000047619048 -0.001142857143
0.000047619048 -0.001095238095
0.000047619048 -0.001047619048
0.000047619048 -0.001000000000
0.000047619048 -0.000952380952
0.000047619048 -0.000904761905
0.000047619048 -0.000857142857
0.000047619048 -0.000809523810
0.000047619048 -0.000761904762
0.000047619048 -0.000714285714
0.000047619048 -0.000666666667
0.000047619048 -0.000619047619
0.000047619048 -0.000571428571
0.000047619048 -0.000523809524
0.000047619048 -0.000476190476
0.000047619048 -0.000428571429
0.000047619048 -0.000380952381
0.000047619048 -0.000333333333
0.000047619048 -0.000285714286
0.000047619048 -0.000238095238
0.000047619048 -0.000190476190
0.000047619048 -0.000142857143
0.000047619048 -0.000095238095
0.000047619048 -0.000047619048
0.000047619048 0.000000000000
0.000047619048 0.000047619048
0.000047619048 0.000095238095
0.000047619048 0.000142857143
0.000047619048 0.000190476190
0.000047619048 0.000238095238
0.000047619048 0.000285714286
0.000047619048 0.000333333333
0.000047619048 0.000380952381
0.000047619048 0.000428571429
0.000047619048 0.000476190476
0.000047619048 0.000523809524
0.000047619048 0.000571428571
0.000047619048 0.000619047619
0.000047619048 0.000666666667
0.000047619048 0.000714285714
0.000047619048 0.000761904762
0.000047619048 0.000809523810
0.000047619048 0.000857142857
0.000047619048 0.000904761905
0.000047619048 0.000952380952
0.000047619048 0.001000000000
0.000047619048 0.001047619048
0.000047619048 0.001095238095
0.000047619048 0.001142857143
0.000047619048 0.001190476190
0.000047619048 0.001238095238
0.000047619048 0.001285714286
0.000047619048 0.001333333333
0.000047619048 0.001380952381
0.000047619048 0.001428571429
0.000047619048 0.001476190476
0.000047619048 0.001523809524
0.000047619048 0.001571428571
0.000047619048 0.001619047619
0.000047619048 0.001666666667
0.000047619048 0.001714285714
0.000047619048 0.001761904762
0.000047619048 0.001809523810
0.000047619048 0.001857142857
0.000047619048 0.001904761905
0.000047619048 0.001952380952
0.000047619048 0.002000000000
0.000047619048 0.035301637755
0.000047619048 0.073383623210
0.000047619048 0.113506188896
0.000047619048 0.155014146033
0.000047619048 0.197583672716
0.000047619048 0.241018748334
0.000047619048 0.285187080642
0.000047619048 0.329993002221
0.000047619048 0.375363924425
0.000047619048 0.421242780245
0.000047619048 0.467583462777
0.000047619048 0.514347903027
0.000047619048 0.561504108464
0.000047619048 0.609024795931
0.000047619048 0.656886408743
0.000047619048 0.705068391357
0.000047619048 0.753552642079
0.000047619048 0.802323092133
0.000047619048 0.851365376462
0.000047619048 0.900666572453
0.000047619048 0.950214989876
0.000047619048 1.000000000000
0.000047619048 1.466666666667
0.000047619048 1.933333333333
0.000047619048 2.400000000000
0.000047619048 2.866666666667
0.000047619048 3.333333333333
0.000047619048 3.800000000000
0.000047619048 4.266666666667
0.000047619048 4.733333333333
0.000047619048 5.200000000000
0.000047619048 5.666666666667
0.000047619048 6.133333333333
0.000047619048 6.600000000000
0.000047619048 7.066666666667
0.000047619048 7.533333333333
0.000047619048 8.000000000000
0.000047619048 10.000000000000
0.000047619048 12.000000000000
0.000047619048 14.000000000000
0.000047619048 16.000000000000
0.000047619048 18.000000000000
0.000047619048 20.000000000000
0.000047619048 22.000000000000
0.000047619048 24.000000000000
0.000047619048 30.000000000000
0.000047619048 36.000000000000
0.000047619048 42.000000000000
0.000047619048 48.000000000000
0.000095238095 -48.000000000000
0.000095238095 -42.000000000000
0.000095238095 -36.000000000000
0.000095238095 -30.000000000000
0.000095238095 -24.000000000000
0.000095238095 -22.000000000000
0.000095238095 -20.000000000000
0.000095238095 -18.000000000000
0.000095238095 -16.000000000000
0.000095238095 -14.000000000000
0.000095238095 -12.000000000000
0.000095238095 -10.000000000000
0.000095238095 -8.000000000000
0.000095238095 -7.533333333333
0.000095238095 -7.066666666667
0.000095238095 -6.600000000000
0.000095238095 -6.133333333333
0.000095238095 -5.666666666667
0.000095238095 -5.200000000000
0.000095238095 -4.733333333333
0.000095238095 -4.266666666667
0.000095238095 -3.800000000000
0.000095238095 -3.333333333333
0.000095238095 -2.866666666667
0.000095238095 -2.400000000000
0.000095238095 -1.933333333333
0.000095238095 -1.466666666667
0.000095238095 -1.000000000000
0.000095238095 -0.950214989876
0.000095238095 -0.900666572453
0.000095238095 -0.851365376462
0.000095238095 -0.802323092133
0.000095238095 -0.753552642079
0.000095238095 -0.705068391357
0.000095238095 -0.656886408743
0.000095238095 -0.609024795931
0.000095238095 -0.561504108464
0.000095238095 -0.514347903027
0.000095238095 -0.467583462777
0.000095238095 -0.421242780245
0.000095238095 -0.375363924425
0.000095238095 -0.329993002221
0.000095238095 -0.285187080642
0.000095238095 -0.241018748334
0.000095238095 -0.197583672716
0.000095238095 -0.155014146033
0.000095238095 -0.113506188896
0.000095238095 -0.073383623210
0.000095238095 -0.035301637755
0.000095238095 -0.002000000000
0.000095238095 -0.001952380952
0.000095238095 -0.001904761905
0.000095238095 -0.001857142857
0.000095238095 -0.001809523810
0.000095238095 -0.001761904762
0.000095238095 -0.001714285714
0.000095238095 -0.001666666667
0.000095238095 -0.001619047619
0.000095238095 -0.001571428571
0.000095238095 -0.001523809524
0.000095238095 -0.001476190476
0.000095238095 -0.001428571429
0.000095238095 -0.001380952381
0.000095238095 -0.001333333333
0.000095238095 -0.001285714286
0.000095238095 -0.001238095238
0.000095238095 -0.001190476190
0.000095238095 -0.001142857143
0.000095238095 -0.001095238095
0.000095238095 -0.001047619048
0.000095238095 -0.001000000000
0.000095238095 -0.000952380952
0.000095238095 -0.000904761905
0.000095238095 -0.000857142857
0.000095238095 -0.000809523810
0.000095238095 -0.000761904762
0.000095238095 -0.000714285714
0.000095238095 -0.000666666667
0.000095238095 -0.000619047619
0.000095238095 -0.000571428571
0.000095238095 -0.000523809524
0.000095238095 -0.000476190476
0.000095238095 -0.000428571429
0.000095238095 -0.000380952381
0.000095238095 -0.000333333333
0.000095238095 -0.000285714286
0.000095238095 -0.000238095238
0.000095238095 -0.000190476190
0.000095238095 -0.000142857143
0.000095238095 -0.000095238095
0.000095238095 -0.000047619048
0.000095238095 0.000000000000
0.000095238095 0.000047619048
0.000095238095 0.000095238095
0.000095238095 0.000142857143
0.000095238095 0.000190476190
0.000095238095 0.000238095238
0.000095238095 0.000285714286
0.000095238095 0.000333333333
0.000095238095 0.000380952381
0.000095238095 0.000428571429
0.000095238095 0.000476190476
0.000095238095 0.000523809524
0.000095238095 0.000571428571
0.000095238095 0.000619047619
0.000095238095 0.000666666667
0.000095238095 0.000714285714
0.000095238095 0.000761904762
0.000095238095 0.000809523810
0.000095238095 0.000857142857
0.000095238095 0.000904761905
0.000095238095 0.000952380952
0.000095238095 0.001000000000
0.000095238095 0.001047619048
0.000095238095 0.001095238095
0.000095238095 0.001142857143
0.000095238095 0.001190476190
0.000095238095 0.001238095238
0.000095238095 0.001285714286
0.000095238095 0.001333333333
0.000095238095 0.001380952381
0.000095238095 0.001428571429
0.000095238095 0.001476190476
0.000095238095 0.001523809524
0.000095238095 0.001571428571
0.000095238095 0.001619047619
0.000095238095 0.001666666667
0.000095238095 0.001714285714
0.000095238095 0.001761904762
0.000095238095 0.001809523810
0.000095238095 0.001857142857
0.000095238095 0.001904761905
0.000095238095 0.001952380952
0.000095238095 0.002000000000
0.000095238095 0.035301637755
0.000095238095 0.073383623210
0.000095238095 0.113506188896
0.000095238095 0.155014146033
0.000095238095 0.197583672716
0.000095238095 0.241018748334
0.000095238095 0.285187080642
0.000095238095 0.329993002221
0.000095238095 0.375363924425
0.000095238095 0.421242780245
0.000095238095 0.467583462777
0.000095238095 0.514347903027
0.000095238095 0.561504108464
0.000095238095 0.609024795931
0.000095238095 0.656886408743
0.000095238095 0.705068391357
0.000095238095 0.753552642079
0.000095238095 0.802323092133
0.000095238095 0.851365376462
0.000095238095 0.900666572453
0.000095238095 0.950214989876
0.000095238095 1.000000000000
0.000095238095 1.466666666667
0.000095238095 1.933333333333
0.000095238095 2.400000000000
0.000095238095 2.866666666667
0.000095238095 3.333333333333
0.000095238095 3.800000000000
0.000095238095 4.266666666667
0.000095238095 4.733333333333
0.000095238095 5.200000000000
0.000095238095 5.666666666667
0.000095238095 6.133333333333
0.000095238095 6.600000000000
0.000095238095 7.066666666667
0.000095238095 7.533333333333
0.000095238095 8.000000000000
0.000095238095 10.000000000000
0.000095238095 12.000000000000
0.000095238095 14.000000000000
0.000095238095 16.000000000000
0.000095238095 18.000000000000
0.000095238095 20.000000000000
0.000095238095 22.000000000000
0.000095238095 24.000000000000
0.000095238095 30.000000000000
0.000095238095 36.000000000000
0.000095238095 42.000000000000
0.000095238095 48.000000000000
0.000142857143 -48.000000000000
0.000142857143 -42.000000000000
0.000142857143 -36.000000000000
0.000142857143 -30.000000000000
0.000142857143 -24.000000000000
0.000142857143 -22.000000000000
0.000142857143 -20.000000000000
0.000142857143 -18.000000000000
0.000142857143 -16.000000000000
0.000142857143 -14.000000000000
0.000142857143 -12.000000000000
0.000142857143 -10.000000000000
0.000142857143 -8.000000000000
0.000142857143 -7.533333333333
0.000142857143 -7.066666666667
0.000142857143 -6.600000000000
0.000142857143 -6.133333333333
0.000142857143 -5.666666666667
0.000142857143 -5.200000000000
0.000142857143 -4.733333333333
0.000142857143 -4.266666666667
0.000142857143 -3.800000000000
0.000142857143 -3.333333333333
0.000142857143 -2.866666666667
0.000142857143 -2.400000000000
0.000142857143 -1.933333333333
0.000142857143 -1.466666666667
0.000142857143 -1.000000000000
0.000142857143 -0.950214989876
0.000142857143 -0.900666572453
0.000142857143 -0.851365376462
0.000142857143 -0.802323092133
0.000142857143 -0.753552642079
0.000142857143 -0.705068391357
0.000142857143 -0.656886408743
0.000142857143 -0.609024795931
0.000142857143 -0.561504108464
0.000142857143 -0.514347903027
0.000142857143 -0.467583462777
0.000142857143 -0.421242780245
0.000142857143 -0.375363924425
0.000142857143 -0.329993002221
0.000142857143 -0.285187080642
0.000142857143 -0.241018748334
0.000142857143 -0.197583672716
0.000142857143 -0.155014146033
0.000142857143 -0.113506188896
0.000142857143 -0.073383623210
0.000142857143 -0.035301637755
0.000142857143 -0.002000000000
0.000142857143 -0.001952380952
0.000142857143 -0.001904761905
0.000142857143 -0.001857142857
0.000142857143 -0.001809523810
0.000142857143 -0.001761904762
0.000142857143 -0.001714285714
0.000142857143 -0.001666666667
0.000142857143 -0.001619047619
0.000142857143 -0.001571428571
0.000142857143 -0.001523809524
0.000142857143 -0.001476190476
0.000142857143 -0.001428571429
0.000142857143 -0.001380952381
0.000142857143 -0.001333333333
0.000142857143 -0.001285714286
0.000142857143 -0.001238095238
0.000142857143 -0.001190476190
0.000142857143 -0.001142857143
0.000142857143 -0.001095238095
0.000142857143 -0.001047619048
0.000142857143 -0.001000000000
0.000142857143 -0.000952380952
0.000142857143 -0.000904761905
0.000142857143 -0.000857142857
0.000142857143 -0.000809523810
0.000142857143 -0.000761904762
0.000142857143 -0.000714285714
0.000142857143 -0.000666666667
0.000142857143 -0.000619047619
0.000142857143 -0.000571428571
0.000142857143 -0.000523809524
0.000142857143 -0.000476190476
0.000142857143 -0.000428571429
0.000142857143 -0.000380952381
0.000142857143 -0.000333333333
0.000142857143 -0.000285714286
0.000142857143 -0.000238095238
0.000142857143 -0.000190476190
0.000142857143 -0.000142857143
0.000142857143 -0.000095238095
0.000142857143 -0.000047619048
0.000142857143 0.000000000000
0.000142857143 0.000047619048
0.000142857143 0.000095238095
0.000142857143 0.000142857143
0.000142857143 0.000190476190
0.000142857143 0.000238095238
0.000142857143 0.000285714286
0.000142857143 0.000333333333
0.000142857143 0.000380952381
0.000142857143 0.000428571429
0.000142857143 0.000476190476
0.000142857143 0.000523809524
0.000142857143 0.000571428571
0.000142857143 0.000619047619
0.000142857143 0.000666666667
0.000142857143 0.000714285714
0.000142857143 0.000761904762
0.000142857143 0.000809523810
0.000142857143 0.000857142857
0.000142857143 0.000904761905
0.000142857143 0.000952380952
0.000142857143 0.001000000000
0.000142857143 0.001047619048
0.000142857143 0.001095238095
0.000142857143 0.001142857143
0.000142857143 0.001190476190
0.000142857143 0.001238095238
0.000142857143 0.001285714286
0.000142857143 0.001333333333
0.000142857143 0.001380952381
0.000142857143 0.001428571429
0.000142857143 0.001476190476
0.000142857143 0.001523809524
0.000142857143 0.001571428571
0.000142857143 0.001619047619
0.000142857143 0.001666666667
0.000142857143 0.001714285714
0.000142857143 0.001761904762
0.000142857143 0.001809523810
0.000142857143 0.001857142857
0.000142857143 0.001904761905
0.000142857143 0.001952380952
0.000142857143 0.002000000000
0.000142857143 0.035301637755
0.000142857143 0.073383623210
0.000142857143 0.113506188896
0.000142857143 0.155014146033
0.000142857143 0.197583672716
0.000142857143 0.241018748334
0.000142857143 0.285187080642
0.000142857143 0.329993002221
0.000142857143 0.375363924425
0.000142857143 0.421242780245
0.000142857143 0.467583462777
0.000142857143 0.514347903027
0.000142857143 0.561504108464
0.000142857143 0.609024795931
0.000142857143 0.656886408743
0.000142857143 0.705068391357
0.000142857143 0.753552642079
0.000142857143 0.802323092133
0.000142857143 0.851365376462
0.000142857143 0.900666572453
0.000142857143 0.950214989876
0.000142857143 1.000000000000
0.000142857143 1.466666666667
0.000142857143 1.933333333333
0.000142857143 2.400000000000
0.000142857143 2.866666666667
0.000142857143 3.333333333333
0.000142857143 3.800000000000
0.000142857143 4.266666666667
0.000142857143 4.733333333333
0.000142857143 5.200000000000
0.000142857143 5.666666666667
0.000142857143 6.133333333333
0.000142857143 6.600000000000
0.000142857143 7.066666666667
0.000142857143 7.533333333333
0.000142857143 8.000000000000
0.000142857143 10.000000000000
0.000142857143 12.000000000000
0.000142857143 14.000000000000
0.000142857143 16.000000000000
0.000142857143 18.000000000000
0.000142857143 20.000000000000
0.000142857143 22.000000000000
0.000142857143 24.000000000000
0.000142857143 30.000000000000
0.000142857143 36.000000000000
0.000142857143 42.000000000000
0.000142857143 48.000000000000
0.000190476190 -48.000000000000
0.000190476190 -42.000000000000
0.000190476190 -36.000000000000
0.000190476190 -30.000000000000
0.000190476190 -24.000000000000
0.000190476190 -22.000000000000
0.000190476190 -20.000000000000
0.000190476190 -18.000000000000
0.000190476190 -16.000000000000
0.000190476190 -14.000000000000
0.000190476190 -12.000000000000
0.000190476190 -10.000000000000
0.000190476190 -8.000000000000
0.000190476190 -7.533333333333
0.000190476190 -7.066666666667
0.000190476190 -6.600000000000
0.000190476190 -6.133333333333
0.000190476190 -5.666666666667
0.000190476190 -5.200000000000
0.000190476190 -4.733333333333
0.000190476190 -4.266666666667
0.000190476190 -3.800000000000
0.000190476190 -3.333333333333
0.000190476190 -2.866666666667
0.000190476190 -2.400000000000
0.000190476190 -1.933333333333
0.000190476190 -1.466666666667
0.000190476190 -1.000000000000
0.000190476190 -0.950214989876
0.000190476190 -0.900666572453
0.000190476190 -0.851365376462
0.000190476190 -0.802323092133
0.000190476190 -0.753552642079
0.000190476190 -0.705068391357
0.000190476190 -0.656886408743
0.000190476190 -0.609024795931
0.000190476190 -0.561504108464
0.000190476190 -0.514347903027
0.000190476190 -0.467583462777
0.000190476190 -0.421242780245
0.000190476190 -0.375363924425
0.000190476190 -0.329993002221
0.000190476190 -0.285187080642
0.000190476190 -0.241018748334
0.000190476190 -0.197583672716
0.000190476190 -0.155014146033
0.000190476190 -0.113506188896
0.000190476190 -0.073383623210
0.000190476190 -0.035301637755
0.000190476190 -0.002000000000
0.000190476190 -0.001952380952
0.000190476190 -0.001904761905
0.000190476190 -0.001857142857
0.000190476190 -0.001809523810
0.000190476190 -0.001761904762
0.000190476190 -0.001714285714
0.000190476190 -0.001666666667
0.000190476190 -0.001619047619
0.000190476190 -0.001571428571
0.000190476190 -0.001523809524
0.000190476190 -0.001476190476
0.000190476190 -0.001428571429
0.000190476190 -0.001380952381
0.000190476190 -0.001333333333
0.000190476190 -0.001285714286
0.000190476190 -0.001238095238
0.000190476190 -0.001190476190
0.000190476190 -0.001142857143
0.000190476190 -0.001095238095
0.000190476190 -0.001047619048
0.000190476190 -0.001000000000
0.000190476190 -0.000952380952
0.000190476190 -0.000904761905
0.000190476190 -0.000857142857
0.000190476190 -0.000809523810
0.000190476190 -0.000761904762
0.000190476190 -0.000714285714
0.000190476190 -0.000666666667
0.000190476190 -0.000619047619
0.000190476190 -0.000571428571
0.000190476190 -0.000523809524
0.000190476190 -0.000476190476
0.000190476190 -0.000428571429
0.000190476190 -0.000380952381
0.000190476190 -0.000333333333
0.000190476190 -0.000285714286
0.000190476190 -0.000238095238
0.000190476190 -0.000190476190
0.000190476190 -0.000142857143
0.000190476190 -0.000095238095
0.000190476190 -0.000047619048
0.000190476190 0.000000000000
0.000190476190 0.000047619048
0.000190476190 0.000095238095
0.000190476190 0.000142857143
0.000190476190 0.000190476190
0.000190476190 0.000238095238
0.000190476190 0.000285714286
0.000190476190 0.000333333333
0.000190476190 0.000380952381
0.000190476190 0.000428571429
0.000190476190 0.000476190476
0.000190476190 0.000523809524
0.000190476190 0.000571428571
0.000190476190 0.000619047619
0.000190476190 0.000666666667
0.000190476190 0.000714285714
0.000190476190 0.000761904762
0.000190476190 0.000809523810
0.000190476190 0.000857142857
0.000190476190 0.000904761905
0.000190476190 0.000952380952
0.000190476190 0.001000000000
0.000190476190 0.001047619048
0.000190476190 0.001095238095
0.000190476190 0.001142857143
0.000190476190 0.001190476190
0.000190476190 0.001238095238
0.000190476190 0.001285714286
0.000190476190 0.001333333333
0.000190476190 0.001380952381
0.000190476190 0.001428571429
0.000190476190 0.001476190476
0.000190476190 0.001523809524
0.000190476190 0.001571428571
0.000190476190 0.001619047619
0.000190476190 0.001666666667
0.000190476190 0.001714285714
0.000190476190 0.001761904762
0.000190476190 0.001809523810
0.000190476190 0.001857142857
0.000190476190 0.001904761905
0.000190476190 0.001952380952
0.000190476190 0.002000000000
0.000190476190 0.035301637755
0.000190476190 0.073383623210
0.000190476190 0.113506188896
0.000190476190 0.155014146033
0.000190476190 0.197583672716
0.000190476190 0.241018748334
0.000190476190 0.285187080642
0.000190476190 0.329993002221
0.000190476190 0.375363924425
0.000190476190 0.421242780245
0.000190476190 0.467583462777
0.000190476190 0.514347903027
0.000190476190 0.561504108464
0.000190476190 0.609024795931
0.000190476190 0.656886408743
0.000190476190 0.705068391357
0.000190476190 0.753552642079
0.000190476190 0.802323092133
0.000190476190 0.851365376462
0.000190476190 0.900666572453
0.000190476190 0.950214989876
0.000190476190 1.000000000000
0.000190476190 1.466666666667
0.000190476190 1.933333333333
0.000190476190 2.400000000000
0.000190476190 2.866666666667
0.000190476190 3.333333333333
0.000190476190 3.800000000000
0.000190476190 4.266666666667
0.000190476190 4.733333333333
0.000190476190 5.200000000000
0.000190476190 5.666666666667
0.000190476190 6.133333333333
0.000190476190 6.600000000000
0.000190476190 7.066666666667
0.000190476190 7.533333333333
0.000190476190 8.000000000000
0.000190476190 10.000000000000
0.000190476190 12.000000000000
0.000190476190 14.000000000000
0.000190476190 16.000000000000
0.000190476190 18.000000000000
0.000190476190 20.000000000000
0.000190476190 22.000000000000
0.000190476190 24.000000000000
0.000190476190 30.000000000000
0.000190476190 36.000000000000
0.000190476190 42.000000000000
0.000190476190 48.000000000000
0.000238095238 -48.000000000000
0.000238095238 -42.000000000000
0.000238095238 -36.000000000000
0.000238095238 -30.000000000000
0.000238095238 -24.000000000000
0.000238095238 -22.000000000000
0.000238095238 -20.000000000000
0.000238095238 -18.000000000000
0.000238095238 -16.000000000000
0.000238095238 -14.000000000000
0.000238095238 -12.000000000000
0.000238095238 -10.000000000000
0.000238095238 -8.000000000000
0.000238095238 -7.533333333333
0.000238095238 -7.066666666667
0.000238095238 -6.600000000000
0.000238095238 -6.133333333333
0.000238095238 -5.666666666667
0.000238095238 -5.200000000000
0.000238095238 -4.733333333333
0.000238095238 -4.266666666667
0.000238095238 -3.800000000000
0.000238095238 -3.333333333333
0.000238095238 -2.866666666667
0.000238095238 -2.400000000000
0.000238095238 -1.933333333333
0.000238095238 -1.466666666667
0.000238095238 -1.000000000000
0.000238095238 -0.950214989876
0.000238095238 -0.900666572453
0.000238095238 -0.851365376462
0.000238095238 -0.802323092133
0.000238095238 -0.753552642079
0.000238095238 -0.705068391357
0.000238095238 -0.656886408743
0.000238095238 -0.609024795931
0.000238095238 -0.561504108464
0.000238095238 -0.514347903027
0.000238095238 -0.467583462777
0.000238095238 -0.421242780245
0.000238095238 -0.375363924425
0.000238095238 -0.329993002221
0.000238095238 -0.285187080642
0.000238095238 -0.241018748334
0.000238095238 -0.197583672716
0.000238095238 -0.155014146033
0.000238095238 -0.113506188896
0.000238095238 -0.073383623210
0.000238095238 -0.035301637755
0.000238095238 -0.002000000000
0.000238095238 -0.001952380952
0.000238095238 -0.001904761905
0.000238095238 -0.001857142857
0.000238095238 -0.001809523810
0.000238095238 -0.001761904762
0.000238095238 -0.001714285714
0.000238095238 -0.001666666667
0.000238095238 -0.001619047619
0.000238095238 -0.001571428571
0.000238095238 -0.001523809524
0.000238095238 -0.001476190476
0.000238095238 -0.001428571429
0.000238095238 -0.001380952381
0.000238095238 -0.001333333333
0.000238095238 -0.001285714286
0.000238095238 -0.001238095238
0.000238095238 -0.001190476190
0.000238095238 -0.001142857143
0.000238095238 -0.001095238095
0.000238095238 -0.001047619048
0.000238095238 -0.001000000000
0.000238095238 -0.000952380952
0.000238095238 -0.000904761905
0.000238095238 -0.000857142857
0.000238095238 -0.000809523810
0.000238095238 -0.000761904762
0.000238095238 -0.000714285714
0.000238095238 -0.000666666667
0.000238095238 -0.000619047619
0.000238095238 -0.000571428571
0.000238095238 -0.000523809524
0.000238095238 -0.000476190476
0.000238095238 -0.000428571429
0.000238095238 -0.000380952381
0.000238095238 -0.000333333333
0.000238095238 -0.000285714286
0.000238095238 -0.000238095238
0.000238095238 -0.000190476190
0.000238095238 -0.000142857143
0.000238095238 -0.000095238095
0.000238095238 -0.000047619048
0.000238095238 0.000000000000
0.000238095238 0.000047619048
0.000238095238 0.000095238095
0.000238095238 0.000142857143
0.000238095238 0.000190476190
0.000238095238 0.000238095238
0.000238095238 0.000285714286
0.000238095238 0.000333333333
0.000238095238 0.000380952381
0.000238095238 0.000428571429
0.000238095238 0.000476190476
0.000238095238 0.000523809524
0.000238095238 0.000571428571
0.000238095238 0.000619047619
0.000238095238 0.000666666667
0.000238095238 0.000714285714
0.000238095238 0.000761904762
0.000238095238 0.000809523810
0.000238095238 0.000857142857
0.000238095238 0.000904761905
0.000238095238 0.000952380952
0.000238095238 0.001000000000
0.000238095238 0.001047619048
0.000238095238 0.001095238095
0.000238095238 0.001142857143
0.000238095238 0.001190476190
0.000238095238 0.001238095238
0.000238095238 0.001285714286
0.000238095238 0.001333333333
0.000238095238 0.001380952381
0.000238095238 0.001428571429
0.000238095238 0.001476190476
0.000238095238 0.001523809524
0.000238095238 0.001571428571
0.000238095238 0.001619047619
0.000238095238 0.001666666667
0.000238095238 0.001714285714
0.000238095238 0.001761904762
0.000238095238 0.001809523810
0.000238095238 0.001857142857
0.000238095238 0.001904761905
0.000238095238 0.001952380952
0.000238095238 0.002000000000
0.000238095238 0.035301637755
0.000238095238 0.073383623210
0.000238095238 0.113506188896
0.000238095238 0.155014146033
0.000238095238 0.197583672716
0.000238095238 0.241018748334
0.000238095238 0.285187080642
0.000238095238 0.329993002221
0.000238095238 0.375363924425
0.000238095238 0.421242780245
0.000238095238 0.467583462777
0.000238095238 0.514347903027
0.000238095238 0.561504108464
0.000238095238 0.609024795931
0.000238095238 0.656886408743
0.000238095238 0.705068391357
0.000238095238 0.753552642079
0.000238095238 0.802323092133
0.000238095238 0.851365376462
0.000238095238 0.900666572453
0.000238095238 0.950214989876
0.000238095238 1.000000000000
0.000238095238 1.466666666667
0.000238095238 1.933333333333
0.000238095238 2.400000000000
0.000238095238 2.866666666667
0.000238095238 3.333333333333
0.000238095238 3.800000000000
0.000238095238 4.266666666667
0.000238095238 4.733333333333
0.000238095238 5.200000000000
0.000238095238 5.666666666667
0.000238095238 6.133333333333
0.000238095238 6.600000000000
0.000238095238 7.066666666667
0.000238095238 7.533333333333
0.000238095238 8.000000000000
0.000238095238 10.000000000000
0.000238095238 12.000000000000
0.000238095238 14.000000000000
0.000238095238 16.000000000000
0.000238095238 18.000000000000
0.000238095238 20.000000000000
0.000238095238 22.000000000000
0.000238095238 24.000000000000
0.000238095238 30.000000000000
0.000238095238 36.000000000000
0.000238095238 42.000000000000
0.000238095238 48.000000000000
0.000285714286 -48.000000000000
0.000285714286 -42.000000000000
0.000285714286 -36.000000000000
0.000285714286 -30.000000000000
0.000285714286 -24.000000000000
0.000285714286 -22.000000000000
0.000285714286 -20.000000000000
0.000285714286 -18.000000000000
0.000285714286 -16.000000000000
0.000285714286 -14.000000000000
0.000285714286 -12.000000000000
0.000285714286 -10.000000000000
0.000285714286 -8.000000000000
0.000285714286 -7.533333333333
0.000285714286 -7.066666666667
0.000285714286 -6.600000000000
0.000285714286 -6.133333333333
0.000285714286 -5.666666666667
0.000285714286 -5.200000000000
0.000285714286 -4.733333333333
0.000285714286 -4.266666666667
0.000285714286 -3.800000000000
0.000285714286 -3.333333333333
0.000285714286 -2.866666666667
0.000285714286 -2.400000000000
0.000285714286 -1.933333333333
0.000285714286 -1.466666666667
0.000285714286 -1.000000000000
0.000285714286 -0.950214989876
0.000285714286 -0.900666572453
0.000285714286 -0.851365376462
0.000285714286 -0.802323092133
0.000285714286 -0.753552642079
0.000285714286 -0.705068391357
0.000285714286 -0.656886408743
0.000285714286 -0.609024795931
0.000285714286 -0.561504108464
0.000285714286 -0.514347903027
0.000285714286 -0.467583462777
0.000285714286 -0.421242780245
0.000285714286 -0.375363924425
0.000285714286 -0.329993002221
0.000285714286 -0.285187080642
0.000285714286 -0.241018748334
0.000285714286 -0.197583672716
0.000285714286 -0.155014146033
0.000285714286 -0.113506188896
0.000285714286 -0.073383623210
0.000285714286 -0.035301637755
0.000285714286 -0.002000000000
0.000285714286 -0.001952380952
0.000285714286 -0.001904761905
0.000285714286 -0.001857142857
0.000285714286 -0.001809523810
0.000285714286 -0.001761904762
0.000285714286 -0.001714285714
0.000285714286 -0.001666666667
0.000285714286 -0.001619047619
0.000285714286 -0.001571428571
0.000285714286 -0.001523809524
0.000285714286 -0.001476190476
0.000285714286 -0.001428571429
0.000285714286 -0.001380952381
0.000285714286 -0.001333333333
0.000285714286 -0.001285714286
0.000285714286 -0.001238095238
0.000285714286 -0.001190476190
0.000285714286 -0.001142857143
0.000285714286 -0.001095238095
0.000285714286 -0.001047619048
0.000285714286 -0.001000000000
0.000285714286 -0.000952380952
0.000285714286 -0.000904761905
0.000285714286 -0.000857142857
0.000285714286 -0.000809523810
0.000285714286 -0.000761904762
0.000285714286 -0.000714285714
0.000285714286 -0.000666666667
0.000285714286 -0.000619047619
0.000285714286 -0.000571428571
0.000285714286 -0.000523809524
0.000285714286 -0.000476190476
0.000285714286 -0.000428571429
0.000285714286 -0.000380952381
0.000285714286 -0.000333333333
0.000285714286 -0.000285714286
0.000285714286 -0.000238095238
0.000285714286 -0.000190476190
0.000285714286 -0.000142857143
0.000285714286 -0.000095238095
0.000285714286 -0.000047619048
0.000285714286 0.000000000000
0.000285714286 0.000047619048
0.000285714286 0.000095238095
0.000285714286 0.000142857143
0.000285714286 0.000190476190
0.000285714286 0.000238095238
0.000285714286 0.000285714286
0.000285714286 0.000333333333
0.000285714286 0.000380952381
0.000285714286 0.000428571429
0.000285714286 0.000476190476
0.000285714286 0.000523809524
0.000285714286 0.000571428571
0.000285714286 0.000619047619
0.000285714286 0.000666666667
0.000285714286 0.000714285714
0.000285714286 0.000761904762
0.000285714286 0.000809523810
0.000285714286 0.000857142857
0.000285714286 0.000904761905
0.000285714286 0.000952380952
0.000285714286 0.001000000000
0.000285714286 0.001047619048
0.000285714286 0.001095238095
0.000285714286 0.001142857143
0.000285714286 0.001190476190
0.000285714286 0.001238095238
0.000285714286 0.001285714286
0.000285714286 0.001333333333
0.000285714286 0.001380952381
0.000285714286 0.001428571429
0.000285714286 0.001476190476
0.000285714286 0.001523809524
0.000285714286 0.001571428571
0.000285714286 0.001619047619
0.000285714286 0.001666666667
0.000285714286 0.001714285714
0.000285714286 0.001761904762
0.000285714286 0.001809523810
0.000285714286 0.001857142857
0.000285714286 0.001904761905
0.000285714286 0.001952380952
0.000285714286 0.002000000000
0.000285714286 0.035301637755
0.000285714286 0.073383623210
0.000285714286 0.113506188896
0.000285714286 0.155014146033
0.000285714286 0.197583672716
0.000285714286 0.241018748334
0.000285714286 0.285187080642
0.000285714286 0.329993002221
0.000285714286 0.375363924425
0.000285714286 0.421242780245
0.000285714286 0.467583462777
0.000285714286 0.514347903027
0.000285714286 0.561504108464
0.000285714286 0.609024795931
0.000285714286 0.656886408743
0.000285714286 0.705068391357
0.000285714286 0.753552642079
0.000285714286 0.802323092133
0.000285714286 0.851365376462
0.000285714286 0.900666572453
0.000285714286 0.950214989876
0.000285714286 1.000000000000
0.000285714286 1.466666666667
0.000285714286 1.933333333333
0.000285714286 2.400000000000
0.000285714286 2.866666666667
0.000285714286 3.333333333333
0.000285714286 3.800000000000
0.000285714286 4.266666666667
0.000285714286 4.733333333333
0.000285714286 5.200000000000
0.000285714286 5.666666666667
0.000285714286 6.133333333333
0.000285714286 6.600000000000
0.000285714286 7.066666666667
0.000285714286 7.533333333333
0.000285714286 8.000000000000
0.000285714286 10.000000000000
0.000285714286 12.000000000000
0.000285714286 14.000000000000
0.000285714286 16.000000000000
0.000285714286 18.000000000000
0.000285714286 20.000000000000
0.000285714286 22.000000000000
0.000285714286 24.000000000000
0.000285714286 30.000000000000
0.000285714286 36.000000000000
0.000285714286 42.000000000000
0.000285714286 48.000000000000
0.000333333333 -48.000000000000
0.000333333333 -42.000000000000
0.000333333333 -36.000000000000
0.000333333333 -30.000000000000
0.000333333333 -24.000000000000
0.000333333333 -22.000000000000
0.000333333333 -20.000000000000
0.000333333333 -18.000000000000
0.000333333333 -16.000000000000
0.000333333333 -14.000000000000
0.000333333333 -12.000000000000
0.000333333333 -10.000000000000
0.000333333333 -8.000000000000
0.000333333333 -7.533333333333
0.000333333333 -7.066666666667
0.000333333333 -6.600000000000
0.000333333333 -6.133333333333
0.000333333333 -5.666666666667
0.000333333333 -5.200000000000
0.000333333333 -4.733333333333
0.000333333333 -4.266666666667
0.000333333333 -3.800000000000
0.000333333333 -3.333333333333
0.000333333333 -2.866666666667
0.000333333333 -2.400000000000
0.000333333333 -1.933333333333
0.000333333333 -1.466666666667
0.000333333333 -1.000000000000
0.000333333333 -0.950214989876
0.000333333333 -0.900666572453
0.000333333333 -0.851365376462
0.000333333333 -0.802323092133
0.000333333333 -0.753552642079
0.000333333333 -0.705068391357
0.000333333333 -0.656886408743
0.000333333333 -0.609024795931
0.000333333333 -0.561504108464
0.000333333333 -0.514347903027
0.000333333333 -0.467583462777
0.000333333333 -0.421242780245
0.000333333333 -0.375363924425
0.000333333333 -0.329993002221
0.000333333333 -0.285187080642
0.000333333333 -0.241018748334
0.000333333333 -0.197583672716
0.000333333333 -0.155014146033
0.000333333333 -0.113506188896
0.000333333333 -0.073383623210
0.000333333333 -0.035301637755
0.000333333333 -0.002000000000
0.000333333333 -0.001952380952
0.000333333333 -0.001904761905
0.000333333333 -0.001857142857
0.000333333333 -0.001809523810
0.000333333333 -0.001761904762
0.000333333333 -0.001714285714
0.000333333333 -0.001666666667
0.000333333333 -0.001619047619
0.000333333333 -0.001571428571
0.000333333333 -0.001523809524
0.000333333333 -0.001476190476
0.000333333333 -0.001428571429
0.000333333333 -0.001380952381
0.000333333333 -0.001333333333
0.000333333333 -0.001285714286
0.000333333333 -0.001238095238
0.000333333333 -0.001190476190
0.000333333333 -0.001142857143
0.000333333333 -0.001095238095
0.000333333333 -0.001047619048
0.000333333333 -0.001000000000
0.000333333333 -0.000952380952
0.000333333333 -0.000904761905
0.000333333333 -0.000857142857
0.000333333333 -0.000809523810
0.000333333333 -0.000761904762
0.000333333333 -0.000714285714
0.000333333333 -0.000666666667
0.000333333333 -0.000619047619
0.000333333333 -0.000571428571
0.000333333333 -0.000523809524
0.000333333333 -0.000476190476
0.000333333333 -0.000428571429
0.000333333333 -0.000380952381
0.000333333333 -0.000333333333
0.000333333333 -0.000285714286
0.000333333333 -0.000238095238
0.000333333333 -0.000190476190
0.000333333333 -0.000142857143
0.000333333333 -0.000095238095
0.000333333333 -0.000047619048
0.000333333333 0.000000000000
0.000333333333 0.000047619048
0.000333333333 0.000095238095
0.000333333333 0.000142857143
0.000333333333 0.000190476190
0.000333333333 0.000238095238
0.000333333333 0.000285714286
0.000333333333 0.000333333333
0.000333333333 0.000380952381
0.000333333333 0.000428571429
0.000333333333 0.000476190476
0.000333333333 0.000523809524
0.000333333333 0.000571428571
0.000333333333 0.000619047619
0.000333333333 0.000666666667
0.000333333333 0.000714285714
0.000333333333 0.000761904762
0.000333333333 0.000809523810
0.000333333333 0.000857142857
0.000333333333 0.000904761905
0.000333333333 0.000952380952
0.000333333333 0.001000000000
0.000333333333 0.001047619048
0.000333333333 0.001095238095
0.000333333333 0.001142857143
0.000333333333 0.001190476190
0.000333333333 0.001238095238
0.000333333333 0.001285714286
0.000333333333 0.001333333333
0.000333333333 0.001380952381
0.000333333333 0.001428571429
0.000333333333 0.001476190476
0.000333333333 0.001523809524
0.000333333333 0.001571428571
0.000333333333 0.001619047619
0.000333333333 0.001666666667
0.000333333333 0.001714285714
0.000333333333 0.001761904762
0.000333333333 0.001809523810
0.000333333333 0.001857142857
0.000333333333 0.001904761905
0.000333333333 0.001952380952
0.000333333333 0.002000000000
0.000333333333 0.035301637755
0.000333333333 0.073383623210
0.000333333333 0.113506188896
0.000333333333 0.155014146033
0.000333333333 0.197583672716
0.000333333333 0.241018748334
0.000333333333 0.285187080642
0.000333333333 0.329993002221
0.000333333333 0.375363924425
0.000333333333 0.421242780245
0.000333333333 0.467583462777
0.000333333333 0.514347903027
0.000333333333 0.561504108464
0.000333333333 0.609024795931
0.000333333333 0.656886408743
0.000333333333 0.705068391357
0.000333333333 0.753552642079
0.000333333333 0.802323092133
0.000333333333 0.851365376462
0.000333333333 0.900666572453
0.000333333333 0.950214989876
0.000333333333 1.000000000000
0.000333333333 1.466666666667
0.000333333333 1.933333333333
0.000333333333 2.400000000000
0.000333333333 2.866666666667
0.000333333333 3.333333333333
0.000333333333 3.800000000000
0.000333333333 4.266666666667
0.000333333333 4.733333333333
0.000333333333 5.200000000000
0.000333333333 5.666666666667
0.000333333333 6.133333333333
0.000333333333 6.600000000000
0.000333333333 7.066666666667
0.000333333333 7.533333333333
0.000333333333 8.000000000000
0.000333333333 10.000000000000
0.000333333333 12.000000000000
0.000333333333 14.000000000000
0.000333333333 16.000000000000
0.000333333333 18.000000000000
0.000333333333 20.000000000000
0.000333333333 22.000000000000
0.000333333333 24.000000000000
0.000333333333 30.000000000000
0.000333333333 36.000000000000
0.000333333333 42.000000000000
0.000333333333 48.000000000000
0.000380952381 -48.000000000000
0.000380952381 -42.000000000000
0.000380952381 -36.000000000000
0.000380952381 -30.000000000000
0.000380952381 -24.000000000000
0.000380952381 -22.000000000000
0.000380952381 -20.000000000000
0.000380952381 -18.000000000000
0.000380952381 -16.000000000000
0.000380952381 -14.000000000000
0.000380952381 -12.000000000000
0.000380952381 -10.000000000000
0.000380952381 -8.000000000000
0.000380952381 -7.533333333333
0.000380952381 -7.066666666667
0.000380952381 -6.600000000000
0.000380952381 -6.133333333333
0.000380952381 -5.666666666667
0.000380952381 -5.200000000000
0.000380952381 -4.733333333333
0.000380952381 -4.266666666667
0.000380952381 -3.800000000000
0.000380952381 -3.333333333333
0.000380952381 -2.866666666667
0.000380952381 -2.400000000000
0.000380952381 -1.933333333333
0.000380952381 -1.466666666667
0.000380952381 -1.000000000000
0.000380952381 -0.950214989876
0.000380952381 -0.900666572453
0.000380952381 -0.851365376462
0.000380952381 -0.802323092133
0.000380952381 -0.753552642079
0.000380952381 -0.705068391357
0.000380952381 -0.656886408743
0.000380952381 -0.609024795931
0.000380952381 -0.561504108464
0.000380952381 -0.514347903027
0.000380952381 -0.467583462777
0.000380952381 -0.421242780245
0.000380952381 -0.375363924425
0.000380952381 -0.329993002221
0.000380952381 -0.285187080642
0.000380952381 -0.241018748334
0.000380952381 -0.197583672716
0.000380952381 -0.155014146033
0.000380952381 -0.113506188896
0.000380952381 -0.073383623210
0.000380952381 -0.035301637755
0.000380952381 -0.002000000000
0.000380952381 -0.001952380952
0.000380952381 -0.001904761905
0.000380952381 -0.001857142857
0.000380952381 -0.001809523810
0.000380952381 -0.001761904762
0.000380952381 -0.001714285714
0.000380952381 -0.001666666667
0.000380952381 -0.001619047619
0.000380952381 -0.001571428571
0.000380952381 -0.001523809524
0.000380952381 -0.001476190476
0.000380952381 -0.001428571429
0.000380952381 -0.001380952381
0.000380952381 -0.001333333333
0.000380952381 -0.001285714286
0.000380952381 -0.001238095238
0.000380952381 -0.001190476190
0.000380952381 -0.001142857143
0.000380952381 -0.001095238095
0.000380952381 -0.001047619048
0.000380952381 -0.001000000000
0.000380952381 -0.000952380952
0.000380952381 -0.000904761905
0.000380952381 -0.000857142857
0.000380952381 -0.000809523810
0.000380952381 -0.000761904762
0.000380952381 -0.000714285714
0.000380952381 -0.000666666667
0.000380952381 -0.000619047619
0.000380952381 -0.000571428571
0.000380952381 -0.000523809524
0.000380952381 -0.000476190476
0.000380952381 -0.000428571429
0.000380952381 -0.000380952381
0.000380952381 -0.000333333333
0.000380952381 -0.000285714286
0.000380952381 -0.000238095238
0.000380952381 -0.000190476190
0.000380952381 -0.000142857143
0.000380952381 -0.000095238095
0.000380952381 -0.000047619048
0.000380952381 0.000000000000
0.000380952381 0.000047619048
0.000380952381 0.000095238095
0.000380952381 0.000142857143
0.000380952381 0.000190476190
0.000380952381 0.000238095238
0.000380952381 0.000285714286
0.000380952381 0.000333333333
0.000380952381 0.000380952381
0.000380952381 0.000428571429
0.000380952381 0.000476190476
0.000380952381 0.000523809524
0.000380952381 0.000571428571
0.000380952381 0.000619047619
0.000380952381 0.000666666667
0.000380952381 0.000714285714
0.000380952381 0.000761904762
0.000380952381 0.000809523810
0.000380952381 0.000857142857
0.000380952381 0.000904761905
0.000380952381 0.000952380952
0.000380952381 0.001000000000
0.000380952381 0.001047619048
0.000380952381 0.001095238095
0.000380952381 0.001142857143
0.000380952381 0.001190476190
0.000380952381 0.001238095238
0.000380952381 0.001285714286
0.000380952381 0.001333333333
0.000380952381 0.001380952381
0.000380952381 0.001428571429
0.000380952381 0.001476190476
0.000380952381 0.001523809524
0.000380952381 0.001571428571
0.000380952381 0.001619047619
0.000380952381 0.001666666667
0.000380952381 0.001714285714
0.000380952381 0.001761904762
0.000380952381 0.001809523810
0.000380952381 0.001857142857
0.000380952381 0.001904761905
0.000380952381 0.001952380952
0.000380952381 0.002000000000
0.000380952381 0.035301637755
0.000380952381 0.073383623210
0.000380952381 0.113506188896
0.000380952381 0.155014146033
0.000380952381 0.197583672716
0.000380952381 0.241018748334
0.000380952381 0.285187080642
0.000380952381 0.329993002221
0.000380952381 0.375363924425
0.000380952381 0.421242780245
0.000380952381 0.467583462777
0.000380952381 0.514347903027
0.000380952381 0.561504108464
0.000380952381 0.609024795931
0.000380952381 0.656886408743
0.000380952381 0.705068391357
0.000380952381 0.753552642079
0.000380952381 0.802323092133
0.000380952381 0.851365376462
0.000380952381 0.900666572453
0.000380952381 0.950214989876
0.000380952381 1.000000000000
0.000380952381 1.466666666667
0.000380952381 1.933333333333
0.000380952381 2.400000000000
0.000380952381 2.866666666667
0.000380952381 3.333333333333
0.000380952381 3.800000000000
0.000380952381 4.266666666667
0.000380952381 4.733333333333
0.000380952381 5.200000000000
0.000380952381 5.666666666667
0.000380952381 6.133333333333
0.000380952381 6.600000000000
0.000380952381 7.066666666667
0.000380952381 7.533333333333
0.000380952381 8.000000000000
0.000380952381 10.000000000000
0.000380952381 12.000000000000
0.000380952381 14.000000000000
0.000380952381 16.000000000000
0.000380952381 18.000000000000
0.000380952381 20.000000000000
0.000380952381 22.000000000000
0.000380952381 24.000000000000
0.000380952381 30.000000000000
0.000380952381 36.000000000000
0.000380952381 42.000000000000
0.000380952381 48.000000000000
0.000428571429 -48.000000000000
0.000428571429 -42.000000000000
0.000428571429 -36.000000000000
0.000428571429 -30.000000000000
0.000428571429 -24.000000000000
0.000428571429 -22.000000000000
0.000428571429 -20.000000000000
0.000428571429 -18.000000000000
0.000428571429 -16.000000000000
0.000428571429 -14.000000000000
0.000428571429 -12.000000000000
0.000428571429 -10.000000000000
0.000428571429 -8.000000000000
0.000428571429 -7.533333333333
0.000428571429 -7.066666666667
0.000428571429 -6.600000000000
0.000428571429 -6.133333333333
0.000428571429 -5.666666666667
0.000428571429 -5.200000000000
0.000428571429 -4.733333333333
0.000428571429 -4.266666666667
0.000428571429 -3.800000000000
0.000428571429 -3.333333333333
0.000428571429 -2.866666666667
0.000428571429 -2.400000000000
0.000428571429 -1.933333333333
0.000428571429 -1.466666666667
0.000428571429 -1.000000000000
0.000428571429 -0.950214989876
0.000428571429 -0.900666572453
0.000428571429 -0.851365376462
0.000428571429 -0.802323092133
0.000428571429 -0.753552642079
0.000428571429 -0.705068391357
0.000428571429 -0.656886408743
0.000428571429 -0.609024795931
0.000428571429 -0.561504108464
0.000428571429 -0.514347903027
0.000428571429 -0.467583462777
0.000428571429 -0.421242780245
0.000428571429 -0.375363924425
0.000428571429 -0.329993002221
0.000428571429 -0.285187080642
0.000428571429 -0.241018748334
0.000428571429 -0.197583672716
0.000428571429 -0.155014146033
0.000428571429 -0.113506188896
0.000428571429 -0.073383623210
0.000428571429 -0.035301637755
0.000428571429 -0.002000000000
0.000428571429 -0.001952380952
0.000428571429 -0.001904761905
0.000428571429 -0.001857142857
0.000428571429 -0.001809523810
0.000428571429 -0.001761904762
0.000428571429 -0.001714285714
0.000428571429 -0.001666666667
0.000428571429 -0.001619047619
0.000428571429 -0.001571428571
0.000428571429 -0.001523809524
0.000428571429 -0.001476190476
0.000428571429 -0.001428571429
0.000428571429 -0.001380952381
0.000428571429 -0.001333333333
0.000428571429 -0.001285714286
0.000428571429 -0.001238095238
0.000428571429 -0.001190476190
0.000428571429 -0.001142857143
0.000428571429 -0.001095238095
0.000428571429 -0.001047619048
0.000428571429 -0.001000000000
0.000428571429 -0.000952380952
0.000428571429 -0.000904761905
0.000428571429 -0.000857142857
0.000428571429 -0.000809523810
0.000428571429 -0.000761904762
0.000428571429 -0.000714285714
0.000428571429 -0.000666666667
0.000428571429 -0.000619047619
0.000428571429 -0.000571428571
0.000428571429 -0.000523809524
0.000428571429 -0.000476190476
0.000428571429 -0.000428571429
0.000428571429 -0.000380952381
0.000428571429 -0.000333333333
0.000428571429 -0.000285714286
0.000428571429 -0.000238095238
0.000428571429 -0.000190476190
0.000428571429 -0.000142857143
0.000428571429 -0.000095238095
0.000428571429 -0.000047619048
0.000428571429 0.000000000000
0.000428571429 0.000047619048
0.000428571429 0.000095238095
0.000428571429 0.000142857143
0.000428571429 0.000190476190
0.000428571429 0.000238095238
0.000428571429 0.000285714286
0.000428571429 0.000333333333
0.000428571429 0.000380952381
0.000428571429 0.000428571429
0.000428571429 0.000476190476
0.000428571429 0.000523809524
0.000428571429 0.000571428571
0.000428571429 0.000619047619
0.000428571429 0.000666666667
0.000428571429 0.000714285714
0.000428571429 0.000761904762
0.000428571429 0.000809523810
0.000428571429 0.000857142857
0.000428571429 0.000904761905
0.000428571429 0.000952380952
0.000428571429 0.001000000000
0.000428571429 0.001047619048
0.000428571429 0.001095238095
0.000428571429 0.001142857143
0.000428571429 0.001190476190
0.000428571429 0.001238095238
0.000428571429 0.001285714286
0.000428571429 0.001333333333
0.000428571429 0.001380952381
0.000428571429 0.001428571429
0.000428571429 0.001476190476
0.000428571429 0.001523809524
0.000428571429 0.001571428571
0.000428571429 0.001619047619
0.000428571429 0.001666666667
0.000428571429 0.001714285714
0.000428571429 0.001761904762
0.000428571429 0.001809523810
0.000428571429 0.001857142857
0.000428571429 0.001904761905
0.000428571429 0.001952380952
0.000428571429 0.002000000000
0.000428571429 0.035301637755
0.000428571429 0.073383623210
0.000428571429 0.113506188896
0.000428571429 0.155014146033
0.000428571429 0.197583672716
0.000428571429 0.241018748334
0.000428571429 0.285187080642
0.000428571429 0.329993002221
0.000428571429 0.375363924425
0.000428571429 0.421242780245
0.000428571429 0.467583462777
0.000428571429 0.514347903027
0.000428571429 0.561504108464
0.000428571429 0.609024795931
0.000428571429 0.656886408743
0.000428571429 0.705068391357
0.000428571429 0.753552642079
0.000428571429 0.802323092133
0.000428571429 0.851365376462
0.000428571429 0.900666572453
0.000428571429 0.950214989876
0.000428571429 1.000000000000
0.000428571429 1.466666666667
0.000428571429 1.933333333333
0.000428571429 2.400000000000
0.000428571429 2.866666666667
0.000428571429 3.333333333333
0.000428571429 3.800000000000
0.000428571429 4.266666666667
0.000428571429 4.733333333333
0.000428571429 5.200000000000
0.000428571429 5.666666666667
0.000428571429 6.133333333333
0.000428571429 6.600000000000
0.000428571429 7.066666666667
0.000428571429 7.533333333333
0.000428571429 8.000000000000
0.000428571429 10.000000000000
0.000428571429 12.000000000000
0.000428571429 14.000000000000
0.000428571429 16.000000000000
0.000428571429 18.000000000000
0.000428571429 20.000000000000
0.000428571429 22.000000000000
0.000428571429 24.000000000000
0.000428571429 30.000000000000
0.000428571429 36.000000000000
0.000428571429 42.000000000000
0.000428571429 48.000000000000
0.000476190476 -48.000000000000
0.000476190476 -42.000000000000
0.000476190476 -36.000000000000
0.000476190476 -30.000000000000
0.000476190476 -24.000000000000
0.000476190476 -22.000000000000
0.000476190476 -20.000000000000
0.000476190476 -18.000000000000
0.000476190476 -16.000000000000
0.000476190476 -14.000000000000
0.000476190476 -12.000000000000
0.000476190476 -10.000000000000
0.000476190476 -8.000000000000
0.000476190476 -7.533333333333
0.000476190476 -7.066666666667
0.000476190476 -6.600000000000
0.000476190476 -6.133333333333
0.000476190476 -5.666666666667
0.000476190476 -5.200000000000
0.000476190476 -4.733333333333
0.000476190476 -4.266666666667
0.000476190476 -3.800000000000
0.000476190476 -3.333333333333
0.000476190476 -2.866666666667
0.000476190476 -2.400000000000
0.000476190476 -1.933333333333
0.000476190476 -1.466666666667
0.000476190476 -1.000000000000
0.000476190476 -0.950214989876
0.000476190476 -0.900666572453
0.000476190476 -0.851365376462
0.000476190476 -0.802323092133
0.000476190476 -0.753552642079
0.000476190476 -0.705068391357
0.000476190476 -0.656886408743
0.000476190476 -0.609024795931
0.000476190476 -0.561504108464
0.000476190476 -0.514347903027
0.000476190476 -0.467583462777
0.000476190476 -0.421242780245
0.000476190476 -0.375363924425
0.000476190476 -0.329993002221
0.000476190476 -0.285187080642
0.000476190476 -0.241018748334
0.000476190476 -0.197583672716
0.000476190476 -0.155014146033
0.000476190476 -0.113506188896
0.000476190476 -0.073383623210
0.000476190476 -0.035301637755
0.000476190476 -0.002000000000
0.000476190476 -0.001952380952
0.000476190476 -0.001904761905
0.000476190476 -0.001857142857
0.000476190476 -0.001809523810
0.000476190476 -0.001761904762
0.000476190476 -0.001714285714
0.000476190476 -0.001666666667
0.000476190476 -0.001619047619
0.000476190476 -0.001571428571
0.000476190476 -0.001523809524
0.000476190476 -0.001476190476
0.000476190476 -0.001428571429
0.000476190476 -0.001380952381
0.000476190476 -0.001333333333
0.000476190476 -0.001285714286
0.000476190476 -0.001238095238
0.000476190476 -0.001190476190
0.000476190476 -0.001142857143
0.000476190476 -0.001095238095
0.000476190476 -0.001047619048
0.000476190476 -0.001000000000
0.000476190476 -0.000952380952
0.000476190476 -0.000904761905
0.000476190476 -0.000857142857
0.000476190476 -0.000809523810
0.000476190476 -0.000761904762
0.000476190476 -0.000714285714
0.000476190476 -0.000666666667
0.000476190476 -0.000619047619
0.000476190476 -0.000571428571
0.000476190476 -0.000523809524
0.000476190476 -0.000476190476
0.000476190476 -0.000428571429
0.000476190476 -0.000380952381
0.000476190476 -0.000333333333
0.000476190476 -0.000285714286
0.000476190476 -0.000238095238
0.000476190476 -0.000190476190
0.000476190476 -0.000142857143
0.000476190476 -0.000095238095
0.000476190476 -0.000047619048
0.000476190476 0.000000000000
0.000476190476 0.000047619048
0.000476190476 0.000095238095
0.000476190476 0.000142857143
0.000476190476 0.000190476190
0.000476190476 0.000238095238
0.000476190476 0.000285714286
0.000476190476 0.000333333333
0.000476190476 0.000380952381
0.000476190476 0.000428571429
0.000476190476 0.000476190476
0.000476190476 0.000523809524
0.000476190476 0.000571428571
0.000476190476 0.000619047619
0.000476190476 0.000666666667
0.000476190476 0.000714285714
0.000476190476 0.000761904762
0.000476190476 0.000809523810
0.000476190476 0.000857142857
0.000476190476 0.000904761905
0.000476190476 0.000952380952
0.000476190476 0.001000000000
0.000476190476 0.001047619048
0.000476190476 0.001095238095
0.000476190476 0.001142857143
0.000476190476 0.001190476190
0.000476190476 0.001238095238
0.000476190476 0.001285714286
0.000476190476 0.001333333333
0.000476190476 0.001380952381
0.000476190476 0.001428571429
0.000476190476 0.001476190476
0.000476190476 0.001523809524
0.000476190476 0.001571428571
0.000476190476 0.001619047619
0.000476190476 0.001666666667
0.000476190476 0.001714285714
0.000476190476 0.001761904762
0.000476190476 0.001809523810
0.000476190476 0.001857142857
0.000476190476 0.001904761905
0.000476190476 0.001952380952
0.000476190476 0.002000000000
0.000476190476 0.035301637755
0.000476190476 0.073383623210
0.000476190476 0.113506188896
0.000476190476 0.155014146033
0.000476190476 0.197583672716
0.000476190476 0.241018748334
0.000476190476 0.285187080642
0.000476190476 0.329993002221
0.000476190476 0.375363924425
0.000476190476 0.421242780245
0.000476190476 0.467583462777
0.000476190476 0.514347903027
0.000476190476 0.561504108464
0.000476190476 0.609024795931
0.000476190476 0.656886408743
0.000476190476 0.705068391357
0.000476190476 0.753552642079
0.000476190476 0.802323092133
0.000476190476 0.851365376462
0.000476190476 0.900666572453
0.000476190476 0.950214989876
0.000476190476 1.000000000000
0.000476190476 1.466666666667
0.000476190476 1.933333333333
0.000476190476 2.400000000000
0.000476190476 2.866666666667
0.000476190476 3.333333333333
0.000476190476 3.800000000000
0.000476190476 4.266666666667
0.000476190476 4.733333333333
0.000476190476 5.200000000000
0.000476190476 5.666666666667
0.000476190476 6.133333333333
0.000476190476 6.600000000000
0.000476190476 7.066666666667
0.000476190476 7.533333333333
0.000476190476 8.000000000000
0.000476190476 10.000000000000
0.000476190476 12.000000000000
0.000476190476 14.000000000000
0.000476190476 16.000000000000
0.000476190476 18.000000000000
0.000476190476 20.000000000000
0.000476190476 22.000000000000
0.000476190476 24.000000000000
0.000476190476 30.000000000000
0.000476190476 36.000000000000
0.000476190476 42.000000000000
0.000476190476 48.000000000000
0.000523809524 -48.000000000000
0.000523809524 -42.000000000000
0.000523809524 -36.000000000000
0.000523809524 -30.000000000000
0.000523809524 -24.000000000000
0.000523809524 -22.000000000000
0.000523809524 -20.000000000000
0.000523809524 -18.000000000000
0.000523809524 -16.000000000000
0.000523809524 -14.000000000000
0.000523809524 -12.000000000000
0.000523809524 -10.000000000000
0.000523809524 -8.000000000000
0.000523809524 -7.533333333333
0.000523809524 -7.066666666667
0.000523809524 -6.600000000000
0.000523809524 -6.133333333333
0.000523809524 -5.666666666667
0.000523809524 -5.200000000000
0.000523809524 -4.733333333333
0.000523809524 -4.266666666667
0.000523809524 -3.800000000000
0.000523809524 -3.333333333333
0.000523809524 -2.866666666667
0.000523809524 -2.400000000000
0.000523809524 -1.933333333333
0.000523809524 -1.466666666667
0.000523809524 -1.000000000000
0.000523809524 -0.950214989876
0.000523809524 -0.900666572453
0.000523809524 -0.851365376462
0.000523809524 -0.802323092133
0.000523809524 -0.753552642079
0.000523809524 -0.705068391357
0.000523809524 -0.656886408743
0.000523809524 -0.609024795931
0.000523809524 -0.561504108464
0.000523809524 -0.514347903027
0.000523809524 -0.467583462777
0.000523809524 -0.421242780245
0.000523809524 -0.375363924425
0.000523809524 -0.329993002221
0.000523809524 -0.285187080642
0.000523809524 -0.241018748334
0.000523809524 -0.197583672716
0.000523809524 -0.155014146033
0.000523809524 -0.113506188896
0.000523809524 -0.073383623210
0.000523809524 -0.035301637755
0.000523809524 -0.002000000000
0.000523809524 -0.001952380952
0.000523809524 -0.001904761905
0.000523809524 -0.001857142857
0.000523809524 -0.001809523810
0.000523809524 -0.001761904762
0.000523809524 -0.001714285714
0.000523809524 -0.001666666667
0.000523809524 -0.001619047619
0.000523809524 -0.001571428571
0.000523809524 -0.001523809524
0.000523809524 -0.001476190476
0.000523809524 -0.001428571429
0.000523809524 -0.001380952381
0.000523809524 -0.001333333333
0.000523809524 -0.001285714286
0.000523809524 -0.001238095238
0.000523809524 -0.001190476190
0.000523809524 -0.001142857143
0.000523809524 -0.001095238095
0.000523809524 -0.001047619048
0.000523809524 -0.001000000000
0.000523809524 -0.000952380952
0.000523809524 -0.000904761905
0.000523809524 -0.000857142857
0.000523809524 -0.000809523810
0.000523809524 -0.000761904762
0.000523809524 -0.000714285714
0.000523809524 -0.000666666667
0.000523809524 -0.000619047619
0.000523809524 -0.000571428571
0.000523809524 -0.000523809524
0.000523809524 -0.000476190476
0.000523809524 -0.000428571429
0.000523809524 -0.000380952381
0.000523809524 -0.000333333333
0.000523809524 -0.000285714286
0.000523809524 -0.000238095238
0.000523809524 -0.000190476190
0.000523809524 -0.000142857143
0.000523809524 -0.000095238095
0.000523809524 -0.000047619048
0.000523809524 0.000000000000
0.000523809524 0.000047619048
0.000523809524 0.000095238095
0.000523809524 0.000142857143
0.000523809524 0.000190476190
0.000523809524 0.000238095238
0.000523809524 0.000285714286
0.000523809524 0.000333333333
0.000523809524 0.000380952381
0.000523809524 0.000428571429
0.000523809524 0.000476190476
0.000523809524 0.000523809524
0.000523809524 0.000571428571
0.000523809524 0.000619047619
0.000523809524 0.000666666667
0.000523809524 0.000714285714
0.000523809524 0.000761904762
0.000523809524 0.000809523810
0.000523809524 0.000857142857
0.000523809524 0.000904761905
0.000523809524 0.000952380952
0.000523809524 0.001000000000
0.000523809524 0.001047619048
0.000523809524 0.001095238095
0.000523809524 0.001142857143
0.000523809524 0.001190476190
0.000523809524 0.001238095238
0.000523809524 0.001285714286
0.000523809524 0.001333333333
0.000523809524 0.001380952381
0.000523809524 0.001428571429
0.000523809524 0.001476190476
0.000523809524 0.001523809524
0.000523809524 0.001571428571
0.000523809524 0.001619047619
0.000523809524 0.001666666667
0.000523809524 0.001714285714
0.000523809524 0.001761904762
0.000523809524 0.001809523810
0.000523809524 0.001857142857
0.000523809524 0.001904761905
0.000523809524 0.001952380952
0.000523809524 0.002000000000
0.000523809524 0.035301637755
0.000523809524 0.073383623210
0.000523809524 0.113506188896
0.000523809524 0.155014146033
0.000523809524 0.197583672716
0.000523809524 0.241018748334
0.000523809524 0.285187080642
0.000523809524 0.329993002221
0.000523809524 0.375363924425
0.000523809524 0.421242780245
0.000523809524 0.467583462777
0.000523809524 0.514347903027
0.000523809524 0.561504108464
0.000523809524 0.609024795931
0.000523809524 0.656886408743
0.000523809524 0.705068391357
0.000523809524 0.753552642079
0.000523809524 0.802323092133
0.000523809524 0.851365376462
0.000523809524 0.900666572453
0.000523809524 0.950214989876
0.000523809524 1.000000000000
0.000523809524 1.466666666667
0.000523809524 1.933333333333
0.000523809524 2.400000000000
0.000523809524 2.866666666667
0.000523809524 3.333333333333
0.000523809524 3.800000000000
0.000523809524 4.266666666667
0.000523809524 4.733333333333
0.000523809524 5.200000000000
0.000523809524 5.666666666667
0.000523809524 6.133333333333
0.000523809524 6.600000000000
0.000523809524 7.066666666667
0.000523809524 7.533333333333
0.000523809524 8.000000000000
0.000523809524 10.000000000000
0.000523809524 12.000000000000
0.000523809524 14.000000000000
0.000523809524 16.000000000000
0.000523809524 18.000000000000
0.000523809524 20.000000000000
0.000523809524 22.000000000000
0.000523809524 24.000000000000
0.000523809524 30.000000000000
0.000523809524 36.000000000000
0.000523809524 42.000000000000
0.000523809524 48.000000000000
0.000571428571 -48.000000000000
0.000571428571 -42.000000000000
0.000571428571 -36.000000000000
0.000571428571 -30.000000000000
0.000571428571 -24.000000000000
0.000571428571 -22.000000000000
0.000571428571 -20.000000000000
0.000571428571 -18.000000000000
0.000571428571 -16.000000000000
0.000571428571 -14.000000000000
0.000571428571 -12.000000000000
0.000571428571 -10.000000000000
0.000571428571 -8.000000000000
0.000571428571 -7.533333333333
0.000571428571 -7.066666666667
0.000571428571 -6.600000000000
0.000571428571 -6.133333333333
0.000571428571 -5.666666666667
0.000571428571 -5.200000000000
0.000571428571 -4.733333333333
0.000571428571 -4.266666666667
0.000571428571 -3.800000000000
0.000571428571 -3.333333333333
0.000571428571 -2.866666666667
0.000571428571 -2.400000000000
0.000571428571 -1.933333333333
0.000571428571 -1.466666666667
0.000571428571 -1.000000000000
0.000571428571 -0.950214989876
0.000571428571 -0.900666572453
0.000571428571 -0.851365376462
0.000571428571 -0.802323092133
0.000571428571 -0.753552642079
0.000571428571 -0.705068391357
0.000571428571 -0.656886408743
0.000571428571 -0.609024795931
0.000571428571 -0.561504108464
0.000571428571 -0.514347903027
0.000571428571 -0.467583462777
0.000571428571 -0.421242780245
0.000571428571 -0.375363924425
0.000571428571 -0.329993002221
0.000571428571 -0.285187080642
0.000571428571 -0.241018748334
0.000571428571 -0.197583672716
0.000571428571 -0.155014146033
0.000571428571 -0.113506188896
0.000571428571 -0.073383623210
0.000571428571 -0.035301637755
0.000571428571 -0.002000000000
0.000571428571 -0.001952380952
0.000571428571 -0.001904761905
0.000571428571 -0.001857142857
0.000571428571 -0.001809523810
0.000571428571 -0.001761904762
0.000571428571 -0.001714285714
0.000571428571 -0.001666666667
0.000571428571 -0.001619047619
0.000571428571 -0.001571428571
0.000571428571 -0.001523809524
0.000571428571 -0.001476190476
0.000571428571 -0.001428571429
0.000571428571 -0.001380952381
0.000571428571 -0.001333333333
0.000571428571 -0.001285714286
0.000571428571 -0.001238095238
0.000571428571 -0.001190476190
0.000571428571 -0.001142857143
0.000571428571 -0.001095238095
0.000571428571 -0.001047619048
0.000571428571 -0.001000000000
0.000571428571 -0.000952380952
0.000571428571 -0.000904761905
0.000571428571 -0.000857142857
0.000571428571 -0.000809523810
0.000571428571 -0.000761904762
0.000571428571 -0.000714285714
0.000571428571 -0.000666666667
0.000571428571 -0.000619047619
0.000571428571 -0.000571428571
0.000571428571 -0.000523809524
0.000571428571 -0.000476190476
0.000571428571 -0.000428571429
0.000571428571 -0.000380952381
0.000571428571 -0.000333333333
0.000571428571 -0.000285714286
0.000571428571 -0.000238095238
0.000571428571 -0.000190476190
0.000571428571 -0.000142857143
0.000571428571 -0.000095238095
0.000571428571 -0.000047619048
0.000571428571 0.000000000000
0.000571428571 0.000047619048
0.000571428571 0.000095238095
0.000571428571 0.000142857143
0.000571428571 0.000190476190
0.000571428571 0.000238095238
0.000571428571 0.000285714286
0.000571428571 0.000333333333
0.000571428571 0.000380952381
0.000571428571 0.000428571429
0.000571428571 0.000476190476
0.000571428571 0.000523809524
0.000571428571 0.000571428571
0.000571428571 0.000619047619
0.000571428571 0.000666666667
0.000571428571 0.000714285714
0.000571428571 0.000761904762
0.000571428571 0.000809523810
0.000571428571 0.000857142857
0.000571428571 0.000904761905
0.000571428571 0.000952380952
0.000571428571 0.001000000000
0.000571428571 0.001047619048
0.000571428571 0.001095238095
0.000571428571 0.001142857143
0.000571428571 0.001190476190
0.000571428571 0.001238095238
0.000571428571 0.001285714286
0.000571428571 0.001333333333
0.000571428571 0.001380952381
0.000571428571 0.001428571429
0.000571428571 0.001476190476
0.000571428571 0.001523809524
0.000571428571 0.001571428571
0.000571428571 0.001619047619
0.000571428571 0.001666666667
0.000571428571 0.001714285714
0.000571428571 0.001761904762
0.000571428571 0.001809523810
0.000571428571 0.001857142857
0.000571428571 0.001904761905
0.000571428571 0.001952380952
0.000571428571 0.002000000000
0.000571428571 0.035301637755
0.000571428571 0.073383623210
0.000571428571 0.113506188896
0.000571428571 0.155014146033
0.000571428571 0.197583672716
0.000571428571 0.241018748334
0.000571428571 0.285187080642
0.000571428571 0.329993002221
0.000571428571 0.375363924425
0.000571428571 0.421242780245
0.000571428571 0.467583462777
0.000571428571 0.514347903027
0.000571428571 0.561504108464
0.000571428571 0.609024795931
0.000571428571 0.656886408743
0.000571428571 0.705068391357
0.000571428571 0.753552642079
0.000571428571 0.802323092133
0.000571428571 0.851365376462
0.000571428571 0.900666572453
0.000571428571 0.950214989876
0.000571428571 1.000000000000
0.000571428571 1.466666666667
0.000571428571 1.933333333333
0.000571428571 2.400000000000
0.000571428571 2.866666666667
0.000571428571 3.333333333333
0.000571428571 3.800000000000
0.000571428571 4.266666666667
0.000571428571 4.733333333333
0.000571428571 5.200000000000
0.000571428571 5.666666666667
0.000571428571 6.133333333333
0.000571428571 6.600000000000
0.000571428571 7.066666666667
0.000571428571 7.533333333333
0.000571428571 8.000000000000
0.000571428571 10.000000000000
0.000571428571 12.000000000000
0.000571428571 14.000000000000
0.000571428571 16.000000000000
0.000571428571 18.000000000000
0.000571428571 20.000000000000
0.000571428571 22.000000000000
0.000571428571 24.000000000000
0.000571428571 30.000000000000
0.000571428571 36.000000000000
0.000571428571 42.000000000000
0.000571428571 48.000000000000
0.000619047619 -48.000000000000
0.000619047619 -42.000000000000
0.000619047619 -36.000000000000
0.000619047619 -30.000000000000
0.000619047619 -24.000000000000
0.000619047619 -22.000000000000
0.000619047619 -20.000000000000
0.000619047619 -18.000000000000
0.000619047619 -16.000000000000
0.000619047619 -14.000000000000
0.000619047619 -12.000000000000
0.000619047619 -10.000000000000
0.000619047619 -8.000000000000
0.000619047619 -7.533333333333
0.000619047619 -7.066666666667
0.000619047619 -6.600000000000
0.000619047619 -6.133333333333
0.000619047619 -5.666666666667
0.000619047619 -5.200000000000
0.000619047619 -4.733333333333
0.000619047619 -4.266666666667
0.000619047619 -3.800000000000
0.000619047619 -3.333333333333
0.000619047619 -2.866666666667
0.000619047619 -2.400000000000
0.000619047619 -1.933333333333
0.000619047619 -1.466666666667
0.000619047619 -1.000000000000
0.000619047619 -0.950214989876
0.000619047619 -0.900666572453
0.000619047619 -0.851365376462
0.000619047619 -0.802323092133
0.000619047619 -0.753552642079
0.000619047619 -0.705068391357
0.000619047619 -0.656886408743
0.000619047619 -0.609024795931
0.000619047619 -0.561504108464
0.000619047619 -0.514347903027
0.000619047619 -0.467583462777
0.000619047619 -0.421242780245
0.000619047619 -0.375363924425
0.000619047619 -0.329993002221
0.000619047619 -0.285187080642
0.000619047619 -0.241018748334
0.000619047619 -0.197583672716
0.000619047619 -0.155014146033
0.000619047619 -0.113506188896
0.000619047619 -0.073383623210
0.000619047619 -0.035301637755
0.000619047619 -0.002000000000
0.000619047619 -0.001952380952
0.000619047619 -0.001904761905
0.000619047619 -0.001857142857
0.000619047619 -0.001809523810
0.000619047619 -0.001761904762
0.000619047619 -0.001714285714
0.000619047619 -0.001666666667
0.000619047619 -0.001619047619
0.000619047619 -0.001571428571
0.000619047619 -0.001523809524
0.000619047619 -0.001476190476
0.000619047619 -0.001428571429
0.000619047619 -0.001380952381
0.000619047619 -0.001333333333
0.000619047619 -0.001285714286
0.000619047619 -0.001238095238
0.000619047619 -0.001190476190
0.000619047619 -0.001142857143
0.000619047619 -0.001095238095
0.000619047619 -0.001047619048
0.000619047619 -0.001000000000
0.000619047619 -0.000952380952
0.000619047619 -0.000904761905
0.000619047619 -0.000857142857
0.000619047619 -0.000809523810
0.000619047619 -0.000761904762
0.000619047619 -0.000714285714
0.000619047619 -0.000666666667
0.000619047619 -0.000619047619
0.000619047619 -0.000571428571
0.000619047619 -0.000523809524
0.000619047619 -0.000476190476
0.000619047619 -0.000428571429
0.000619047619 -0.000380952381
0.000619047619 -0.000333333333
0.000619047619 -0.000285714286
0.000619047619 -0.000238095238
0.000619047619 -0.000190476190
0.000619047619 -0.000142857143
0.000619047619 -0.000095238095
0.000619047619 -0.000047619048
0.000619047619 0.000000000000
0.000619047619 0.000047619048
0.000619047619 0.000095238095
0.000619047619 0.000142857143
0.000619047619 0.000190476190
0.000619047619 0.000238095238
0.000619047619 0.000285714286
0.000619047619 0.000333333333
0.000619047619 0.000380952381
0.000619047619 0.000428571429
0.000619047619 0.000476190476
0.000619047619 0.000523809524
0.000619047619 0.000571428571
0.000619047619 0.000619047619
0.000619047619 0.000666666667
0.000619047619 0.000714285714
0.000619047619 0.000761904762
0.000619047619 0.000809523810
0.000619047619 0.000857142857
0.000619047619 0.000904761905
0.000619047619 0.000952380952
0.000619047619 0.001000000000
0.000619047619 0.001047619048
0.000619047619 0.001095238095
0.000619047619 0.001142857143
0.000619047619 0.001190476190
0.000619047619 0.001238095238
0.000619047619 0.001285714286
0.000619047619 0.001333333333
0.000619047619 0.001380952381
0.000619047619 0.001428571429
0.000619047619 0.001476190476
0.000619047619 0.001523809524
0.000619047619 0.001571428571
0.000619047619 0.001619047619
0.000619047619 0.001666666667
0.000619047619 0.001714285714
0.000619047619 0.001761904762
0.000619047619 0.001809523810
0.000619047619 0.001857142857
0.000619047619 0.001904761905
0.000619047619 0.001952380952
0.000619047619 0.002000000000
0.000619047619 0.035301637755
0.000619047619 0.073383623210
0.000619047619 0.113506188896
0.000619047619 0.155014146033
0.000619047619 0.197583672716
0.000619047619 0.241018748334
0.000619047619 0.285187080642
0.000619047619 0.329993002221
0.000619047619 0.375363924425
0.000619047619 0.421242780245
0.000619047619 0.467583462777
0.000619047619 0.514347903027
0.000619047619 0.561504108464
0.000619047619 0.609024795931
0.000619047619 0.656886408743
0.000619047619 0.705068391357
0.000619047619 0.753552642079
0.000619047619 0.802323092133
0.000619047619 0.851365376462
0.000619047619 0.900666572453
0.000619047619 0.950214989876
0.000619047619 1.000000000000
0.000619047619 1.466666666667
0.000619047619 1.933333333333
0.000619047619 2.400000000000
0.000619047619 2.866666666667
0.000619047619 3.333333333333
0.000619047619 3.800000000000
0.000619047619 4.266666666667
0.000619047619 4.733333333333
0.000619047619 5.200000000000
0.000619047619 5.666666666667
0.000619047619 6.133333333333
0.000619047619 6.600000000000
0.000619047619 7.066666666667
0.000619047619 7.533333333333
0.000619047619 8.000000000000
0.000619047619 10.000000000000
0.000619047619 12.000000000000
0.000619047619 14.000000000000
0.000619047619 16.000000000000
0.000619047619 18.000000000000
0.000619047619 20.000000000000
0.000619047619 22.000000000000
0.000619047619 24.000000000000
0.000619047619 30.000000000000
0.000619047619 36.000000000000
0.000619047619 42.000000000000
0.000619047619 48.000000000000
0.000666666667 -48.000000000000
0.000666666667 -42.000000000000
0.000666666667 -36.000000000000
0.000666666667 -30.000000000000
0.000666666667 -24.000000000000
0.000666666667 -22.000000000000
0.000666666667 -20.000000000000
0.000666666667 -18.000000000000
0.000666666667 -16.000000000000
0.000666666667 -14.000000000000
0.000666666667 -12.000000000000
0.000666666667 -10.000000000000
0.000666666667 -8.000000000000
0.000666666667 -7.533333333333
0.000666666667 -7.066666666667
0.000666666667 -6.600000000000
0.000666666667 -6.133333333333
0.000666666667 -5.666666666667
0.000666666667 -5.200000000000
0.000666666667 -4.733333333333
0.000666666667 -4.266666666667
0.000666666667 -3.800000000000
0.000666666667 -3.333333333333
0.000666666667 -2.866666666667
0.000666666667 -2.400000000000
0.000666666667 -1.933333333333
0.000666666667 -1.466666666667
0.000666666667 -1.000000000000
0.000666666667 -0.950214989876
0.000666666667 -0.900666572453
0.000666666667 -0.851365376462
0.000666666667 -0.802323092133
0.000666666667 -0.753552642079
0.000666666667 -0.705068391357
0.000666666667 -0.656886408743
0.000666666667 -0.609024795931
0.000666666667 -0.561504108464
0.000666666667 -0.514347903027
0.000666666667 -0.467583462777
0.000666666667 -0.421242780245
0.000666666667 -0.375363924425
0.000666666667 -0.329993002221
0.000666666667 -0.285187080642
0.000666666667 -0.241018748334
0.000666666667 -0.197583672716
0.000666666667 -0.155014146033
0.000666666667 -0.113506188896
0.000666666667 -0.073383623210
0.000666666667 -0.035301637755
0.000666666667 -0.002000000000
0.000666666667 -0.001952380952
0.000666666667 -0.001904761905
0.000666666667 -0.001857142857
0.000666666667 -0.001809523810
0.000666666667 -0.001761904762
0.000666666667 -0.001714285714
0.000666666667 -0.001666666667
0.000666666667 -0.001619047619
0.000666666667 -0.001571428571
0.000666666667 -0.001523809524
0.000666666667 -0.001476190476
0.000666666667 -0.001428571429
0.000666666667 -0.001380952381
0.000666666667 -0.001333333333
0.000666666667 -0.001285714286
0.000666666667 -0.001238095238
0.000666666667 -0.001190476190
0.000666666667 -0.001142857143
0.000666666667 -0.001095238095
0.000666666667 -0.001047619048
0.000666666667 -0.001000000000
0.000666666667 -0.000952380952
0.000666666667 -0.000904761905
0.000666666667 -0.000857142857
0.000666666667 -0.000809523810
0.000666666667 -0.000761904762
0.000666666667 -0.000714285714
0.000666666667 -0.000666666667
0.000666666667 -0.000619047619
0.000666666667 -0.000571428571
0.000666666667 -0.000523809524
0.000666666667 -0.000476190476
0.000666666667 -0.000428571429
0.000666666667 -0.000380952381
0.000666666667 -0.000333333333
0.000666666667 -0.000285714286
0.000666666667 -0.000238095238
0.000666666667 -0.000190476190
0.000666666667 -0.000142857143
0.000666666667 -0.000095238095
0.000666666667 -0.000047619048
0.000666666667 0.000000000000
0.000666666667 0.000047619048
0.000666666667 0.000095238095
0.000666666667 0.000142857143
0.000666666667 0.000190476190
0.000666666667 0.000238095238
0.000666666667 0.000285714286
0.000666666667 0.000333333333
0.000666666667 0.000380952381
0.000666666667 0.000428571429
0.000666666667 0.000476190476
0.000666666667 0.000523809524
0.000666666667 0.000571428571
0.000666666667 0.000619047619
0.000666666667 0.000666666667
0.000666666667 0.000714285714
0.000666666667 0.000761904762
0.000666666667 0.000809523810
0.000666666667 0.000857142857
0.000666666667 0.000904761905
0.000666666667 0.000952380952
0.000666666667 0.001000000000
0.000666666667 0.001047619048
0.000666666667 0.001095238095
0.000666666667 0.001142857143
0.000666666667 0.001190476190
0.000666666667 0.001238095238
0.000666666667 0.001285714286
0.000666666667 0.001333333333
0.000666666667 0.001380952381
0.000666666667 0.001428571429
0.000666666667 0.001476190476
0.000666666667 0.001523809524
0.000666666667 0.001571428571
0.000666666667 0.001619047619
0.000666666667 0.001666666667
0.000666666667 0.001714285714
0.000666666667 0.001761904762
0.000666666667 0.001809523810
0.000666666667 0.001857142857
0.000666666667 0.001904761905
0.000666666667 0.001952380952
0.000666666667 0.002000000000
0.000666666667 0.035301637755
0.000666666667 0.073383623210
0.000666666667 0.113506188896
0.000666666667 0.155014146033
0.000666666667 0.197583672716
0.000666666667 0.241018748334
0.000666666667 0.285187080642
0.000666666667 0.329993002221
0.000666666667 0.375363924425
0.000666666667 0.421242780245
0.000666666667 0.467583462777
0.000666666667 0.514347903027
0.000666666667 0.561504108464
0.000666666667 0.609024795931
0.000666666667 0.656886408743
0.000666666667 0.705068391357
0.000666666667 0.753552642079
0.000666666667 0.802323092133
0.000666666667 0.851365376462
0.000666666667 0.900666572453
0.000666666667 0.950214989876
0.000666666667 1.000000000000
0.000666666667 1.466666666667
0.000666666667 1.933333333333
0.000666666667 2.400000000000
0.000666666667 2.866666666667
0.000666666667 3.333333333333
0.000666666667 3.800000000000
0.000666666667 4.266666666667
0.000666666667 4.733333333333
0.000666666667 5.200000000000
0.000666666667 5.666666666667
0.000666666667 6.133333333333
0.000666666667 6.600000000000
0.000666666667 7.066666666667
0.000666666667 7.533333333333
0.000666666667 8.000000000000
0.000666666667 10.000000000000
0.000666666667 12.000000000000
0.000666666667 14.000000000000
0.000666666667 16.000000000000
0.000666666667 18.000000000000
0.000666666667 20.000000000000
0.000666666667 22.000000000000
0.000666666667 24.000000000000
0.000666666667 30.000000000000
0.000666666667 36.000000000000
0.000666666667 42.000000000000
0.000666666667 48.000000000000
0.000714285714 -48.000000000000
0.000714285714 -42.000000000000
0.000714285714 -36.000000000000
0.000714285714 -30.000000000000
0.000714285714 -24.000000000000
0.000714285714 -22.000000000000
0.000714285714 -20.000000000000
0.000714285714 -18.000000000000
0.000714285714 -16.000000000000
0.000714285714 -14.000000000000
0.000714285714 -12.000000000000
0.000714285714 -10.000000000000
0.000714285714 -8.000000000000
0.000714285714 -7.533333333333
0.000714285714 -7.066666666667
0.000714285714 -6.600000000000
0.000714285714 -6.133333333333
0.000714285714 -5.666666666667
0.000714285714 -5.200000000000
0.000714285714 -4.733333333333
0.000714285714 -4.266666666667
0.000714285714 -3.800000000000
0.000714285714 -3.333333333333
0.000714285714 -2.866666666667
0.000714285714 -2.400000000000
0.000714285714 -1.933333333333
0.000714285714 -1.466666666667
0.000714285714 -1.000000000000
0.000714285714 -0.950214989876
0.000714285714 -0.900666572453
0.000714285714 -0.851365376462
0.000714285714 -0.802323092133
0.000714285714 -0.753552642079
0.000714285714 -0.705068391357
0.000714285714 -0.656886408743
0.000714285714 -0.609024795931
0.000714285714 -0.561504108464
0.000714285714 -0.514347903027
0.000714285714 -0.467583462777
0.000714285714 -0.421242780245
0.000714285714 -0.375363924425
0.000714285714 -0.329993002221
0.000714285714 -0.285187080642
0.000714285714 -0.241018748334
0.000714285714 -0.197583672716
0.000714285714 -0.155014146033
0.000714285714 -0.113506188896
0.000714285714 -0.073383623210
0.000714285714 -0.035301637755
0.000714285714 -0.002000000000
0.000714285714 -0.001952380952
0.000714285714 -0.001904761905
0.000714285714 -0.001857142857
0.000714285714 -0.001809523810
0.000714285714 -0.001761904762
0.000714285714 -0.001714285714
0.000714285714 -0.001666666667
0.000714285714 -0.001619047619
0.000714285714 -0.001571428571
0.000714285714 -0.001523809524
0.000714285714 -0.001476190476
0.000714285714 -0.001428571429
0.000714285714 -0.001380952381
0.000714285714 -0.001333333333
0.000714285714 -0.001285714286
0.000714285714 -0.001238095238
0.000714285714 -0.001190476190
0.000714285714 -0.001142857143
0.000714285714 -0.001095238095
0.000714285714 -0.001047619048
0.000714285714 -0.001000000000
0.000714285714 -0.000952380952
0.000714285714 -0.000904761905
0.000714285714 -0.000857142857
0.000714285714 -0.000809523810
0.000714285714 -0.000761904762
0.000714285714 -0.000714285714
0.000714285714 -0.000666666667
0.000714285714 -0.000619047619
0.000714285714 -0.000571428571
0.000714285714 -0.000523809524
0.000714285714 -0.000476190476
0.000714285714 -0.000428571429
0.000714285714 -0.000380952381
0.000714285714 -0.000333333333
0.000714285714 -0.000285714286
0.000714285714 -0.000238095238
0.000714285714 -0.000190476190
0.000714285714 -0.000142857143
0.000714285714 -0.000095238095
0.000714285714 -0.000047619048
0.000714285714 0.000000000000
0.000714285714 0.000047619048
0.000714285714 0.000095238095
0.000714285714 0.000142857143
0.000714285714 0.000190476190
0.000714285714 0.000238095238
0.000714285714 0.000285714286
0.000714285714 0.000333333333
0.000714285714 0.000380952381
0.000714285714 0.000428571429
0.000714285714 0.000476190476
0.000714285714 0.000523809524
0.000714285714 0.000571428571
0.000714285714 0.000619047619
0.000714285714 0.000666666667
0.000714285714 0.000714285714
0.000714285714 0.000761904762
0.000714285714 0.000809523810
0.000714285714 0.000857142857
0.000714285714 0.000904761905
0.000714285714 0.000952380952
0.000714285714 0.001000000000
0.000714285714 0.001047619048
0.000714285714 0.001095238095
0.000714285714 0.001142857143
0.000714285714 0.001190476190
0.000714285714 0.001238095238
0.000714285714 0.001285714286
0.000714285714 0.001333333333
0.000714285714 0.001380952381
0.000714285714 0.001428571429
0.000714285714 0.001476190476
0.000714285714 0.001523809524
0.000714285714 0.001571428571
0.000714285714 0.001619047619
0.000714285714 0.001666666667
0.000714285714 0.001714285714
0.000714285714 0.001761904762
0.000714285714 0.001809523810
0.000714285714 0.001857142857
0.000714285714 0.001904761905
0.000714285714 0.001952380952
0.000714285714 0.002000000000
0.000714285714 0.035301637755
0.000714285714 0.073383623210
0.000714285714 0.113506188896
0.000714285714 0.155014146033
0.000714285714 0.197583672716
0.000714285714 0.241018748334
0.000714285714 0.285187080642
0.000714285714 0.329993002221
0.000714285714 0.375363924425
0.000714285714 0.421242780245
0.000714285714 0.467583462777
0.000714285714 0.514347903027
0.000714285714 0.561504108464
0.000714285714 0.609024795931
0.000714285714 0.656886408743
0.000714285714 0.705068391357
0.000714285714 0.753552642079
0.000714285714 0.802323092133
0.000714285714 0.851365376462
0.000714285714 0.900666572453
0.000714285714 0.950214989876
0.000714285714 1.000000000000
0.000714285714 1.466666666667
0.000714285714 1.933333333333
0.000714285714 2.400000000000
0.000714285714 2.866666666667
0.000714285714 3.333333333333
0.000714285714 3.800000000000
0.000714285714 4.266666666667
0.000714285714 4.733333333333
0.000714285714 5.200000000000
0.000714285714 5.666666666667
0.000714285714 6.133333333333
0.000714285714 6.600000000000
0.000714285714 7.066666666667
0.000714285714 7.533333333333
0.000714285714 8.000000000000
0.000714285714 10.000000000000
0.000714285714 12.000000000000
0.000714285714 14.000000000000
0.000714285714 16.000000000000
0.000714285714 18.000000000000
0.000714285714 20.000000000000
0.000714285714 22.000000000000
0.000714285714 24.000000000000
0.000714285714 30.000000000000
0.000714285714 36.000000000000
0.000714285714 42.000000000000
0.000714285714 48.000000000000
0.000761904762 -48.000000000000
0.000761904762 -42.000000000000
0.000761904762 -36.000000000000
0.000761904762 -30.000000000000
0.000761904762 -24.000000000000
0.000761904762 -22.000000000000
0.000761904762 -20.000000000000
0.000761904762 -18.000000000000
0.000761904762 -16.000000000000
0.000761904762 -14.000000000000
0.000761904762 -12.000000000000
0.000761904762 -10.000000000000
0.000761904762 -8.000000000000
0.000761904762 -7.533333333333
0.000761904762 -7.066666666667
0.000761904762 -6.600000000000
0.000761904762 -6.133333333333
0.000761904762 -5.666666666667
0.000761904762 -5.200000000000
0.000761904762 -4.733333333333
0.000761904762 -4.266666666667
0.000761904762 -3.800000000000
0.000761904762 -3.333333333333
0.000761904762 -2.866666666667
0.000761904762 -2.400000000000
0.000761904762 -1.933333333333
0.000761904762 -1.466666666667
0.000761904762 -1.000000000000
0.000761904762 -0.950214989876
0.000761904762 -0.900666572453
0.000761904762 -0.851365376462
0.000761904762 -0.802323092133
0.000761904762 -0.753552642079
0.000761904762 -0.705068391357
0.000761904762 -0.656886408743
0.000761904762 -0.609024795931
0.000761904762 -0.561504108464
0.000761904762 -0.514347903027
0.000761904762 -0.467583462777
0.000761904762 -0.421242780245
0.000761904762 -0.375363924425
0.000761904762 -0.329993002221
0.000761904762 -0.285187080642
0.000761904762 -0.241018748334
0.000761904762 -0.197583672716
0.000761904762 -0.155014146033
0.000761904762 -0.113506188896
0.000761904762 -0.073383623210
0.000761904762 -0.035301637755
0.000761904762 -0.002000000000
0.000761904762 -0.001952380952
0.000761904762 -0.001904761905
0.000761904762 -0.001857142857
0.000761904762 -0.001809523810
0.000761904762 -0.001761904762
0.000761904762 -0.001714285714
0.000761904762 -0.001666666667
0.000761904762 -0.001619047619
0.000761904762 -0.001571428571
0.000761904762 -0.001523809524
0.000761904762 -0.001476190476
0.000761904762 -0.001428571429
0.000761904762 -0.001380952381
0.000761904762 -0.001333333333
0.000761904762 -0.001285714286
0.000761904762 -0.001238095238
0.000761904762 -0.001190476190
0.000761904762 -0.001142857143
0.000761904762 -0.001095238095
0.000761904762 -0.001047619048
0.000761904762 -0.001000000000
0.000761904762 -0.000952380952
0.000761904762 -0.000904761905
0.000761904762 -0.000857142857
0.000761904762 -0.000809523810
0.000761904762 -0.000761904762
0.000761904762 -0.000714285714
0.000761904762 -0.000666666667
0.000761904762 -0.000619047619
0.000761904762 -0.000571428571
0.000761904762 -0.000523809524
0.000761904762 -0.000476190476
0.000761904762 -0.000428571429
0.000761904762 -0.000380952381
0.000761904762 -0.000333333333
0.000761904762 -0.000285714286
0.000761904762 -0.000238095238
0.000761904762 -0.000190476190
0.000761904762 -0.000142857143
0.000761904762 -0.000095238095
0.000761904762 -0.000047619048
0.000761904762 0.000000000000
0.000761904762 0.000047619048
0.000761904762 0.000095238095
0.000761904762 0.000142857143
0.000761904762 0.000190476190
0.000761904762 0.000238095238
0.000761904762 0.000285714286
0.000761904762 0.000333333333
0.000761904762 0.000380952381
0.000761904762 0.000428571429
0.000761904762 0.000476190476
0.000761904762 0.000523809524
0.000761904762 0.000571428571
0.000761904762 0.000619047619
0.000761904762 0.000666666667
0.000761904762 0.000714285714
0.000761904762 0.000761904762
0.000761904762 0.000809523810
0.000761904762 0.000857142857
0.000761904762 0.000904761905
0.000761904762 0.000952380952
0.000761904762 0.001000000000
0.000761904762 0.001047619048
0.000761904762 0.001095238095
0.000761904762 0.001142857143
0.000761904762 0.001190476190
0.000761904762 0.001238095238
0.000761904762 0.001285714286
0.000761904762 0.001333333333
0.000761904762 0.001380952381
0.000761904762 0.001428571429
0.000761904762 0.001476190476
0.000761904762 0.001523809524
0.000761904762 0.001571428571
0.000761904762 0.001619047619
0.000761904762 0.001666666667
0.000761904762 0.001714285714
0.000761904762 0.001761904762
0.000761904762 0.001809523810
0.000761904762 0.001857142857
0.000761904762 0.001904761905
0.000761904762 0.001952380952
0.000761904762 0.002000000000
0.000761904762 0.035301637755
0.000761904762 0.073383623210
0.000761904762 0.113506188896
0.000761904762 0.155014146033
0.000761904762 0.197583672716
0.000761904762 0.241018748334
0.000761904762 0.285187080642
0.000761904762 0.329993002221
0.000761904762 0.375363924425
0.000761904762 0.421242780245
0.000761904762 0.467583462777
0.000761904762 0.514347903027
0.000761904762 0.561504108464
0.000761904762 0.609024795931
0.000761904762 0.656886408743
0.000761904762 0.705068391357
0.000761904762 0.753552642079
0.000761904762 0.802323092133
0.000761904762 0.851365376462
0.000761904762 0.900666572453
0.000761904762 0.950214989876
0.000761904762 1.000000000000
0.000761904762 1.466666666667
0.000761904762 1.933333333333
0.000761904762 2.400000000000
0.000761904762 2.866666666667
0.000761904762 3.333333333333
0.000761904762 3.800000000000
0.000761904762 4.266666666667
0.000761904762 4.733333333333
0.000761904762 5.200000000000
0.000761904762 5.666666666667
0.000761904762 6.133333333333
0.000761904762 6.600000000000
0.000761904762 7.066666666667
0.000761904762 7.533333333333
0.000761904762 8.000000000000
0.000761904762 10.000000000000
0.000761904762 12.000000000000
0.000761904762 14.000000000000
0.000761904762 16.000000000000
0.000761904762 18.000000000000
0.000761904762 20.000000000000
0.000761904762 22.000000000000
0.000761904762 24.000000000000
0.000761904762 30.000000000000
0.000761904762 36.000000000000
0.000761904762 42.000000000000
0.000761904762 48.000000000000
0.000809523810 -48.000000000000
0.000809523810 -42.000000000000
0.000809523810 -36.000000000000
0.000809523810 -30.000000000000
0.000809523810 -24.000000000000
0.000809523810 -22.000000000000
0.000809523810 -20.000000000000
0.000809523810 -18.000000000000
0.000809523810 -16.000000000000
0.000809523810 -14.000000000000
0.000809523810 -12.000000000000
0.000809523810 -10.000000000000
0.000809523810 -8.000000000000
0.000809523810 -7.533333333333
0.000809523810 -7.066666666667
0.000809523810 -6.600000000000
0.000809523810 -6.133333333333
0.000809523810 -5.666666666667
0.000809523810 -5.200000000000
0.000809523810 -4.733333333333
0.000809523810 -4.266666666667
0.000809523810 -3.800000000000
0.000809523810 -3.333333333333
0.000809523810 -2.866666666667
0.000809523810 -2.400000000000
0.000809523810 -1.933333333333
0.000809523810 -1.466666666667
0.000809523810 -1.000000000000
0.000809523810 -0.950214989876
0.000809523810 -0.900666572453
0.000809523810 -0.851365376462
0.000809523810 -0.802323092133
0.000809523810 -0.753552642079
0.000809523810 -0.705068391357
0.000809523810 -0.656886408743
0.000809523810 -0.609024795931
0.000809523810 -0.561504108464
0.000809523810 -0.514347903027
0.000809523810 -0.467583462777
0.000809523810 -0.421242780245
0.000809523810 -0.375363924425
0.000809523810 -0.329993002221
0.000809523810 -0.285187080642
0.000809523810 -0.241018748334
0.000809523810 -0.197583672716
0.000809523810 -0.155014146033
0.000809523810 -0.113506188896
0.000809523810 -0.073383623210
0.000809523810 -0.035301637755
0.000809523810 -0.002000000000
0.000809523810 -0.001952380952
0.000809523810 -0.001904761905
0.000809523810 -0.001857142857
0.000809523810 -0.001809523810
0.000809523810 -0.001761904762
0.000809523810 -0.001714285714
0.000809523810 -0.001666666667
0.000809523810 -0.001619047619
0.000809523810 -0.001571428571
0.000809523810 -0.001523809524
0.000809523810 -0.001476190476
0.000809523810 -0.001428571429
0.000809523810 -0.001380952381
0.000809523810 -0.001333333333
0.000809523810 -0.001285714286
0.000809523810 -0.001238095238
0.000809523810 -0.001190476190
0.000809523810 -0.001142857143
0.000809523810 -0.001095238095
0.000809523810 -0.001047619048
0.000809523810 -0.001000000000
0.000809523810 -0.000952380952
0.000809523810 -0.000904761905
0.000809523810 -0.000857142857
0.000809523810 -0.000809523810
0.000809523810 -0.000761904762
0.000809523810 -0.000714285714
0.000809523810 -0.000666666667
0.000809523810 -0.000619047619
0.000809523810 -0.000571428571
0.000809523810 -0.000523809524
0.000809523810 -0.000476190476
0.000809523810 -0.000428571429
0.000809523810 -0.000380952381
0.000809523810 -0.000333333333
0.000809523810 -0.000285714286
0.000809523810 -0.000238095238
0.000809523810 -0.000190476190
0.000809523810 -0.000142857143
0.000809523810 -0.000095238095
0.000809523810 -0.000047619048
0.000809523810 0.000000000000
0.000809523810 0.000047619048
0.000809523810 0.000095238095
0.000809523810 0.000142857143
0.000809523810 0.000190476190
0.000809523810 0.000238095238
0.000809523810 0.000285714286
0.000809523810 0.000333333333
0.000809523810 0.000380952381
0.000809523810 0.000428571429
0.000809523810 0.000476190476
0.000809523810 0.000523809524
0.000809523810 0.000571428571
0.000809523810 0.000619047619
0.000809523810 0.000666666667
0.000809523810 0.000714285714
0.000809523810 0.000761904762
0.000809523810 0.000809523810
0.000809523810 0.000857142857
0.000809523810 0.000904761905
0.000809523810 0.000952380952
0.000809523810 0.001000000000
0.000809523810 0.001047619048
0.000809523810 0.001095238095
0.000809523810 0.001142857143
0.000809523810 0.001190476190
0.000809523810 0.001238095238
0.000809523810 0.001285714286
0.000809523810 0.001333333333
0.000809523810 0.001380952381
0.000809523810 0.001428571429
0.000809523810 0.001476190476
0.000809523810 0.001523809524
0.000809523810 0.001571428571
0.000809523810 0.001619047619
0.000809523810 0.001666666667
0.000809523810 0.001714285714
0.000809523810 0.001761904762
0.000809523810 0.001809523810
0.000809523810 0.001857142857
0.000809523810 0.001904761905
0.000809523810 0.001952380952
0.000809523810 0.002000000000
0.000809523810 0.035301637755
0.000809523810 0.073383623210
0.000809523810 0.113506188896
0.000809523810 0.155014146033
0.000809523810 0.197583672716
0.000809523810 0.241018748334
0.000809523810 0.285187080642
0.000809523810 0.329993002221
0.000809523810 0.375363924425
0.000809523810 0.421242780245
0.000809523810 0.467583462777
0.000809523810 0.514347903027
0.000809523810 0.561504108464
0.000809523810 0.609024795931
0.000809523810 0.656886408743
0.000809523810 0.705068391357
0.000809523810 0.753552642079
0.000809523810 0.802323092133
0.000809523810 0.851365376462
0.000809523810 0.900666572453
0.000809523810 0.950214989876
0.000809523810 1.000000000000
0.000809523810 1.466666666667
0.000809523810 1.933333333333
0.000809523810 2.400000000000
0.000809523810 2.866666666667
0.000809523810 3.333333333333
0.000809523810 3.800000000000
0.000809523810 4.266666666667
0.000809523810 4.733333333333
0.000809523810 5.200000000000
0.000809523810 5.666666666667
0.000809523810 6.133333333333
0.000809523810 6.600000000000
0.000809523810 7.066666666667
0.000809523810 7.533333333333
0.000809523810 8.000000000000
0.000809523810 10.000000000000
0.000809523810 12.000000000000
0.000809523810 14.000000000000
0.000809523810 16.000000000000
0.000809523810 18.000000000000
0.000809523810 20.000000000000
0.000809523810 22.000000000000
0.000809523810 24.000000000000
0.000809523810 30.000000000000
0.000809523810 36.000000000000
0.000809523810 42.000000000000
0.000809523810 48.000000000000
0.000857142857 -48.000000000000
0.000857142857 -42.000000000000
0.000857142857 -36.000000000000
0.000857142857 -30.000000000000
0.000857142857 -24.000000000000
0.000857142857 -22.000000000000
0.000857142857 -20.000000000000
0.000857142857 -18.000000000000
0.000857142857 -16.000000000000
0.000857142857 -14.000000000000
0.000857142857 -12.000000000000
0.000857142857 -10.000000000000
0.000857142857 -8.000000000000
0.000857142857 -7.533333333333
0.000857142857 -7.066666666667
0.000857142857 -6.600000000000
0.000857142857 -6.133333333333
0.000857142857 -5.666666666667
0.000857142857 -5.200000000000
0.000857142857 -4.733333333333
0.000857142857 -4.266666666667
0.000857142857 -3.800000000000
0.000857142857 -3.333333333333
0.000857142857 -2.866666666667
0.000857142857 -2.400000000000
0.000857142857 -1.933333333333
0.000857142857 -1.466666666667
0.000857142857 -1.000000000000
0.000857142857 -0.950214989876
0.000857142857 -0.900666572453
0.000857142857 -0.851365376462
0.000857142857 -0.802323092133
0.000857142857 -0.753552642079
0.000857142857 -0.705068391357
0.000857142857 -0.656886408743
0.000857142857 -0.609024795931
0.000857142857 -0.561504108464
0.000857142857 -0.514347903027
0.000857142857 -0.467583462777
0.000857142857 -0.421242780245
0.000857142857 -0.375363924425
0.000857142857 -0.329993002221
0.000857142857 -0.285187080642
0.000857142857 -0.241018748334
0.000857142857 -0.197583672716
0.000857142857 -0.155014146033
0.000857142857 -0.113506188896
0.000857142857 -0.073383623210
0.000857142857 -0.035301637755
0.000857142857 -0.002000000000
0.000857142857 -0.001952380952
0.000857142857 -0.001904761905
0.000857142857 -0.001857142857
0.000857142857 -0.001809523810
0.000857142857 -0.001761904762
0.000857142857 -0.001714285714
0.000857142857 -0.001666666667
0.000857142857 -0.001619047619
0.000857142857 -0.001571428571
0.000857142857 -0.001523809524
0.000857142857 -0.001476190476
0.000857142857 -0.001428571429
0.000857142857 -0.001380952381
0.000857142857 -0.001333333333
0.000857142857 -0.001285714286
0.000857142857 -0.001238095238
0.000857142857 -0.001190476190
0.000857142857 -0.001142857143
0.000857142857 -0.001095238095
0.000857142857 -0.001047619048
0.000857142857 -0.001000000000
0.000857142857 -0.000952380952
0.000857142857 -0.000904761905
0.000857142857 -0.000857142857
0.000857142857 -0.000809523810
0.000857142857 -0.000761904762
0.000857142857 -0.000714285714
0.000857142857 -0.000666666667
0.000857142857 -0.000619047619
0.000857142857 -0.000571428571
0.000857142857 -0.000523809524
0.000857142857 -0.000476190476
0.000857142857 -0.000428571429
0.000857142857 -0.000380952381
0.000857142857 -0.000333333333
0.000857142857 -0.000285714286
0.000857142857 -0.000238095238
0.000857142857 -0.000190476190
0.000857142857 -0.000142857143
0.000857142857 -0.000095238095
0.000857142857 -0.000047619048
0.000857142857 0.000000000000
0.000857142857 0.000047619048
0.000857142857 0.000095238095
0.000857142857 0.000142857143
0.000857142857 0.000190476190
0.000857142857 0.000238095238
0.000857142857 0.000285714286
0.000857142857 0.000333333333
0.000857142857 0.000380952381
0.000857142857 0.000428571429
0.000857142857 0.000476190476
0.000857142857 0.000523809524
0.000857142857 0.000571428571
0.000857142857 0.000619047619
0.000857142857 0.000666666667
0.000857142857 0.000714285714
0.000857142857 0.000761904762
0.000857142857 0.000809523810
0.000857142857 0.000857142857
0.000857142857 0.000904761905
0.000857142857 0.000952380952
0.000857142857 0.001000000000
0.000857142857 0.001047619048
0.000857142857 0.001095238095
0.000857142857 0.001142857143
0.000857142857 0.001190476190
0.000857142857 0.001238095238
0.000857142857 0.001285714286
0.000857142857 0.001333333333
0.000857142857 0.001380952381
0.000857142857 0.001428571429
0.000857142857 0.001476190476
0.000857142857 0.001523809524
0.000857142857 0.001571428571
0.000857142857 0.001619047619
0.000857142857 0.001666666667
0.000857142857 0.001714285714
0.000857142857 0.001761904762
0.000857142857 0.001809523810
0.000857142857 0.001857142857
0.000857142857 0.001904761905
0.000857142857 0.001952380952
0.000857142857 0.002000000000
0.000857142857 0.035301637755
0.000857142857 0.073383623210
0.000857142857 0.113506188896
0.000857142857 0.155014146033
0.000857142857 0.197583672716
0.000857142857 0.241018748334
0.000857142857 0.285187080642
0.000857142857 0.329993002221
0.000857142857 0.375363924425
0.000857142857 0.421242780245
0.000857142857 0.467583462777
0.000857142857 0.514347903027
0.000857142857 0.561504108464
0.000857142857 0.609024795931
0.000857142857 0.656886408743
0.000857142857 0.705068391357
0.000857142857 0.753552642079
0.000857142857 0.802323092133
0.000857142857 0.851365376462
0.000857142857 0.900666572453
0.000857142857 0.950214989876
0.000857142857 1.000000000000
0.000857142857 1.466666666667
0.000857142857 1.933333333333
0.000857142857 2.400000000000
0.000857142857 2.866666666667
0.000857142857 3.333333333333
0.000857142857 3.800000000000
0.000857142857 4.266666666667
0.000857142857 4.733333333333
0.000857142857 5.200000000000
0.000857142857 5.666666666667
0.000857142857 6.133333333333
0.000857142857 6.600000000000
0.000857142857 7.066666666667
0.000857142857 7.533333333333
0.000857142857 8.000000000000
0.000857142857 10.000000000000
0.000857142857 12.000000000000
0.000857142857 14.000000000000
0.000857142857 16.000000000000
0.000857142857 18.000000000000
0.000857142857 20.000000000000
0.000857142857 22.000000000000
0.000857142857 24.000000000000
0.000857142857 30.000000000000
0.000857142857 36.000000000000
0.000857142857 42.000000000000
0.000857142857 48.000000000000
0.000904761905 -48.000000000000
0.000904761905 -42.000000000000
0.000904761905 -36.000000000000
0.000904761905 -30.000000000000
0.000904761905 -24.000000000000
0.000904761905 -22.000000000000
0.000904761905 -20.000000000000
0.000904761905 -18.000000000000
0.000904761905 -16.000000000000
0.000904761905 -14.000000000000
0.000904761905 -12.000000000000
0.000904761905 -10.000000000000
0.000904761905 -8.000000000000
0.000904761905 -7.533333333333
0.000904761905 -7.066666666667
0.000904761905 -6.600000000000
0.000904761905 -6.133333333333
0.000904761905 -5.666666666667
0.000904761905 -5.200000000000
0.000904761905 -4.733333333333
0.000904761905 -4.266666666667
0.000904761905 -3.800000000000
0.000904761905 -3.333333333333
0.000904761905 -2.866666666667
0.000904761905 -2.400000000000
0.000904761905 -1.933333333333
0.000904761905 -1.466666666667
0.000904761905 -1.000000000000
0.000904761905 -0.950214989876
0.000904761905 -0.900666572453
0.000904761905 -0.851365376462
0.000904761905 -0.802323092133
0.000904761905 -0.753552642079
0.000904761905 -0.705068391357
0.000904761905 -0.656886408743
0.000904761905 -0.609024795931
0.000904761905 -0.561504108464
0.000904761905 -0.514347903027
0.000904761905 -0.467583462777
0.000904761905 -0.421242780245
0.000904761905 -0.375363924425
0.000904761905 -0.329993002221
0.000904761905 -0.285187080642
0.000904761905 -0.241018748334
0.000904761905 -0.197583672716
0.000904761905 -0.155014146033
0.000904761905 -0.113506188896
0.000904761905 -0.073383623210
0.000904761905 -0.035301637755
0.000904761905 -0.002000000000
0.000904761905 -0.001952380952
0.000904761905 -0.001904761905
0.000904761905 -0.001857142857
0.000904761905 -0.001809523810
0.000904761905 -0.001761904762
0.000904761905 -0.001714285714
0.000904761905 -0.001666666667
0.000904761905 -0.001619047619
0.000904761905 -0.001571428571
0.000904761905 -0.001523809524
0.000904761905 -0.001476190476
0.000904761905 -0.001428571429
0.000904761905 -0.001380952381
0.000904761905 -0.001333333333
0.000904761905 -0.001285714286
0.000904761905 -0.001238095238
0.000904761905 -0.001190476190
0.000904761905 -0.001142857143
0.000904761905 -0.001095238095
0.000904761905 -0.001047619048
0.000904761905 -0.001000000000
0.000904761905 -0.000952380952
0.000904761905 -0.000904761905
0.000904761905 -0.000857142857
0.000904761905 -0.000809523810
0.000904761905 -0.000761904762
0.000904761905 -0.000714285714
0.000904761905 -0.000666666667
0.000904761905 -0.000619047619
0.000904761905 -0.000571428571
0.000904761905 -0.000523809524
0.000904761905 -0.000476190476
0.000904761905 -0.000428571429
0.000904761905 -0.000380952381
0.000904761905 -0.000333333333
0.000904761905 -0.000285714286
0.000904761905 -0.000238095238
0.000904761905 -0.000190476190
0.000904761905 -0.000142857143
0.000904761905 -0.000095238095
0.000904761905 -0.000047619048
0.000904761905 0.000000000000
0.000904761905 0.000047619048
0.000904761905 0.000095238095
0.000904761905 0.000142857143
0.000904761905 0.000190476190
0.000904761905 0.000238095238
0.000904761905 0.000285714286
0.000904761905 0.000333333333
0.000904761905 0.000380952381
0.000904761905 0.000428571429
0.000904761905 0.000476190476
0.000904761905 0.000523809524
0.000904761905 0.000571428571
0.000904761905 0.000619047619
0.000904761905 0.000666666667
0.000904761905 0.000714285714
0.000904761905 0.000761904762
0.000904761905 0.000809523810
0.000904761905 0.000857142857
0.000904761905 0.000904761905
0.000904761905 0.000952380952
0.000904761905 0.001000000000
0.000904761905 0.001047619048
0.000904761905 0.001095238095
0.000904761905 0.001142857143
0.000904761905 0.001190476190
0.000904761905 0.001238095238
0.000904761905 0.001285714286
0.000904761905 0.001333333333
0.000904761905 0.001380952381
0.000904761905 0.001428571429
0.000904761905 0.001476190476
0.000904761905 0.001523809524
0.000904761905 0.001571428571
0.000904761905 0.001619047619
0.000904761905 0.001666666667
0.000904761905 0.001714285714
0.000904761905 0.001761904762
0.000904761905 0.001809523810
0.000904761905 0.001857142857
0.000904761905 0.001904761905
0.000904761905 0.001952380952
0.000904761905 0.002000000000
0.000904761905 0.035301637755
0.000904761905 0.073383623210
0.000904761905 0.113506188896
0.000904761905 0.155014146033
0.000904761905 0.197583672716
0.000904761905 0.241018748334
0.000904761905 0.285187080642
0.000904761905 0.329993002221
0.000904761905 0.375363924425
0.000904761905 0.421242780245
0.000904761905 0.467583462777
0.000904761905 0.514347903027
0.000904761905 0.561504108464
0.000904761905 0.609024795931
0.000904761905 0.656886408743
0.000904761905 0.705068391357
0.000904761905 0.753552642079
0.000904761905 0.802323092133
0.000904761905 0.851365376462
0.000904761905 0.900666572453
0.000904761905 0.950214989876
0.000904761905 1.000000000000
0.000904761905 1.466666666667
0.000904761905 1.933333333333
0.000904761905 2.400000000000
0.000904761905 2.866666666667
0.000904761905 3.333333333333
0.000904761905 3.800000000000
0.000904761905 4.266666666667
0.000904761905 4.733333333333
0.000904761905 5.200000000000
0.000904761905 5.666666666667
0.000904761905 6.133333333333
0.000904761905 6.600000000000
0.000904761905 7.066666666667
0.000904761905 7.533333333333
0.000904761905 8.000000000000
0.000904761905 10.000000000000
0.000904761905 12.000000000000
0.000904761905 14.000000000000
0.000904761905 16.000000000000
0.000904761905 18.000000000000
0.000904761905 20.000000000000
0.000904761905 22.000000000000
0.000904761905 24.000000000000
0.000904761905 30.000000000000
0.000904761905 36.000000000000
0.000904761905 42.000000000000
0.000904761905 48.000000000000
0.000952380952 -48.000000000000
0.000952380952 -42.000000000000
0.000952380952 -36.000000000000
0.000952380952 -30.000000000000
0.000952380952 -24.000000000000
0.000952380952 -22.000000000000
0.000952380952 -20.000000000000
0.000952380952 -18.000000000000
0.000952380952 -16.000000000000
0.000952380952 -14.000000000000
0.000952380952 -12.000000000000
0.000952380952 -10.000000000000
0.000952380952 -8.000000000000
0.000952380952 -7.533333333333
0.000952380952 -7.066666666667
0.000952380952 -6.600000000000
0.000952380952 -6.133333333333
0.000952380952 -5.666666666667
0.000952380952 -5.200000000000
0.000952380952 -4.733333333333
0.000952380952 -4.266666666667
0.000952380952 -3.800000000000
0.000952380952 -3.333333333333
0.000952380952 -2.866666666667
0.000952380952 -2.400000000000
0.000952380952 -1.933333333333
0.000952380952 -1.466666666667
0.000952380952 -1.000000000000
0.000952380952 -0.950214989876
0.000952380952 -0.900666572453
0.000952380952 -0.851365376462
0.000952380952 -0.802323092133
0.000952380952 -0.753552642079
0.000952380952 -0.705068391357
0.000952380952 -0.656886408743
0.000952380952 -0.609024795931
0.000952380952 -0.561504108464
0.000952380952 -0.514347903027
0.000952380952 -0.467583462777
0.000952380952 -0.421242780245
0.000952380952 -0.375363924425
0.000952380952 -0.329993002221
0.000952380952 -0.285187080642
0.000952380952 -0.241018748334
0.000952380952 -0.197583672716
0.000952380952 -0.155014146033
0.000952380952 -0.113506188896
0.000952380952 -0.073383623210
0.000952380952 -0.035301637755
0.000952380952 -0.002000000000
0.000952380952 -0.001952380952
0.000952380952 -0.001904761905
0.000952380952 -0.001857142857
0.000952380952 -0.001809523810
0.000952380952 -0.001761904762
0.000952380952 -0.001714285714
0.000952380952 -0.001666666667
0.000952380952 -0.001619047619
0.000952380952 -0.001571428571
0.000952380952 -0.001523809524
0.000952380952 -0.001476190476
0.000952380952 -0.001428571429
0.000952380952 -0.001380952381
0.000952380952 -0.001333333333
0.000952380952 -0.001285714286
0.000952380952 -0.001238095238
0.000952380952 -0.001190476190
0.000952380952 -0.001142857143
0.000952380952 -0.001095238095
0.000952380952 -0.001047619048
0.000952380952 -0.001000000000
0.000952380952 -0.000952380952
0.000952380952 -0.000904761905
0.000952380952 -0.000857142857
0.000952380952 -0.000809523810
0.000952380952 -0.000761904762
0.000952380952 -0.000714285714
0.000952380952 -0.000666666667
0.000952380952 -0.000619047619
0.000952380952 -0.000571428571
0.000952380952 -0.000523809524
0.000952380952 -0.000476190476
0.000952380952 -0.000428571429
0.000952380952 -0.000380952381
0.000952380952 -0.000333333333
0.000952380952 -0.000285714286
0.000952380952 -0.000238095238
0.000952380952 -0.000190476190
0.000952380952 -0.000142857143
0.000952380952 -0.000095238095
0.000952380952 -0.000047619048
0.000952380952 0.000000000000
0.000952380952 0.000047619048
0.000952380952 0.000095238095
0.000952380952 0.000142857143
0.000952380952 0.000190476190
0.000952380952 0.000238095238
0.000952380952 0.000285714286
0.000952380952 0.000333333333
0.000952380952 0.000380952381
0.000952380952 0.000428571429
0.000952380952 0.000476190476
0.000952380952 0.000523809524
0.000952380952 0.000571428571
0.000952380952 0.000619047619
0.000952380952 0.000666666667
0.000952380952 0.000714285714
0.000952380952 0.000761904762
0.000952380952 0.000809523810
0.000952380952 0.000857142857
0.000952380952 0.000904761905
0.000952380952 0.000952380952
0.000952380952 0.001000000000
0.000952380952 0.001047619048
0.000952380952 0.001095238095
0.000952380952 0.001142857143
0.000952380952 0.001190476190
0.000952380952 0.001238095238
0.000952380952 0.001285714286
0.000952380952 0.001333333333
0.000952380952 0.001380952381
0.000952380952 0.001428571429
0.000952380952 0.001476190476
0.000952380952 0.001523809524
0.000952380952 0.001571428571
0.000952380952 0.001619047619
0.000952380952 0.001666666667
0.000952380952 0.001714285714
0.000952380952 0.001761904762
0.000952380952 0.001809523810
0.000952380952 0.001857142857
0.000952380952 0.001904761905
0.000952380952 0.001952380952
0.000952380952 0.002000000000
0.000952380952 0.035301637755
0.000952380952 0.073383623210
0.000952380952 0.113506188896
0.000952380952 0.155014146033
0.000952380952 0.197583672716
0.000952380952 0.241018748334
0.000952380952 0.285187080642
0.000952380952 0.329993002221
0.000952380952 0.375363924425
0.000952380952 0.421242780245
0.000952380952 0.467583462777
0.000952380952 0.514347903027
0.000952380952 0.561504108464
0.000952380952 0.609024795931
0.000952380952 0.656886408743
0.000952380952 0.705068391357
0.000952380952 0.753552642079
0.000952380952 0.802323092133
0.000952380952 0.851365376462
0.000952380952 0.900666572453
0.000952380952 0.950214989876
0.000952380952 1.000000000000
0.000952380952 1.466666666667
0.000952380952 1.933333333333
0.000952380952 2.400000000000
0.000952380952 2.866666666667
0.000952380952 3.333333333333
0.000952380952 3.800000000000
0.000952380952 4.266666666667
0.000952380952 4.733333333333
0.000952380952 5.200000000000
0.000952380952 5.666666666667
0.000952380952 6.133333333333
0.000952380952 6.600000000000
0.000952380952 7.066666666667
0.000952380952 7.533333333333
0.000952380952 8.000000000000
0.000952380952 10.000000000000
0.000952380952 12.000000000000
0.000952380952 14.000000000000
0.000952380952 16.000000000000
0.000952380952 18.000000000000
0.000952380952 20.000000000000
0.000952380952 22.000000000000
0.000952380952 24.000000000000
0.000952380952 30.000000000000
0.000952380952 36.000000000000
0.000952380952 42.000000000000
0.000952380952 48.000000000000
0.001000000000 -48.000000000000
0.001000000000 -42.000000000000
0.001000000000 -36.000000000000
0.001000000000 -30.000000000000
0.001000000000 -24.000000000000
0.001000000000 -22.000000000000
0.001000000000 -20.000000000000
0.001000000000 -18.000000000000
0.001000000000 -16.000000000000
0.001000000000 -14.000000000000
0.001000000000 -12.000000000000
0.001000000000 -10.000000000000
0.001000000000 -8.000000000000
0.001000000000 -7.533333333333
0.001000000000 -7.066666666667
0.001000000000 -6.600000000000
0.001000000000 -6.133333333333
0.001000000000 -5.666666666667
0.001000000000 -5.200000000000
0.001000000000 -4.733333333333
0.001000000000 -4.266666666667
0.001000000000 -3.800000000000
0.001000000000 -3.333333333333
0.001000000000 -2.866666666667
0.001000000000 -2.400000000000
0.001000000000 -1.933333333333
0.001000000000 -1.466666666667
0.001000000000 -1.000000000000
0.001000000000 -0.950214989876
0.001000000000 -0.900666572453
0.001000000000 -0.851365376462
0.001000000000 -0.802323092133
0.001000000000 -0.753552642079
0.001000000000 -0.705068391357
0.001000000000 -0.656886408743
0.001000000000 -0.609024795931
0.001000000000 -0.561504108464
0.001000000000 -0.514347903027
0.001000000000 -0.467583462777
0.001000000000 -0.421242780245
0.001000000000 -0.375363924425
0.001000000000 -0.329993002221
0.001000000000 -0.285187080642
0.001000000000 -0.241018748334
0.001000000000 -0.197583672716
0.001000000000 -0.155014146033
0.001000000000 -0.113506188896
0.001000000000 -0.073383623210
0.001000000000 -0.035301637755
0.001000000000 -0.002000000000
0.001000000000 -0.001952380952
0.001000000000 -0.001904761905
0.001000000000 -0.001857142857
0.001000000000 -0.001809523810
0.001000000000 -0.001761904762
0.001000000000 -0.001714285714
0.001000000000 -0.001666666667
0.001000000000 -0.001619047619
0.001000000000 -0.001571428571
0.001000000000 -0.001523809524
0.001000000000 -0.001476190476
0.001000000000 -0.001428571429
0.001000000000 -0.001380952381
0.001000000000 -0.001333333333
0.001000000000 -0.001285714286
0.001000000000 -0.001238095238
0.001000000000 -0.001190476190
0.001000000000 -0.001142857143
0.001000000000 -0.001095238095
0.001000000000 -0.001047619048
0.001000000000 -0.001000000000
0.001000000000 -0.000952380952
0.001000000000 -0.000904761905
0.001000000000 -0.000857142857
0.001000000000 -0.000809523810
0.001000000000 -0.000761904762
0.001000000000 -0.000714285714
0.001000000000 -0.000666666667
0.001000000000 -0.000619047619
0.001000000000 -0.000571428571
0.001000000000 -0.000523809524
0.001000000000 -0.000476190476
0.001000000000 -0.000428571429
0.001000000000 -0.000380952381
0.001000000000 -0.000333333333
0.001000000000 -0.000285714286
0.001000000000 -0.000238095238
0.001000000000 -0.000190476190
0.001000000000 -0.000142857143
0.001000000000 -0.000095238095
0.001000000000 -0.000047619048
0.001000000000 0.000000000000
0.001000000000 0.000047619048
0.001000000000 0.000095238095
0.001000000000 0.000142857143
0.001000000000 0.000190476190
0.001000000000 0.000238095238
0.001000000000 0.000285714286
0.001000000000 0.000333333333
0.001000000000 0.000380952381
0.001000000000 0.000428571429
0.001000000000 0.000476190476
0.001000000000 0.000523809524
0.001000000000 0.000571428571
0.001000000000 0.000619047619
0.001000000000 0.000666666667
0.001000000000 0.000714285714
0.001000000000 0.000761904762
0.001000000000 0.000809523810
0.001000000000 0.000857142857
0.001000000000 0.000904761905
0.001000000000 0.000952380952
0.001000000000 0.001000000000
0.001000000000 0.001047619048
0.001000000000 0.001095238095
0.001000000000 0.001142857143
0.001000000000 0.001190476190
0.001000000000 0.001238095238
0.001000000000 0.001285714286
0.001000000000 0.001333333333
0.001000000000 0.001380952381
0.001000000000 0.001428571429
0.001000000000 0.001476190476
0.001000000000 0.001523809524
0.001000000000 0.001571428571
0.001000000000 0.001619047619
0.001000000000 0.001666666667
0.001000000000 0.001714285714
0.001000000000 0.001761904762
0.001000000000 0.001809523810
0.001000000000 0.001857142857
0.001000000000 0.001904761905
0.001000000000 0.001952380952
0.001000000000 0.002000000000
0.001000000000 0.035301637755
0.001000000000 0.073383623210
0.001000000000 0.113506188896
0.001000000000 0.155014146033
0.001000000000 0.197583672716
0.001000000000 0.241018748334
0.001000000000 0.285187080642
0.001000000000 0.329993002221
0.001000000000 0.375363924425
0.001000000000 0.421242780245
0.001000000000 0.467583462777
0.001000000000 0.514347903027
0.001000000000 0.561504108464
0.001000000000 0.609024795931
0.001000000000 0.656886408743
0.001000000000 0.705068391357
0.001000000000 0.753552642079
0.001000000000 0.802323092133
0.001000000000 0.851365376462
0.001000000000 0.900666572453
0.001000000000 0.950214989876
0.001000000000 1.000000000000
0.001000000000 1.466666666667
0.001000000000 1.933333333333
0.001000000000 2.400000000000
0.001000000000 2.866666666667
0.001000000000 3.333333333333
0.001000000000 3.800000000000
0.001000000000 4.266666666667
0.001000000000 4.733333333333
0.001000000000 5.200000000000
0.001000000000 5.666666666667
0.001000000000 6.133333333333
0.001000000000 6.600000000000
0.001000000000 7.066666666667
0.001000000000 7.533333333333
0.001000000000 8.000000000000
0.001000000000 10.000000000000
0.001000000000 12.000000000000
0.001000000000 14.000000000000
0.001000000000 16.000000000000
0.001000000000 18.000000000000
0.001000000000 20.000000000000
0.001000000000 22.000000000000
0.001000000000 24.000000000000
0.001000000000 30.000000000000
0.001000000000 36.000000000000
0.001000000000 42.000000000000
0.001000000000 48.000000000000
0.001047619048 -48.000000000000
0.001047619048 -42.000000000000
0.001047619048 -36.000000000000
0.001047619048 -30.000000000000
0.001047619048 -24.000000000000
0.001047619048 -22.000000000000
0.001047619048 -20.000000000000
0.001047619048 -18.000000000000
0.001047619048 -16.000000000000
0.001047619048 -14.000000000000
0.001047619048 -12.000000000000
0.001047619048 -10.000000000000
0.001047619048 -8.000000000000
0.001047619048 -7.533333333333
0.001047619048 -7.066666666667
0.001047619048 -6.600000000000
0.001047619048 -6.133333333333
0.001047619048 -5.666666666667
0.001047619048 -5.200000000000
0.001047619048 -4.733333333333
0.001047619048 -4.266666666667
0.001047619048 -3.800000000000
0.001047619048 -3.333333333333
0.001047619048 -2.866666666667
0.001047619048 -2.400000000000
0.001047619048 -1.933333333333
0.001047619048 -1.466666666667
0.001047619048 -1.000000000000
0.001047619048 -0.950214989876
0.001047619048 -0.900666572453
0.001047619048 -0.851365376462
0.001047619048 -0.802323092133
0.001047619048 -0.753552642079
0.001047619048 -0.705068391357
0.001047619048 -0.656886408743
0.001047619048 -0.609024795931
0.001047619048 -0.561504108464
0.001047619048 -0.514347903027
0.001047619048 -0.467583462777
0.001047619048 -0.421242780245
0.001047619048 -0.375363924425
0.001047619048 -0.329993002221
0.001047619048 -0.285187080642
0.001047619048 -0.241018748334
0.001047619048 -0.197583672716
0.001047619048 -0.155014146033
0.001047619048 -0.113506188896
0.001047619048 -0.073383623210
0.001047619048 -0.035301637755
0.001047619048 -0.002000000000
0.001047619048 -0.001952380952
0.001047619048 -0.001904761905
0.001047619048 -0.001857142857
0.001047619048 -0.001809523810
0.001047619048 -0.001761904762
0.001047619048 -0.001714285714
0.001047619048 -0.001666666667
0.001047619048 -0.001619047619
0.001047619048 -0.001571428571
0.001047619048 -0.001523809524
0.001047619048 -0.001476190476
0.001047619048 -0.001428571429
0.001047619048 -0.001380952381
0.001047619048 -0.001333333333
0.001047619048 -0.001285714286
0.001047619048 -0.001238095238
0.001047619048 -0.001190476190
0.001047619048 -0.001142857143
0.001047619048 -0.001095238095
0.001047619048 -0.001047619048
0.001047619048 -0.001000000000
0.001047619048 -0.000952380952
0.001047619048 -0.000904761905
0.001047619048 -0.000857142857
0.001047619048 -0.000809523810
0.001047619048 -0.000761904762
0.001047619048 -0.000714285714
0.001047619048 -0.000666666667
0.001047619048 -0.000619047619
0.001047619048 -0.000571428571
0.001047619048 -0.000523809524
0.001047619048 -0.000476190476
0.001047619048 -0.000428571429
0.001047619048 -0.000380952381
0.001047619048 -0.000333333333
0.001047619048 -0.000285714286
0.001047619048 -0.000238095238
0.001047619048 -0.000190476190
0.001047619048 -0.000142857143
0.001047619048 -0.000095238095
0.001047619048 -0.000047619048
0.001047619048 0.000000000000
0.001047619048 0.000047619048
0.001047619048 0.000095238095
0.001047619048 0.000142857143
0.001047619048 0.000190476190
0.001047619048 0.000238095238
0.001047619048 0.000285714286
0.001047619048 0.000333333333
0.001047619048 0.000380952381
0.001047619048 0.000428571429
0.001047619048 0.000476190476
0.001047619048 0.000523809524
0.001047619048 0.000571428571
0.001047619048 0.000619047619
0.001047619048 0.000666666667
0.001047619048 0.000714285714
0.001047619048 0.000761904762
0.001047619048 0.000809523810
0.001047619048 0.000857142857
0.001047619048 0.000904761905
0.001047619048 0.000952380952
0.001047619048 0.001000000000
0.001047619048 0.001047619048
0.001047619048 0.001095238095
0.001047619048 0.001142857143
0.001047619048 0.001190476190
0.001047619048 0.001238095238
0.001047619048 0.001285714286
0.001047619048 0.001333333333
0.001047619048 0.001380952381
0.001047619048 0.001428571429
0.001047619048 0.001476190476
0.001047619048 0.001523809524
0.001047619048 0.001571428571
0.001047619048 0.001619047619
0.001047619048 0.001666666667
0.001047619048 0.001714285714
0.001047619048 0.001761904762
0.001047619048 0.001809523810
0.001047619048 0.001857142857
0.001047619048 0.001904761905
0.001047619048 0.001952380952
0.001047619048 0.002000000000
0.001047619048 0.035301637755
0.001047619048 0.073383623210
0.001047619048 0.113506188896
0.001047619048 0.155014146033
0.001047619048 0.197583672716
0.001047619048 0.241018748334
0.001047619048 0.285187080642
0.001047619048 0.329993002221
0.001047619048 0.375363924425
0.001047619048 0.421242780245
0.001047619048 0.467583462777
0.001047619048 0.514347903027
0.001047619048 0.561504108464
0.001047619048 0.609024795931
0.001047619048 0.656886408743
0.001047619048 0.705068391357
0.001047619048 0.753552642079
0.001047619048 0.802323092133
0.001047619048 0.851365376462
0.001047619048 0.900666572453
0.001047619048 0.950214989876
0.001047619048 1.000000000000
0.001047619048 1.466666666667
0.001047619048 1.933333333333
0.001047619048 2.400000000000
0.001047619048 2.866666666667
0.001047619048 3.333333333333
0.001047619048 3.800000000000
0.001047619048 4.266666666667
0.001047619048 4.733333333333
0.001047619048 5.200000000000
0.001047619048 5.666666666667
0.001047619048 6.133333333333
0.001047619048 6.600000000000
0.001047619048 7.066666666667
0.001047619048 7.533333333333
0.001047619048 8.000000000000
0.001047619048 10.000000000000
0.001047619048 12.000000000000
0.001047619048 14.000000000000
0.001047619048 16.000000000000
0.001047619048 18.000000000000
0.001047619048 20.000000000000
0.001047619048 22.000000000000
0.001047619048 24.000000000000
0.001047619048 30.000000000000
0.001047619048 36.000000000000
0.001047619048 42.000000000000
0.001047619048 48.000000000000
0.001095238095 -48.000000000000
0.001095238095 -42.000000000000
0.001095238095 -36.000000000000
0.001095238095 -30.000000000000
0.001095238095 -24.000000000000
0.001095238095 -22.000000000000
0.001095238095 -20.000000000000
0.001095238095 -18.000000000000
0.001095238095 -16.000000000000
0.001095238095 -14.000000000000
0.001095238095 -12.000000000000
0.001095238095 -10.000000000000
0.001095238095 -8.000000000000
0.001095238095 -7.533333333333
0.001095238095 -7.066666666667
0.001095238095 -6.600000000000
0.001095238095 -6.133333333333
0.001095238095 -5.666666666667
0.001095238095 -5.200000000000
0.001095238095 -4.733333333333
0.001095238095 -4.266666666667
0.001095238095 -3.800000000000
0.001095238095 -3.333333333333
0.001095238095 -2.866666666667
0.001095238095 -2.400000000000
0.001095238095 -1.933333333333
0.001095238095 -1.466666666667
0.001095238095 -1.000000000000
0.001095238095 -0.950214989876
0.001095238095 -0.900666572453
0.001095238095 -0.851365376462
0.001095238095 -0.802323092133
0.001095238095 -0.753552642079
0.001095238095 -0.705068391357
0.001095238095 -0.656886408743
0.001095238095 -0.609024795931
0.001095238095 -0.561504108464
0.001095238095 -0.514347903027
0.001095238095 -0.467583462777
0.001095238095 -0.421242780245
0.001095238095 -0.375363924425
0.001095238095 -0.329993002221
0.001095238095 -0.285187080642
0.001095238095 -0.241018748334
0.001095238095 -0.197583672716
0.001095238095 -0.155014146033
0.001095238095 -0.113506188896
0.001095238095 -0.073383623210
0.001095238095 -0.035301637755
0.001095238095 -0.002000000000
0.001095238095 -0.001952380952
0.001095238095 -0.001904761905
0.001095238095 -0.001857142857
0.001095238095 -0.001809523810
0.001095238095 -0.001761904762
0.001095238095 -0.001714285714
0.001095238095 -0.001666666667
0.001095238095 -0.001619047619
0.001095238095 -0.001571428571
0.001095238095 -0.001523809524
0.001095238095 -0.001476190476
0.001095238095 -0.001428571429
0.001095238095 -0.001380952381
0.001095238095 -0.001333333333
0.001095238095 -0.001285714286
0.001095238095 -0.001238095238
0.001095238095 -0.001190476190
0.001095238095 -0.001142857143
0.001095238095 -0.001095238095
0.001095238095 -0.001047619048
0.001095238095 -0.001000000000
0.001095238095 -0.000952380952
0.001095238095 -0.000904761905
0.001095238095 -0.000857142857
0.001095238095 -0.000809523810
0.001095238095 -0.000761904762
0.001095238095 -0.000714285714
0.001095238095 -0.000666666667
0.001095238095 -0.000619047619
0.001095238095 -0.000571428571
0.001095238095 -0.000523809524
0.001095238095 -0.000476190476
0.001095238095 -0.000428571429
0.001095238095 -0.000380952381
0.001095238095 -0.000333333333
0.001095238095 -0.000285714286
0.001095238095 -0.000238095238
0.001095238095 -0.000190476190
0.001095238095 -0.000142857143
0.001095238095 -0.000095238095
0.001095238095 -0.000047619048
0.001095238095 0.000000000000
0.001095238095 0.000047619048
0.001095238095 0.000095238095
0.001095238095 0.000142857143
0.001095238095 0.000190476190
0.001095238095 0.000238095238
0.001095238095 0.000285714286
0.001095238095 0.000333333333
0.001095238095 0.000380952381
0.001095238095 0.000428571429
0.001095238095 0.000476190476
0.001095238095 0.000523809524
0.001095238095 0.000571428571
0.001095238095 0.000619047619
0.001095238095 0.000666666667
0.001095238095 0.000714285714
0.001095238095 0.000761904762
0.001095238095 0.000809523810
0.001095238095 0.000857142857
0.001095238095 0.000904761905
0.001095238095 0.000952380952
0.001095238095 0.001000000000
0.001095238095 0.001047619048
0.001095238095 0.001095238095
0.001095238095 0.001142857143
0.001095238095 0.001190476190
0.001095238095 0.001238095238
0.001095238095 0.001285714286
0.001095238095 0.001333333333
0.001095238095 0.001380952381
0.001095238095 0.001428571429
0.001095238095 0.001476190476
0.001095238095 0.001523809524
0.001095238095 0.001571428571
0.001095238095 0.001619047619
0.001095238095 0.001666666667
0.001095238095 0.001714285714
0.001095238095 0.001761904762
0.001095238095 0.001809523810
0.001095238095 0.001857142857
0.001095238095 0.001904761905
0.001095238095 0.001952380952
0.001095238095 0.002000000000
0.001095238095 0.035301637755
0.001095238095 0.073383623210
0.001095238095 0.113506188896
0.001095238095 0.155014146033
0.001095238095 0.197583672716
0.001095238095 0.241018748334
0.001095238095 0.285187080642
0.001095238095 0.329993002221
0.001095238095 0.375363924425
0.001095238095 0.421242780245
0.001095238095 0.467583462777
0.001095238095 0.514347903027
0.001095238095 0.561504108464
0.001095238095 0.609024795931
0.001095238095 0.656886408743
0.001095238095 0.705068391357
0.001095238095 0.753552642079
0.001095238095 0.802323092133
0.001095238095 0.851365376462
0.001095238095 0.900666572453
0.001095238095 0.950214989876
0.001095238095 1.000000000000
0.001095238095 1.466666666667
0.001095238095 1.933333333333
0.001095238095 2.400000000000
0.001095238095 2.866666666667
0.001095238095 3.333333333333
0.001095238095 3.800000000000
0.001095238095 4.266666666667
0.001095238095 4.733333333333
0.001095238095 5.200000000000
0.001095238095 5.666666666667
0.001095238095 6.133333333333
0.001095238095 6.600000000000
0.001095238095 7.066666666667
0.001095238095 7.533333333333
0.001095238095 8.000000000000
0.001095238095 10.000000000000
0.001095238095 12.000000000000
0.001095238095 14.000000000000
0.001095238095 16.000000000000
0.001095238095 18.000000000000
0.001095238095 20.000000000000
0.001095238095 22.000000000000
0.001095238095 24.000000000000
0.001095238095 30.000000000000
0.001095238095 36.000000000000
0.001095238095 42.000000000000
0.001095238095 48.000000000000
0.001142857143 -48.000000000000
0.001142857143 -42.000000000000
0.001142857143 -36.000000000000
0.001142857143 -30.000000000000
0.001142857143 -24.000000000000
0.001142857143 -22.000000000000
0.001142857143 -20.000000000000
0.001142857143 -18.000000000000
0.001142857143 -16.000000000000
0.001142857143 -14.000000000000
0.001142857143 -12.000000000000
0.001142857143 -10.000000000000
0.001142857143 -8.000000000000
0.001142857143 -7.533333333333
0.001142857143 -7.066666666667
0.001142857143 -6.600000000000
0.001142857143 -6.133333333333
0.001142857143 -5.666666666667
0.001142857143 -5.200000000000
0.001142857143 -4.733333333333
0.001142857143 -4.266666666667
0.001142857143 -3.800000000000
0.001142857143 -3.333333333333
0.001142857143 -2.866666666667
0.001142857143 -2.400000000000
0.001142857143 -1.933333333333
0.001142857143 -1.466666666667
0.001142857143 -1.000000000000
0.001142857143 -0.950214989876
0.001142857143 -0.900666572453
0.001142857143 -0.851365376462
0.001142857143 -0.802323092133
0.001142857143 -0.753552642079
0.001142857143 -0.705068391357
0.001142857143 -0.656886408743
0.001142857143 -0.609024795931
0.001142857143 -0.561504108464
0.001142857143 -0.514347903027
0.001142857143 -0.467583462777
0.001142857143 -0.421242780245
0.001142857143 -0.375363924425
0.001142857143 -0.329993002221
0.001142857143 -0.285187080642
0.001142857143 -0.241018748334
0.001142857143 -0.197583672716
0.001142857143 -0.155014146033
0.001142857143 -0.113506188896
0.001142857143 -0.073383623210
0.001142857143 -0.035301637755
0.001142857143 -0.002000000000
0.001142857143 -0.001952380952
0.001142857143 -0.001904761905
0.001142857143 -0.001857142857
0.001142857143 -0.001809523810
0.001142857143 -0.001761904762
0.001142857143 -0.001714285714
0.001142857143 -0.001666666667
0.001142857143 -0.001619047619
0.001142857143 -0.001571428571
0.001142857143 -0.001523809524
0.001142857143 -0.001476190476
0.001142857143 -0.001428571429
0.001142857143 -0.001380952381
0.001142857143 -0.001333333333
0.001142857143 -0.001285714286
0.001142857143 -0.001238095238
0.001142857143 -0.001190476190
0.001142857143 -0.001142857143
0.001142857143 -0.001095238095
0.001142857143 -0.001047619048
0.001142857143 -0.001000000000
0.001142857143 -0.000952380952
0.001142857143 -0.000904761905
0.001142857143 -0.000857142857
0.001142857143 -0.000809523810
0.001142857143 -0.000761904762
0.001142857143 -0.000714285714
0.001142857143 -0.000666666667
0.001142857143 -0.000619047619
0.001142857143 -0.000571428571
0.001142857143 -0.000523809524
0.001142857143 -0.000476190476
0.001142857143 -0.000428571429
0.001142857143 -0.000380952381
0.001142857143 -0.000333333333
0.001142857143 -0.000285714286
0.001142857143 -0.000238095238
0.001142857143 -0.000190476190
0.001142857143 -0.000142857143
0.001142857143 -0.000095238095
0.001142857143 -0.000047619048
0.001142857143 0.000000000000
0.001142857143 0.000047619048
0.001142857143 0.000095238095
0.001142857143 0.000142857143
0.001142857143 0.000190476190
0.001142857143 0.000238095238
0.001142857143 0.000285714286
0.001142857143 0.000333333333
0.001142857143 0.000380952381
0.001142857143 0.000428571429
0.001142857143 0.000476190476
0.001142857143 0.000523809524
0.001142857143 0.000571428571
0.001142857143 0.000619047619
0.001142857143 0.000666666667
0.001142857143 0.000714285714
0.001142857143 0.000761904762
0.001142857143 0.000809523810
0.001142857143 0.000857142857
0.001142857143 0.000904761905
0.001142857143 0.000952380952
0.001142857143 0.001000000000
0.001142857143 0.001047619048
0.001142857143 0.001095238095
0.001142857143 0.001142857143
0.001142857143 0.001190476190
0.001142857143 0.001238095238
0.001142857143 0.001285714286
0.001142857143 0.001333333333
0.001142857143 0.001380952381
0.001142857143 0.001428571429
0.001142857143 0.001476190476
0.001142857143 0.001523809524
0.001142857143 0.001571428571
0.001142857143 0.001619047619
0.001142857143 0.001666666667
0.001142857143 0.001714285714
0.001142857143 0.001761904762
0.001142857143 0.001809523810
0.001142857143 0.001857142857
0.001142857143 0.001904761905
0.001142857143 0.001952380952
0.001142857143 0.002000000000
0.001142857143 0.035301637755
0.001142857143 0.073383623210
0.001142857143 0.113506188896
0.001142857143 0.155014146033
0.001142857143 0.197583672716
0.001142857143 0.241018748334
0.001142857143 0.285187080642
0.001142857143 0.329993002221
0.001142857143 0.375363924425
0.001142857143 0.421242780245
0.001142857143 0.467583462777
0.001142857143 0.514347903027
0.001142857143 0.561504108464
0.001142857143 0.609024795931
0.001142857143 0.656886408743
0.001142857143 0.705068391357
0.001142857143 0.753552642079
0.001142857143 0.802323092133
0.001142857143 0.851365376462
0.001142857143 0.900666572453
0.001142857143 0.950214989876
0.001142857143 1.000000000000
0.001142857143 1.466666666667
0.001142857143 1.933333333333
0.001142857143 2.400000000000
0.001142857143 2.866666666667
0.001142857143 3.333333333333
0.001142857143 3.800000000000
0.001142857143 4.266666666667
0.001142857143 4.733333333333
0.001142857143 5.200000000000
0.001142857143 5.666666666667
0.001142857143 6.133333333333
0.001142857143 6.600000000000
0.001142857143 7.066666666667
0.001142857143 7.533333333333
0.001142857143 8.000000000000
0.001142857143 10.000000000000
0.001142857143 12.000000000000
0.001142857143 14.000000000000
0.001142857143 16.000000000000
0.001142857143 18.000000000000
0.001142857143 20.000000000000
0.001142857143 22.000000000000
0.001142857143 24.000000000000
0.001142857143 30.000000000000
0.001142857143 36.000000000000
0.001142857143 42.000000000000
0.001142857143 48.000000000000
0.001190476190 -48.000000000000
0.001190476190 -42.000000000000
0.001190476190 -36.000000000000
0.001190476190 -30.000000000000
0.001190476190 -24.000000000000
0.001190476190 -22.000000000000
0.001190476190 -20.000000000000
0.001190476190 -18.000000000000
0.001190476190 -16.000000000000
0.001190476190 -14.000000000000
0.001190476190 -12.000000000000
0.001190476190 -10.000000000000
0.001190476190 -8.000000000000
0.001190476190 -7.533333333333
0.001190476190 -7.066666666667
0.001190476190 -6.600000000000
0.001190476190 -6.133333333333
0.001190476190 -5.666666666667
0.001190476190 -5.200000000000
0.001190476190 -4.733333333333
0.001190476190 -4.266666666667
0.001190476190 -3.800000000000
0.001190476190 -3.333333333333
0.001190476190 -2.866666666667
0.001190476190 -2.400000000000
0.001190476190 -1.933333333333
0.001190476190 -1.466666666667
0.001190476190 -1.000000000000
0.001190476190 -0.950214989876
0.001190476190 -0.900666572453
0.001190476190 -0.851365376462
0.001190476190 -0.802323092133
0.001190476190 -0.753552642079
0.001190476190 -0.705068391357
0.001190476190 -0.656886408743
0.001190476190 -0.609024795931
0.001190476190 -0.561504108464
0.001190476190 -0.514347903027
0.001190476190 -0.467583462777
0.001190476190 -0.421242780245
0.001190476190 -0.375363924425
0.001190476190 -0.329993002221
0.001190476190 -0.285187080642
0.001190476190 -0.241018748334
0.001190476190 -0.197583672716
0.001190476190 -0.155014146033
0.001190476190 -0.113506188896
0.001190476190 -0.073383623210
0.001190476190 -0.035301637755
0.001190476190 -0.002000000000
0.001190476190 -0.001952380952
0.001190476190 -0.001904761905
0.001190476190 -0.001857142857
0.001190476190 -0.001809523810
0.001190476190 -0.001761904762
0.001190476190 -0.001714285714
0.001190476190 -0.001666666667
0.001190476190 -0.001619047619
0.001190476190 -0.001571428571
0.001190476190 -0.001523809524
0.001190476190 -0.001476190476
0.001190476190 -0.001428571429
0.001190476190 -0.001380952381
0.001190476190 -0.001333333333
0.001190476190 -0.001285714286
0.001190476190 -0.001238095238
0.001190476190 -0.001190476190
0.001190476190 -0.001142857143
0.001190476190 -0.001095238095
0.001190476190 -0.001047619048
0.001190476190 -0.001000000000
0.001190476190 -0.000952380952
0.001190476190 -0.000904761905
0.001190476190 -0.000857142857
0.001190476190 -0.000809523810
0.001190476190 -0.000761904762
0.001190476190 -0.000714285714
0.001190476190 -0.000666666667
0.001190476190 -0.000619047619
0.001190476190 -0.000571428571
0.001190476190 -0.000523809524
0.001190476190 -0.000476190476
0.001190476190 -0.000428571429
0.001190476190 -0.000380952381
0.001190476190 -0.000333333333
0.001190476190 -0.000285714286
0.001190476190 -0.000238095238
0.001190476190 -0.000190476190
0.001190476190 -0.000142857143
0.001190476190 -0.000095238095
0.001190476190 -0.000047619048
0.001190476190 0.000000000000
0.001190476190 0.000047619048
0.001190476190 0.000095238095
0.001190476190 0.000142857143
0.001190476190 0.000190476190
0.001190476190 0.000238095238
0.001190476190 0.000285714286
0.001190476190 0.000333333333
0.001190476190 0.000380952381
0.001190476190 0.000428571429
0.001190476190 0.000476190476
0.001190476190 0.000523809524
0.001190476190 0.000571428571
0.001190476190 0.000619047619
0.001190476190 0.000666666667
0.001190476190 0.000714285714
0.001190476190 0.000761904762
0.001190476190 0.000809523810
0.001190476190 0.000857142857
0.001190476190 0.000904761905
0.001190476190 0.000952380952
0.001190476190 0.001000000000
0.001190476190 0.001047619048
0.001190476190 0.001095238095
0.001190476190 0.001142857143
0.001190476190 0.001190476190
0.001190476190 0.001238095238
0.001190476190 0.001285714286
0.001190476190 0.001333333333
0.001190476190 0.001380952381
0.001190476190 0.001428571429
0.001190476190 0.001476190476
0.001190476190 0.001523809524
0.001190476190 0.001571428571
0.001190476190 0.001619047619
0.001190476190 0.001666666667
0.001190476190 0.001714285714
0.001190476190 0.001761904762
0.001190476190 0.001809523810
0.001190476190 0.001857142857
0.001190476190 0.001904761905
0.001190476190 0.001952380952
0.001190476190 0.002000000000
0.001190476190 0.035301637755
0.001190476190 0.073383623210
0.001190476190 0.113506188896
0.001190476190 0.155014146033
0.001190476190 0.197583672716
0.001190476190 0.241018748334
0.001190476190 0.285187080642
0.001190476190 0.329993002221
0.001190476190 0.375363924425
0.001190476190 0.421242780245
0.001190476190 0.467583462777
0.001190476190 0.514347903027
0.001190476190 0.561504108464
0.001190476190 0.609024795931
0.001190476190 0.656886408743
0.001190476190 0.705068391357
0.001190476190 0.753552642079
0.001190476190 0.802323092133
0.001190476190 0.851365376462
0.001190476190 0.900666572453
0.001190476190 0.950214989876
0.001190476190 1.000000000000
0.001190476190 1.466666666667
0.001190476190 1.933333333333
0.001190476190 2.400000000000
0.001190476190 2.866666666667
0.001190476190 3.333333333333
0.001190476190 3.800000000000
0.001190476190 4.266666666667
0.001190476190 4.733333333333
0.001190476190 5.200000000000
0.001190476190 5.666666666667
0.001190476190 6.133333333333
0.001190476190 6.600000000000
0.001190476190 7.066666666667
0.001190476190 7.533333333333
0.001190476190 8.000000000000
0.001190476190 10.000000000000
0.001190476190 12.000000000000
0.001190476190 14.000000000000
0.001190476190 16.000000000000
0.001190476190 18.000000000000
0.001190476190 20.000000000000
0.001190476190 22.000000000000
0.001190476190 24.000000000000
0.001190476190 30.000000000000
0.001190476190 36.000000000000
0.001190476190 42.000000000000
0.001190476190 48.000000000000
0.001238095238 -48.000000000000
0.001238095238 -42.000000000000
0.001238095238 -36.000000000000
0.001238095238 -30.000000000000
0.001238095238 -24.000000000000
0.001238095238 -22.000000000000
0.001238095238 -20.000000000000
0.001238095238 -18.000000000000
0.001238095238 -16.000000000000
0.001238095238 -14.000000000000
0.001238095238 -12.000000000000
0.001238095238 -10.000000000000
0.001238095238 -8.000000000000
0.001238095238 -7.533333333333
0.001238095238 -7.066666666667
0.001238095238 -6.600000000000
0.001238095238 -6.133333333333
0.001238095238 -5.666666666667
0.001238095238 -5.200000000000
0.001238095238 -4.733333333333
0.001238095238 -4.266666666667
0.001238095238 -3.800000000000
0.001238095238 -3.333333333333
0.001238095238 -2.866666666667
0.001238095238 -2.400000000000
0.001238095238 -1.933333333333
0.001238095238 -1.466666666667
0.001238095238 -1.000000000000
0.001238095238 -0.950214989876
0.001238095238 -0.900666572453
0.001238095238 -0.851365376462
0.001238095238 -0.802323092133
0.001238095238 -0.753552642079
0.001238095238 -0.705068391357
0.001238095238 -0.656886408743
0.001238095238 -0.609024795931
0.001238095238 -0.561504108464
0.001238095238 -0.514347903027
0.001238095238 -0.467583462777
0.001238095238 -0.421242780245
0.001238095238 -0.375363924425
0.001238095238 -0.329993002221
0.001238095238 -0.285187080642
0.001238095238 -0.241018748334
0.001238095238 -0.197583672716
0.001238095238 -0.155014146033
0.001238095238 -0.113506188896
0.001238095238 -0.073383623210
0.001238095238 -0.035301637755
0.001238095238 -0.002000000000
0.001238095238 -0.001952380952
0.001238095238 -0.001904761905
0.001238095238 -0.001857142857
0.001238095238 -0.001809523810
0.001238095238 -0.001761904762
0.001238095238 -0.001714285714
0.001238095238 -0.001666666667
0.001238095238 -0.001619047619
0.001238095238 -0.001571428571
0.001238095238 -0.001523809524
0.001238095238 -0.001476190476
0.001238095238 -0.001428571429
0.001238095238 -0.001380952381
0.001238095238 -0.001333333333
0.001238095238 -0.001285714286
0.001238095238 -0.001238095238
0.001238095238 -0.001190476190
0.001238095238 -0.001142857143
0.001238095238 -0.001095238095
0.001238095238 -0.001047619048
0.001238095238 -0.001000000000
0.001238095238 -0.000952380952
0.001238095238 -0.000904761905
0.001238095238 -0.000857142857
0.001238095238 -0.000809523810
0.001238095238 -0.000761904762
0.001238095238 -0.000714285714
0.001238095238 -0.000666666667
0.001238095238 -0.000619047619
0.001238095238 -0.000571428571
0.001238095238 -0.000523809524
0.001238095238 -0.000476190476
0.001238095238 -0.000428571429
0.001238095238 -0.000380952381
0.001238095238 -0.000333333333
0.001238095238 -0.000285714286
0.001238095238 -0.000238095238
0.001238095238 -0.000190476190
0.001238095238 -0.000142857143
0.001238095238 -0.000095238095
0.001238095238 -0.000047619048
0.001238095238 0.000000000000
0.001238095238 0.000047619048
0.001238095238 0.000095238095
0.001238095238 0.000142857143
0.001238095238 0.000190476190
0.001238095238 0.000238095238
0.001238095238 0.000285714286
0.001238095238 0.000333333333
0.001238095238 0.000380952381
0.001238095238 0.000428571429
0.001238095238 0.000476190476
0.001238095238 0.000523809524
0.001238095238 0.000571428571
0.001238095238 0.000619047619
0.001238095238 0.000666666667
0.001238095238 0.000714285714
0.001238095238 0.000761904762
0.001238095238 0.000809523810
0.001238095238 0.000857142857
0.001238095238 0.000904761905
0.001238095238 0.000952380952
0.001238095238 0.001000000000
0.001238095238 0.001047619048
0.001238095238 0.001095238095
0.001238095238 0.001142857143
0.001238095238 0.001190476190
0.001238095238 0.001238095238
0.001238095238 0.001285714286
0.001238095238 0.001333333333
0.001238095238 0.001380952381
0.001238095238 0.001428571429
0.001238095238 0.001476190476
0.001238095238 0.001523809524
0.001238095238 0.001571428571
0.001238095238 0.001619047619
0.001238095238 0.001666666667
0.001238095238 0.001714285714
0.001238095238 0.001761904762
0.001238095238 0.001809523810
0.001238095238 0.001857142857
0.001238095238 0.001904761905
0.001238095238 0.001952380952
0.001238095238 0.002000000000
0.001238095238 0.035301637755
0.001238095238 0.073383623210
0.001238095238 0.113506188896
0.001238095238 0.155014146033
0.001238095238 0.197583672716
0.001238095238 0.241018748334
0.001238095238 0.285187080642
0.001238095238 0.329993002221
0.001238095238 0.375363924425
0.001238095238 0.421242780245
0.001238095238 0.467583462777
0.001238095238 0.514347903027
0.001238095238 0.561504108464
0.001238095238 0.609024795931
0.001238095238 0.656886408743
0.001238095238 0.705068391357
0.001238095238 0.753552642079
0.001238095238 0.802323092133
0.001238095238 0.851365376462
0.001238095238 0.900666572453
0.001238095238 0.950214989876
0.001238095238 1.000000000000
0.001238095238 1.466666666667
0.001238095238 1.933333333333
0.001238095238 2.400000000000
0.001238095238 2.866666666667
0.001238095238 3.333333333333
0.001238095238 3.800000000000
0.001238095238 4.266666666667
0.001238095238 4.733333333333
0.001238095238 5.200000000000
0.001238095238 5.666666666667
0.001238095238 6.133333333333
0.001238095238 6.600000000000
0.001238095238 7.066666666667
0.001238095238 7.533333333333
0.001238095238 8.000000000000
0.001238095238 10.000000000000
0.001238095238 12.000000000000
0.001238095238 14.000000000000
0.001238095238 16.000000000000
0.001238095238 18.000000000000
0.001238095238 20.000000000000
0.001238095238 22.000000000000
0.001238095238 24.000000000000
0.001238095238 30.000000000000
0.001238095238 36.000000000000
0.001238095238 42.000000000000
0.001238095238 48.000000000000
0.001285714286 -48.000000000000
0.001285714286 -42.000000000000
0.001285714286 -36.000000000000
0.001285714286 -30.000000000000
0.001285714286 -24.000000000000
0.001285714286 -22.000000000000
0.001285714286 -20.000000000000
0.001285714286 -18.000000000000
0.001285714286 -16.000000000000
0.001285714286 -14.000000000000
0.001285714286 -12.000000000000
0.001285714286 -10.000000000000
0.001285714286 -8.000000000000
0.001285714286 -7.533333333333
0.001285714286 -7.066666666667
0.001285714286 -6.600000000000
0.001285714286 -6.133333333333
0.001285714286 -5.666666666667
0.001285714286 -5.200000000000
0.001285714286 -4.733333333333
0.001285714286 -4.266666666667
0.001285714286 -3.800000000000
0.001285714286 -3.333333333333
0.001285714286 -2.866666666667
0.001285714286 -2.400000000000
0.001285714286 -1.933333333333
0.001285714286 -1.466666666667
0.001285714286 -1.000000000000
0.001285714286 -0.950214989876
0.001285714286 -0.900666572453
0.001285714286 -0.851365376462
0.001285714286 -0.802323092133
0.001285714286 -0.753552642079
0.001285714286 -0.705068391357
0.001285714286 -0.656886408743
0.001285714286 -0.609024795931
0.001285714286 -0.561504108464
0.001285714286 -0.514347903027
0.001285714286 -0.467583462777
0.001285714286 -0.421242780245
0.001285714286 -0.375363924425
0.001285714286 -0.329993002221
0.001285714286 -0.285187080642
0.001285714286 -0.241018748334
0.001285714286 -0.197583672716
0.001285714286 -0.155014146033
0.001285714286 -0.113506188896
0.001285714286 -0.073383623210
0.001285714286 -0.035301637755
0.001285714286 -0.002000000000
0.001285714286 -0.001952380952
0.001285714286 -0.001904761905
0.001285714286 -0.001857142857
0.001285714286 -0.001809523810
0.001285714286 -0.001761904762
0.001285714286 -0.001714285714
0.001285714286 -0.001666666667
0.001285714286 -0.001619047619
0.001285714286 -0.001571428571
0.001285714286 -0.001523809524
0.001285714286 -0.001476190476
0.001285714286 -0.001428571429
0.001285714286 -0.001380952381
0.001285714286 -0.001333333333
0.001285714286 -0.001285714286
0.001285714286 -0.001238095238
0.001285714286 -0.001190476190
0.001285714286 -0.001142857143
0.001285714286 -0.001095238095
0.001285714286 -0.001047619048
0.001285714286 -0.001000000000
0.001285714286 -0.000952380952
0.001285714286 -0.000904761905
0.001285714286 -0.000857142857
0.001285714286 -0.000809523810
0.001285714286 -0.000761904762
0.001285714286 -0.000714285714
0.001285714286 -0.000666666667
0.001285714286 -0.000619047619
0.001285714286 -0.000571428571
0.001285714286 -0.000523809524
0.001285714286 -0.000476190476
0.001285714286 -0.000428571429
0.001285714286 -0.000380952381
0.001285714286 -0.000333333333
0.001285714286 -0.000285714286
0.001285714286 -0.000238095238
0.001285714286 -0.000190476190
0.001285714286 -0.000142857143
0.001285714286 -0.000095238095
0.001285714286 -0.000047619048
0.001285714286 0.000000000000
0.001285714286 0.000047619048
0.001285714286 0.000095238095
0.001285714286 0.000142857143
0.001285714286 0.000190476190
0.001285714286 0.000238095238
0.001285714286 0.000285714286
0.001285714286 0.000333333333
0.001285714286 0.000380952381
0.001285714286 0.000428571429
0.001285714286 0.000476190476
0.001285714286 0.000523809524
0.001285714286 0.000571428571
0.001285714286 0.000619047619
0.001285714286 0.000666666667
0.001285714286 0.000714285714
0.001285714286 0.000761904762
0.001285714286 0.000809523810
0.001285714286 0.000857142857
0.001285714286 0.000904761905
0.001285714286 0.000952380952
0.001285714286 0.001000000000
0.001285714286 0.001047619048
0.001285714286 0.001095238095
0.001285714286 0.001142857143
0.001285714286 0.001190476190
0.001285714286 0.001238095238
0.001285714286 0.001285714286
0.001285714286 0.001333333333
0.001285714286 0.001380952381
0.001285714286 0.001428571429
0.001285714286 0.001476190476
0.001285714286 0.001523809524
0.001285714286 0.001571428571
0.001285714286 0.001619047619
0.001285714286 0.001666666667
0.001285714286 0.001714285714
0.001285714286 0.001761904762
0.001285714286 0.001809523810
0.001285714286 0.001857142857
0.001285714286 0.001904761905
0.001285714286 0.001952380952
0.001285714286 0.002000000000
0.001285714286 0.035301637755
0.001285714286 0.073383623210
0.001285714286 0.113506188896
0.001285714286 0.155014146033
0.001285714286 0.197583672716
0.001285714286 0.241018748334
0.001285714286 0.285187080642
0.001285714286 0.329993002221
0.001285714286 0.375363924425
0.001285714286 0.421242780245
0.001285714286 0.467583462777
0.001285714286 0.514347903027
0.001285714286 0.561504108464
0.001285714286 0.609024795931
0.001285714286 0.656886408743
0.001285714286 0.705068391357
0.001285714286 0.753552642079
0.001285714286 0.802323092133
0.001285714286 0.851365376462
0.001285714286 0.900666572453
0.001285714286 0.950214989876
0.001285714286 1.000000000000
0.001285714286 1.466666666667
0.001285714286 1.933333333333
0.001285714286 2.400000000000
0.001285714286 2.866666666667
0.001285714286 3.333333333333
0.001285714286 3.800000000000
0.001285714286 4.266666666667
0.001285714286 4.733333333333
0.001285714286 5.200000000000
0.001285714286 5.666666666667
0.001285714286 6.133333333333
0.001285714286 6.600000000000
0.001285714286 7.066666666667
0.001285714286 7.533333333333
0.001285714286 8.000000000000
0.001285714286 10.000000000000
0.001285714286 12.000000000000
0.001285714286 14.000000000000
0.001285714286 16.000000000000
0.001285714286 18.000000000000
0.001285714286 20.000000000000
0.001285714286 22.000000000000
0.001285714286 24.000000000000
0.001285714286 30.000000000000
0.001285714286 36.000000000000
0.001285714286 42.000000000000
0.001285714286 48.000000000000
0.001333333333 -48.000000000000
0.001333333333 -42.000000000000
0.001333333333 -36.000000000000
0.001333333333 -30.000000000000
0.001333333333 -24.000000000000
0.001333333333 -22.000000000000
0.001333333333 -20.000000000000
0.001333333333 -18.000000000000
0.001333333333 -16.000000000000
0.001333333333 -14.000000000000
0.001333333333 -12.000000000000
0.001333333333 -10.000000000000
0.001333333333 -8.000000000000
0.001333333333 -7.533333333333
0.001333333333 -7.066666666667
0.001333333333 -6.600000000000
0.001333333333 -6.133333333333
0.001333333333 -5.666666666667
0.001333333333 -5.200000000000
0.001333333333 -4.733333333333
0.001333333333 -4.266666666667
0.001333333333 -3.800000000000
0.001333333333 -3.333333333333
0.001333333333 -2.866666666667
0.001333333333 -2.400000000000
0.001333333333 -1.933333333333
0.001333333333 -1.466666666667
0.001333333333 -1.000000000000
0.001333333333 -0.950214989876
0.001333333333 -0.900666572453
0.001333333333 -0.851365376462
0.001333333333 -0.802323092133
0.001333333333 -0.753552642079
0.001333333333 -0.705068391357
0.001333333333 -0.656886408743
0.001333333333 -0.609024795931
0.001333333333 -0.561504108464
0.001333333333 -0.514347903027
0.001333333333 -0.467583462777
0.001333333333 -0.421242780245
0.001333333333 -0.375363924425
0.001333333333 -0.329993002221
0.001333333333 -0.285187080642
0.001333333333 -0.241018748334
0.001333333333 -0.197583672716
0.001333333333 -0.155014146033
0.001333333333 -0.113506188896
0.001333333333 -0.073383623210
0.001333333333 -0.035301637755
0.001333333333 -0.002000000000
0.001333333333 -0.001952380952
0.001333333333 -0.001904761905
0.001333333333 -0.001857142857
0.001333333333 -0.001809523810
0.001333333333 -0.001761904762
0.001333333333 -0.001714285714
0.001333333333 -0.001666666667
0.001333333333 -0.001619047619
0.001333333333 -0.001571428571
0.001333333333 -0.001523809524
0.001333333333 -0.001476190476
0.001333333333 -0.001428571429
0.001333333333 -0.001380952381
0.001333333333 -0.001333333333
0.001333333333 -0.001285714286
0.001333333333 -0.001238095238
0.001333333333 -0.001190476190
0.001333333333 -0.001142857143
0.001333333333 -0.001095238095
0.001333333333 -0.001047619048
0.001333333333 -0.001000000000
0.001333333333 -0.000952380952
0.001333333333 -0.000904761905
0.001333333333 -0.000857142857
0.001333333333 -0.000809523810
0.001333333333 -0.000761904762
0.001333333333 -0.000714285714
0.001333333333 -0.000666666667
0.001333333333 -0.000619047619
0.001333333333 -0.000571428571
0.001333333333 -0.000523809524
0.001333333333 -0.000476190476
0.001333333333 -0.000428571429
0.001333333333 -0.000380952381
0.001333333333 -0.000333333333
0.001333333333 -0.000285714286
0.001333333333 -0.000238095238
0.001333333333 -0.000190476190
0.001333333333 -0.000142857143
0.001333333333 -0.000095238095
0.001333333333 -0.000047619048
0.001333333333 0.000000000000
0.001333333333 0.000047619048
0.001333333333 0.000095238095
0.001333333333 0.000142857143
0.001333333333 0.000190476190
0.001333333333 0.000238095238
0.001333333333 0.000285714286
0.001333333333 0.000333333333
0.001333333333 0.000380952381
0.001333333333 0.000428571429
0.001333333333 0.000476190476
0.001333333333 0.000523809524
0.001333333333 0.000571428571
0.001333333333 0.000619047619
0.001333333333 0.000666666667
0.001333333333 0.000714285714
0.001333333333 0.000761904762
0.001333333333 0.000809523810
0.001333333333 0.000857142857
0.001333333333 0.000904761905
0.001333333333 0.000952380952
0.001333333333 0.001000000000
0.001333333333 0.001047619048
0.001333333333 0.001095238095
0.001333333333 0.001142857143
0.001333333333 0.001190476190
0.001333333333 0.001238095238
0.001333333333 0.001285714286
0.001333333333 0.001333333333
0.001333333333 0.001380952381
0.001333333333 0.001428571429
0.001333333333 0.001476190476
0.001333333333 0.001523809524
0.001333333333 0.001571428571
0.001333333333 0.001619047619
0.001333333333 0.001666666667
0.001333333333 0.001714285714
0.001333333333 0.001761904762
0.001333333333 0.001809523810
0.001333333333 0.001857142857
0.001333333333 0.001904761905
0.001333333333 0.001952380952
0.001333333333 0.002000000000
0.001333333333 0.035301637755
0.001333333333 0.073383623210
0.001333333333 0.113506188896
0.001333333333 0.155014146033
0.001333333333 0.197583672716
0.001333333333 0.241018748334
0.001333333333 0.285187080642
0.001333333333 0.329993002221
0.001333333333 0.375363924425
0.001333333333 0.421242780245
0.001333333333 0.467583462777
0.001333333333 0.514347903027
0.001333333333 0.561504108464
0.001333333333 0.609024795931
0.001333333333 0.656886408743
0.001333333333 0.705068391357
0.001333333333 0.753552642079
0.001333333333 0.802323092133
0.001333333333 0.851365376462
0.001333333333 0.900666572453
0.001333333333 0.950214989876
0.001333333333 1.000000000000
0.001333333333 1.466666666667
0.001333333333 1.933333333333
0.001333333333 2.400000000000
0.001333333333 2.866666666667
0.001333333333 3.333333333333
0.001333333333 3.800000000000
0.001333333333 4.266666666667
0.001333333333 4.733333333333
0.001333333333 5.200000000000
0.001333333333 5.666666666667
0.001333333333 6.133333333333
0.001333333333 6.600000000000
0.001333333333 7.066666666667
0.001333333333 7.533333333333
0.001333333333 8.000000000000
0.001333333333 10.000000000000
0.001333333333 12.000000000000
0.001333333333 14.000000000000
0.001333333333 16.000000000000
0.001333333333 18.000000000000
0.001333333333 20.000000000000
0.001333333333 22.000000000000
0.001333333333 24.000000000000
0.001333333333 30.000000000000
0.001333333333 36.000000000000
0.001333333333 42.000000000000
0.001333333333 48.000000000000
0.001380952381 -48.000000000000
0.001380952381 -42.000000000000
0.001380952381 -36.000000000000
0.001380952381 -30.000000000000
0.001380952381 -24.000000000000
0.001380952381 -22.000000000000
0.001380952381 -20.000000000000
0.001380952381 -18.000000000000
0.001380952381 -16.000000000000
0.001380952381 -14.000000000000
0.001380952381 -12.000000000000
0.001380952381 -10.000000000000
0.001380952381 -8.000000000000
0.001380952381 -7.533333333333
0.001380952381 -7.066666666667
0.001380952381 -6.600000000000
0.001380952381 -6.133333333333
0.001380952381 -5.666666666667
0.001380952381 -5.200000000000
0.001380952381 -4.733333333333
0.001380952381 -4.266666666667
0.001380952381 -3.800000000000
0.001380952381 -3.333333333333
0.001380952381 -2.866666666667
0.001380952381 -2.400000000000
0.001380952381 -1.933333333333
0.001380952381 -1.466666666667
0.001380952381 -1.000000000000
0.001380952381 -0.950214989876
0.001380952381 -0.900666572453
0.001380952381 -0.851365376462
0.001380952381 -0.802323092133
0.001380952381 -0.753552642079
0.001380952381 -0.705068391357
0.001380952381 -0.656886408743
0.001380952381 -0.609024795931
0.001380952381 -0.561504108464
0.001380952381 -0.514347903027
0.001380952381 -0.467583462777
0.001380952381 -0.421242780245
0.001380952381 -0.375363924425
0.001380952381 -0.329993002221
0.001380952381 -0.285187080642
0.001380952381 -0.241018748334
0.001380952381 -0.197583672716
0.001380952381 -0.155014146033
0.001380952381 -0.113506188896
0.001380952381 -0.073383623210
0.001380952381 -0.035301637755
0.001380952381 -0.002000000000
0.001380952381 -0.001952380952
0.001380952381 -0.001904761905
0.001380952381 -0.001857142857
0.001380952381 -0.001809523810
0.001380952381 -0.001761904762
0.001380952381 -0.001714285714
0.001380952381 -0.001666666667
0.001380952381 -0.001619047619
0.001380952381 -0.001571428571
0.001380952381 -0.001523809524
0.001380952381 -0.001476190476
0.001380952381 -0.001428571429
0.001380952381 -0.001380952381
0.001380952381 -0.001333333333
0.001380952381 -0.001285714286
0.001380952381 -0.001238095238
0.001380952381 -0.001190476190
0.001380952381 -0.001142857143
0.001380952381 -0.001095238095
0.001380952381 -0.001047619048
0.001380952381 -0.001000000000
0.001380952381 -0.000952380952
0.001380952381 -0.000904761905
0.001380952381 -0.000857142857
0.001380952381 -0.000809523810
0.001380952381 -0.000761904762
0.001380952381 -0.000714285714
0.001380952381 -0.000666666667
0.001380952381 -0.000619047619
0.001380952381 -0.000571428571
0.001380952381 -0.000523809524
0.001380952381 -0.000476190476
0.001380952381 -0.000428571429
0.001380952381 -0.000380952381
0.001380952381 -0.000333333333
0.001380952381 -0.000285714286
0.001380952381 -0.000238095238
0.001380952381 -0.000190476190
0.001380952381 -0.000142857143
0.001380952381 -0.000095238095
0.001380952381 -0.000047619048
0.001380952381 0.000000000000
0.001380952381 0.000047619048
0.001380952381 0.000095238095
0.001380952381 0.000142857143
0.001380952381 0.000190476190
0.001380952381 0.000238095238
0.001380952381 0.000285714286
0.001380952381 0.000333333333
0.001380952381 0.000380952381
0.001380952381 0.000428571429
0.001380952381 0.000476190476
0.001380952381 0.000523809524
0.001380952381 0.000571428571
0.001380952381 0.000619047619
0.001380952381 0.000666666667
0.001380952381 0.000714285714
0.001380952381 0.000761904762
0.001380952381 0.000809523810
0.001380952381 0.000857142857
0.001380952381 0.000904761905
0.001380952381 0.000952380952
0.001380952381 0.001000000000
0.001380952381 0.001047619048
0.001380952381 0.001095238095
0.001380952381 0.001142857143
0.001380952381 0.001190476190
0.001380952381 0.001238095238
0.001380952381 0.001285714286
0.001380952381 0.001333333333
0.001380952381 0.001380952381
0.001380952381 0.001428571429
0.001380952381 0.001476190476
0.001380952381 0.001523809524
0.001380952381 0.001571428571
0.001380952381 0.001619047619
0.001380952381 0.001666666667
0.001380952381 0.001714285714
0.001380952381 0.001761904762
0.001380952381 0.001809523810
0.001380952381 0.001857142857
0.001380952381 0.001904761905
0.001380952381 0.001952380952
0.001380952381 0.002000000000
0.001380952381 0.035301637755
0.001380952381 0.073383623210
0.001380952381 0.113506188896
0.001380952381 0.155014146033
0.001380952381 0.197583672716
0.001380952381 0.241018748334
0.001380952381 0.285187080642
0.001380952381 0.329993002221
0.001380952381 0.375363924425
0.001380952381 0.421242780245
0.001380952381 0.467583462777
0.001380952381 0.514347903027
0.001380952381 0.561504108464
0.001380952381 0.609024795931
0.001380952381 0.656886408743
0.001380952381 0.705068391357
0.001380952381 0.753552642079
0.001380952381 0.802323092133
0.001380952381 0.851365376462
0.001380952381 0.900666572453
0.001380952381 0.950214989876
0.001380952381 1.000000000000
0.001380952381 1.466666666667
0.001380952381 1.933333333333
0.001380952381 2.400000000000
0.001380952381 2.866666666667
0.001380952381 3.333333333333
0.001380952381 3.800000000000
0.001380952381 4.266666666667
0.001380952381 4.733333333333
0.001380952381 5.200000000000
0.001380952381 5.666666666667
0.001380952381 6.133333333333
0.001380952381 6.600000000000
0.001380952381 7.066666666667
0.001380952381 7.533333333333
0.001380952381 8.000000000000
0.001380952381 10.000000000000
0.001380952381 12.000000000000
0.001380952381 14.000000000000
0.001380952381 16.000000000000
0.001380952381 18.000000000000
0.001380952381 20.000000000000
0.001380952381 22.000000000000
0.001380952381 24.000000000000
0.001380952381 30.000000000000
0.001380952381 36.000000000000
0.001380952381 42.000000000000
0.001380952381 48.000000000000
0.001428571429 -48.000000000000
0.001428571429 -42.000000000000
0.001428571429 -36.000000000000
0.001428571429 -30.000000000000
0.001428571429 -24.000000000000
0.001428571429 -22.000000000000
0.001428571429 -20.000000000000
0.001428571429 -18.000000000000
0.001428571429 -16.000000000000
0.001428571429 -14.000000000000
0.001428571429 -12.000000000000
0.001428571429 -10.000000000000
0.001428571429 -8.000000000000
0.001428571429 -7.533333333333
0.001428571429 -7.066666666667
0.001428571429 -6.600000000000
0.001428571429 -6.133333333333
0.001428571429 -5.666666666667
0.001428571429 -5.200000000000
0.001428571429 -4.733333333333
0.001428571429 -4.266666666667
0.001428571429 -3.800000000000
0.001428571429 -3.333333333333
0.001428571429 -2.866666666667
0.001428571429 -2.400000000000
0.001428571429 -1.933333333333
0.001428571429 -1.466666666667
0.001428571429 -1.000000000000
0.001428571429 -0.950214989876
0.001428571429 -0.900666572453
0.001428571429 -0.851365376462
0.001428571429 -0.802323092133
0.001428571429 -0.753552642079
0.001428571429 -0.705068391357
0.001428571429 -0.656886408743
0.001428571429 -0.609024795931
0.001428571429 -0.561504108464
0.001428571429 -0.514347903027
0.001428571429 -0.467583462777
0.001428571429 -0.421242780245
0.001428571429 -0.375363924425
0.001428571429 -0.329993002221
0.001428571429 -0.285187080642
0.001428571429 -0.241018748334
0.001428571429 -0.197583672716
0.001428571429 -0.155014146033
0.001428571429 -0.113506188896
0.001428571429 -0.073383623210
0.001428571429 -0.035301637755
0.001428571429 -0.002000000000
0.001428571429 -0.001952380952
0.001428571429 -0.001904761905
0.001428571429 -0.001857142857
0.001428571429 -0.001809523810
0.001428571429 -0.001761904762
0.001428571429 -0.001714285714
0.001428571429 -0.001666666667
0.001428571429 -0.001619047619
0.001428571429 -0.001571428571
0.001428571429 -0.001523809524
0.001428571429 -0.001476190476
0.001428571429 -0.001428571429
0.001428571429 -0.001380952381
0.001428571429 -0.001333333333
0.001428571429 -0.001285714286
0.001428571429 -0.001238095238
0.001428571429 -0.001190476190
0.001428571429 -0.001142857143
0.001428571429 -0.001095238095
0.001428571429 -0.001047619048
0.001428571429 -0.001000000000
0.001428571429 -0.000952380952
0.001428571429 -0.000904761905
0.001428571429 -0.000857142857
0.001428571429 -0.000809523810
0.001428571429 -0.000761904762
0.001428571429 -0.000714285714
0.001428571429 -0.000666666667
0.001428571429 -0.000619047619
0.001428571429 -0.000571428571
0.001428571429 -0.000523809524
0.001428571429 -0.000476190476
0.001428571429 -0.000428571429
0.001428571429 -0.000380952381
0.001428571429 -0.000333333333
0.001428571429 -0.000285714286
0.001428571429 -0.000238095238
0.001428571429 -0.000190476190
0.001428571429 -0.000142857143
0.001428571429 -0.000095238095
0.001428571429 -0.000047619048
0.001428571429 0.000000000000
0.001428571429 0.000047619048
0.001428571429 0.000095238095
0.001428571429 0.000142857143
0.001428571429 0.000190476190
0.001428571429 0.000238095238
0.001428571429 0.000285714286
0.001428571429 0.000333333333
0.001428571429 0.000380952381
0.001428571429 0.000428571429
0.001428571429 0.000476190476
0.001428571429 0.000523809524
0.001428571429 0.000571428571
0.001428571429 0.000619047619
0.001428571429 0.000666666667
0.001428571429 0.000714285714
0.001428571429 0.000761904762
0.001428571429 0.000809523810
0.001428571429 0.000857142857
0.001428571429 0.000904761905
0.001428571429 0.000952380952
0.001428571429 0.001000000000
0.001428571429 0.001047619048
0.001428571429 0.001095238095
0.001428571429 0.001142857143
0.001428571429 0.001190476190
0.001428571429 0.001238095238
0.001428571429 0.001285714286
0.001428571429 0.001333333333
0.001428571429 0.001380952381
0.001428571429 0.001428571429
0.001428571429 0.001476190476
0.001428571429 0.001523809524
0.001428571429 0.001571428571
0.001428571429 0.001619047619
0.001428571429 0.001666666667
0.001428571429 0.001714285714
0.001428571429 0.001761904762
0.001428571429 0.001809523810
0.001428571429 0.001857142857
0.001428571429 0.001904761905
0.001428571429 0.001952380952
0.001428571429 0.002000000000
0.001428571429 0.035301637755
0.001428571429 0.073383623210
0.001428571429 0.113506188896
0.001428571429 0.155014146033
0.001428571429 0.197583672716
0.001428571429 0.241018748334
0.001428571429 0.285187080642
0.001428571429 0.329993002221
0.001428571429 0.375363924425
0.001428571429 0.421242780245
0.001428571429 0.467583462777
0.001428571429 0.514347903027
0.001428571429 0.561504108464
0.001428571429 0.609024795931
0.001428571429 0.656886408743
0.001428571429 0.705068391357
0.001428571429 0.753552642079
0.001428571429 0.802323092133
0.001428571429 0.851365376462
0.001428571429 0.900666572453
0.001428571429 0.950214989876
0.001428571429 1.000000000000
0.001428571429 1.466666666667
0.001428571429 1.933333333333
0.001428571429 2.400000000000
0.001428571429 2.866666666667
0.001428571429 3.333333333333
0.001428571429 3.800000000000
0.001428571429 4.266666666667
0.001428571429 4.733333333333
0.001428571429 5.200000000000
0.001428571429 5.666666666667
0.001428571429 6.133333333333
0.001428571429 6.600000000000
0.001428571429 7.066666666667
0.001428571429 7.533333333333
0.001428571429 8.000000000000
0.001428571429 10.000000000000
0.001428571429 12.000000000000
0.001428571429 14.000000000000
0.001428571429 16.000000000000
0.001428571429 18.000000000000
0.001428571429 20.000000000000
0.001428571429 22.000000000000
0.001428571429 24.000000000000
0.001428571429 30.000000000000
0.001428571429 36.000000000000
0.001428571429 42.000000000000
0.001428571429 48.000000000000
0.001476190476 -48.000000000000
0.001476190476 -42.000000000000
0.001476190476 -36.000000000000
0.001476190476 -30.000000000000
0.001476190476 -24.000000000000
0.001476190476 -22.000000000000
0.001476190476 -20.000000000000
0.001476190476 -18.000000000000
0.001476190476 -16.000000000000
0.001476190476 -14.000000000000
0.001476190476 -12.000000000000
0.001476190476 -10.000000000000
0.001476190476 -8.000000000000
0.001476190476 -7.533333333333
0.001476190476 -7.066666666667
0.001476190476 -6.600000000000
0.001476190476 -6.133333333333
0.001476190476 -5.666666666667
0.001476190476 -5.200000000000
0.001476190476 -4.733333333333
0.001476190476 -4.266666666667
0.001476190476 -3.800000000000
0.001476190476 -3.333333333333
0.001476190476 -2.866666666667
0.001476190476 -2.400000000000
0.001476190476 -1.933333333333
0.001476190476 -1.466666666667
0.001476190476 -1.000000000000
0.001476190476 -0.950214989876
0.001476190476 -0.900666572453
0.001476190476 -0.851365376462
0.001476190476 -0.802323092133
0.001476190476 -0.753552642079
0.001476190476 -0.705068391357
0.001476190476 -0.656886408743
0.001476190476 -0.609024795931
0.001476190476 -0.561504108464
0.001476190476 -0.514347903027
0.001476190476 -0.467583462777
0.001476190476 -0.421242780245
0.001476190476 -0.375363924425
0.001476190476 -0.329993002221
0.001476190476 -0.285187080642
0.001476190476 -0.241018748334
0.001476190476 -0.197583672716
0.001476190476 -0.155014146033
0.001476190476 -0.113506188896
0.001476190476 -0.073383623210
0.001476190476 -0.035301637755
0.001476190476 -0.002000000000
0.001476190476 -0.001952380952
0.001476190476 -0.001904761905
0.001476190476 -0.001857142857
0.001476190476 -0.001809523810
0.001476190476 -0.001761904762
0.001476190476 -0.001714285714
0.001476190476 -0.001666666667
0.001476190476 -0.001619047619
0.001476190476 -0.001571428571
0.001476190476 -0.001523809524
0.001476190476 -0.001476190476
0.001476190476 -0.001428571429
0.001476190476 -0.001380952381
0.001476190476 -0.001333333333
0.001476190476 -0.001285714286
0.001476190476 -0.001238095238
0.001476190476 -0.001190476190
0.001476190476 -0.001142857143
0.001476190476 -0.001095238095
0.001476190476 -0.001047619048
0.001476190476 -0.001000000000
0.001476190476 -0.000952380952
0.001476190476 -0.000904761905
0.001476190476 -0.000857142857
0.001476190476 -0.000809523810
0.001476190476 -0.000761904762
0.001476190476 -0.000714285714
0.001476190476 -0.000666666667
0.001476190476 -0.000619047619
0.001476190476 -0.000571428571
0.001476190476 -0.000523809524
0.001476190476 -0.000476190476
0.001476190476 -0.000428571429
0.001476190476 -0.000380952381
0.001476190476 -0.000333333333
0.001476190476 -0.000285714286
0.001476190476 -0.000238095238
0.001476190476 -0.000190476190
0.001476190476 -0.000142857143
0.001476190476 -0.000095238095
0.001476190476 -0.000047619048
0.001476190476 0.000000000000
0.001476190476 0.000047619048
0.001476190476 0.000095238095
0.001476190476 0.000142857143
0.001476190476 0.000190476190
0.001476190476 0.000238095238
0.001476190476 0.000285714286
0.001476190476 0.000333333333
0.001476190476 0.000380952381
0.001476190476 0.000428571429
0.001476190476 0.000476190476
0.001476190476 0.000523809524
0.001476190476 0.000571428571
0.001476190476 0.000619047619
0.001476190476 0.000666666667
0.001476190476 0.000714285714
0.001476190476 0.000761904762
0.001476190476 0.000809523810
0.001476190476 0.000857142857
0.001476190476 0.000904761905
0.001476190476 0.000952380952
0.001476190476 0.001000000000
0.001476190476 0.001047619048
0.001476190476 0.001095238095
0.001476190476 0.001142857143
0.001476190476 0.001190476190
0.001476190476 0.001238095238
0.001476190476 0.001285714286
0.001476190476 0.001333333333
0.001476190476 0.001380952381
0.001476190476 0.001428571429
0.001476190476 0.001476190476
0.001476190476 0.001523809524
0.001476190476 0.001571428571
0.001476190476 0.001619047619
0.001476190476 0.001666666667
0.001476190476 0.001714285714
0.001476190476 0.001761904762
0.001476190476 0.001809523810
0.001476190476 0.001857142857
0.001476190476 0.001904761905
0.001476190476 0.001952380952
0.001476190476 0.002000000000
0.001476190476 0.035301637755
0.001476190476 0.073383623210
0.001476190476 0.113506188896
0.001476190476 0.155014146033
0.001476190476 0.197583672716
0.001476190476 0.241018748334
0.001476190476 0.285187080642
0.001476190476 0.329993002221
0.001476190476 0.375363924425
0.001476190476 0.421242780245
0.001476190476 0.467583462777
0.001476190476 0.514347903027
0.001476190476 0.561504108464
0.001476190476 0.609024795931
0.001476190476 0.656886408743
0.001476190476 0.705068391357
0.001476190476 0.753552642079
0.001476190476 0.802323092133
0.001476190476 0.851365376462
0.001476190476 0.900666572453
0.001476190476 0.950214989876
0.001476190476 1.000000000000
0.001476190476 1.466666666667
0.001476190476 1.933333333333
0.001476190476 2.400000000000
0.001476190476 2.866666666667
0.001476190476 3.333333333333
0.001476190476 3.800000000000
0.001476190476 4.266666666667
0.001476190476 4.733333333333
0.001476190476 5.200000000000
0.001476190476 5.666666666667
0.001476190476 6.133333333333
0.001476190476 6.600000000000
0.001476190476 7.066666666667
0.001476190476 7.533333333333
0.001476190476 8.000000000000
0.001476190476 10.000000000000
0.001476190476 12.000000000000
0.001476190476 14.000000000000
0.001476190476 16.000000000000
0.001476190476 18.000000000000
0.001476190476 20.000000000000
0.001476190476 22.000000000000
0.001476190476 24.000000000000
0.001476190476 30.000000000000
0.001476190476 36.000000000000
0.001476190476 42.000000000000
0.001476190476 48.000000000000
0.001523809524 -48.000000000000
0.001523809524 -42.000000000000
0.001523809524 -36.000000000000
0.001523809524 -30.000000000000
0.001523809524 -24.000000000000
0.001523809524 -22.000000000000
0.001523809524 -20.000000000000
0.001523809524 -18.000000000000
0.001523809524 -16.000000000000
0.001523809524 -14.000000000000
0.001523809524 -12.000000000000
0.001523809524 -10.000000000000
0.001523809524 -8.000000000000
0.001523809524 -7.533333333333
0.001523809524 -7.066666666667
0.001523809524 -6.600000000000
0.001523809524 -6.133333333333
0.001523809524 -5.666666666667
0.001523809524 -5.200000000000
0.001523809524 -4.733333333333
0.001523809524 -4.266666666667
0.001523809524 -3.800000000000
0.001523809524 -3.333333333333
0.001523809524 -2.866666666667
0.001523809524 -2.400000000000
0.001523809524 -1.933333333333
0.001523809524 -1.466666666667
0.001523809524 -1.000000000000
0.001523809524 -0.950214989876
0.001523809524 -0.900666572453
0.001523809524 -0.851365376462
0.001523809524 -0.802323092133
0.001523809524 -0.753552642079
0.001523809524 -0.705068391357
0.001523809524 -0.656886408743
0.001523809524 -0.609024795931
0.001523809524 -0.561504108464
0.001523809524 -0.514347903027
0.001523809524 -0.467583462777
0.001523809524 -0.421242780245
0.001523809524 -0.375363924425
0.001523809524 -0.329993002221
0.001523809524 -0.285187080642
0.001523809524 -0.241018748334
0.001523809524 -0.197583672716
0.001523809524 -0.155014146033
0.001523809524 -0.113506188896
0.001523809524 -0.073383623210
0.001523809524 -0.035301637755
0.001523809524 -0.002000000000
0.001523809524 -0.001952380952
0.001523809524 -0.001904761905
0.001523809524 -0.001857142857
0.001523809524 -0.001809523810
0.001523809524 -0.001761904762
0.001523809524 -0.001714285714
0.001523809524 -0.001666666667
0.001523809524 -0.001619047619
0.001523809524 -0.001571428571
0.001523809524 -0.001523809524
0.001523809524 -0.001476190476
0.001523809524 -0.001428571429
0.001523809524 -0.001380952381
0.001523809524 -0.001333333333
0.001523809524 -0.001285714286
0.001523809524 -0.001238095238
0.001523809524 -0.001190476190
0.001523809524 -0.001142857143
0.001523809524 -0.001095238095
0.001523809524 -0.001047619048
0.001523809524 -0.001000000000
0.001523809524 -0.000952380952
0.001523809524 -0.000904761905
0.001523809524 -0.000857142857
0.001523809524 -0.000809523810
0.001523809524 -0.000761904762
0.001523809524 -0.000714285714
0.001523809524 -0.000666666667
0.001523809524 -0.000619047619
0.001523809524 -0.000571428571
0.001523809524 -0.000523809524
0.001523809524 -0.000476190476
0.001523809524 -0.000428571429
0.001523809524 -0.000380952381
0.001523809524 -0.000333333333
0.001523809524 -0.000285714286
0.001523809524 -0.000238095238
0.001523809524 -0.000190476190
0.001523809524 -0.000142857143
0.001523809524 -0.000095238095
0.001523809524 -0.000047619048
0.001523809524 0.000000000000
0.001523809524 0.000047619048
0.001523809524 0.000095238095
0.001523809524 0.000142857143
0.001523809524 0.000190476190
0.001523809524 0.000238095238
0.001523809524 0.000285714286
0.001523809524 0.000333333333
0.001523809524 0.000380952381
0.001523809524 0.000428571429
0.001523809524 0.000476190476
0.001523809524 0.000523809524
0.001523809524 0.000571428571
0.001523809524 0.000619047619
0.001523809524 0.000666666667
0.001523809524 0.000714285714
0.001523809524 0.000761904762
0.001523809524 0.000809523810
0.001523809524 0.000857142857
0.001523809524 0.000904761905
0.001523809524 0.000952380952
0.001523809524 0.001000000000
0.001523809524 0.001047619048
0.001523809524 0.001095238095
0.001523809524 0.001142857143
0.001523809524 0.001190476190
0.001523809524 0.001238095238
0.001523809524 0.001285714286
0.001523809524 0.001333333333
0.001523809524 0.001380952381
0.001523809524 0.001428571429
0.001523809524 0.001476190476
0.001523809524 0.001523809524
0.001523809524 0.001571428571
0.001523809524 0.001619047619
0.001523809524 0.001666666667
0.001523809524 0.001714285714
0.001523809524 0.001761904762
0.001523809524 0.001809523810
0.001523809524 0.001857142857
0.001523809524 0.001904761905
0.001523809524 0.001952380952
0.001523809524 0.002000000000
0.001523809524 0.035301637755
0.001523809524 0.073383623210
0.001523809524 0.113506188896
0.001523809524 0.155014146033
0.001523809524 0.197583672716
0.001523809524 0.241018748334
0.001523809524 0.285187080642
0.001523809524 0.329993002221
0.001523809524 0.375363924425
0.001523809524 0.421242780245
0.001523809524 0.467583462777
0.001523809524 0.514347903027
0.001523809524 0.561504108464
0.001523809524 0.609024795931
0.001523809524 0.656886408743
0.001523809524 0.705068391357
0.001523809524 0.753552642079
0.001523809524 0.802323092133
0.001523809524 0.851365376462
0.001523809524 0.900666572453
0.001523809524 0.950214989876
0.001523809524 1.000000000000
0.001523809524 1.466666666667
0.001523809524 1.933333333333
0.001523809524 2.400000000000
0.001523809524 2.866666666667
0.001523809524 3.333333333333
0.001523809524 3.800000000000
0.001523809524 4.266666666667
0.001523809524 4.733333333333
0.001523809524 5.200000000000
0.001523809524 5.666666666667
0.001523809524 6.133333333333
0.001523809524 6.600000000000
0.001523809524 7.066666666667
0.001523809524 7.533333333333
0.001523809524 8.000000000000
0.001523809524 10.000000000000
0.001523809524 12.000000000000
0.001523809524 14.000000000000
0.001523809524 16.000000000000
0.001523809524 18.000000000000
0.001523809524 20.000000000000
0.001523809524 22.000000000000
0.001523809524 24.000000000000
0.001523809524 30.000000000000
0.001523809524 36.000000000000
0.001523809524 42.000000000000
0.001523809524 48.000000000000
0.001571428571 -48.000000000000
0.001571428571 -42.000000000000
0.001571428571 -36.000000000000
0.001571428571 -30.000000000000
0.001571428571 -24.000000000000
0.001571428571 -22.000000000000
0.001571428571 -20.000000000000
0.001571428571 -18.000000000000
0.001571428571 -16.000000000000
0.001571428571 -14.000000000000
0.001571428571 -12.000000000000
0.001571428571 -10.000000000000
0.001571428571 -8.000000000000
0.001571428571 -7.533333333333
0.001571428571 -7.066666666667
0.001571428571 -6.600000000000
0.001571428571 -6.133333333333
0.001571428571 -5.666666666667
0.001571428571 -5.200000000000
0.001571428571 -4.733333333333
0.001571428571 -4.266666666667
0.001571428571 -3.800000000000
0.001571428571 -3.333333333333
0.001571428571 -2.866666666667
0.001571428571 -2.400000000000
0.001571428571 -1.933333333333
0.001571428571 -1.466666666667
0.001571428571 -1.000000000000
0.001571428571 -0.950214989876
0.001571428571 -0.900666572453
0.001571428571 -0.851365376462
0.001571428571 -0.802323092133
0.001571428571 -0.753552642079
0.001571428571 -0.705068391357
0.001571428571 -0.656886408743
0.001571428571 -0.609024795931
0.001571428571 -0.561504108464
0.001571428571 -0.514347903027
0.001571428571 -0.467583462777
0.001571428571 -0.421242780245
0.001571428571 -0.375363924425
0.001571428571 -0.329993002221
0.001571428571 -0.285187080642
0.001571428571 -0.241018748334
0.001571428571 -0.197583672716
0.001571428571 -0.155014146033
0.001571428571 -0.113506188896
0.001571428571 -0.073383623210
0.001571428571 -0.035301637755
0.001571428571 -0.002000000000
0.001571428571 -0.001952380952
0.001571428571 -0.001904761905
0.001571428571 -0.001857142857
0.001571428571 -0.001809523810
0.001571428571 -0.001761904762
0.001571428571 -0.001714285714
0.001571428571 -0.001666666667
0.001571428571 -0.001619047619
0.001571428571 -0.001571428571
0.001571428571 -0.001523809524
0.001571428571 -0.001476190476
0.001571428571 -0.001428571429
0.001571428571 -0.001380952381
0.001571428571 -0.001333333333
0.001571428571 -0.001285714286
0.001571428571 -0.001238095238
0.001571428571 -0.001190476190
0.001571428571 -0.001142857143
0.001571428571 -0.001095238095
0.001571428571 -0.001047619048
0.001571428571 -0.001000000000
0.001571428571 -0.000952380952
0.001571428571 -0.000904761905
0.001571428571 -0.000857142857
0.001571428571 -0.000809523810
0.001571428571 -0.000761904762
0.001571428571 -0.000714285714
0.001571428571 -0.000666666667
0.001571428571 -0.000619047619
0.001571428571 -0.000571428571
0.001571428571 -0.000523809524
0.001571428571 -0.000476190476
0.001571428571 -0.000428571429
0.001571428571 -0.000380952381
0.001571428571 -0.000333333333
0.001571428571 -0.000285714286
0.001571428571 -0.000238095238
0.001571428571 -0.000190476190
0.001571428571 -0.000142857143
0.001571428571 -0.000095238095
0.001571428571 -0.000047619048
0.001571428571 0.000000000000
0.001571428571 0.000047619048
0.001571428571 0.000095238095
0.001571428571 0.000142857143
0.001571428571 0.000190476190
0.001571428571 0.000238095238
0.001571428571 0.000285714286
0.001571428571 0.000333333333
0.001571428571 0.000380952381
0.001571428571 0.000428571429
0.001571428571 0.000476190476
0.001571428571 0.000523809524
0.001571428571 0.000571428571
0.001571428571 0.000619047619
0.001571428571 0.000666666667
0.001571428571 0.000714285714
0.001571428571 0.000761904762
0.001571428571 0.000809523810
0.001571428571 0.000857142857
0.001571428571 0.000904761905
0.001571428571 0.000952380952
0.001571428571 0.001000000000
0.001571428571 0.001047619048
0.001571428571 0.001095238095
0.001571428571 0.001142857143
0.001571428571 0.001190476190
0.001571428571 0.001238095238
0.001571428571 0.001285714286
0.001571428571 0.001333333333
0.001571428571 0.001380952381
0.001571428571 0.001428571429
0.001571428571 0.001476190476
0.001571428571 0.001523809524
0.001571428571 0.001571428571
0.001571428571 0.001619047619
0.001571428571 0.001666666667
0.001571428571 0.001714285714
0.001571428571 0.001761904762
0.001571428571 0.001809523810
0.001571428571 0.001857142857
0.001571428571 0.001904761905
0.001571428571 0.001952380952
0.001571428571 0.002000000000
0.001571428571 0.035301637755
0.001571428571 0.073383623210
0.001571428571 0.113506188896
0.001571428571 0.155014146033
0.001571428571 0.197583672716
0.001571428571 0.241018748334
0.001571428571 0.285187080642
0.001571428571 0.329993002221
0.001571428571 0.375363924425
0.001571428571 0.421242780245
0.001571428571 0.467583462777
0.001571428571 0.514347903027
0.001571428571 0.561504108464
0.001571428571 0.609024795931
0.001571428571 0.656886408743
0.001571428571 0.705068391357
0.001571428571 0.753552642079
0.001571428571 0.802323092133
0.001571428571 0.851365376462
0.001571428571 0.900666572453
0.001571428571 0.950214989876
0.001571428571 1.000000000000
0.001571428571 1.466666666667
0.001571428571 1.933333333333
0.001571428571 2.400000000000
0.001571428571 2.866666666667
0.001571428571 3.333333333333
0.001571428571 3.800000000000
0.001571428571 4.266666666667
0.001571428571 4.733333333333
0.001571428571 5.200000000000
0.001571428571 5.666666666667
0.001571428571 6.133333333333
0.001571428571 6.600000000000
0.001571428571 7.066666666667
0.001571428571 7.533333333333
0.001571428571 8.000000000000
0.001571428571 10.000000000000
0.001571428571 12.000000000000
0.001571428571 14.000000000000
0.001571428571 16.000000000000
0.001571428571 18.000000000000
0.001571428571 20.000000000000
0.001571428571 22.000000000000
0.001571428571 24.000000000000
0.001571428571 30.000000000000
0.001571428571 36.000000000000
0.001571428571 42.000000000000
0.001571428571 48.000000000000
0.001619047619 -48.000000000000
0.001619047619 -42.000000000000
0.001619047619 -36.000000000000
0.001619047619 -30.000000000000
0.001619047619 -24.000000000000
0.001619047619 -22.000000000000
0.001619047619 -20.000000000000
0.001619047619 -18.000000000000
0.001619047619 -16.000000000000
0.001619047619 -14.000000000000
0.001619047619 -12.000000000000
0.001619047619 -10.000000000000
0.001619047619 -8.000000000000
0.001619047619 -7.533333333333
0.001619047619 -7.066666666667
0.001619047619 -6.600000000000
0.001619047619 -6.133333333333
0.001619047619 -5.666666666667
0.001619047619 -5.200000000000
0.001619047619 -4.733333333333
0.001619047619 -4.266666666667
0.001619047619 -3.800000000000
0.001619047619 -3.333333333333
0.001619047619 -2.866666666667
0.001619047619 -2.400000000000
0.001619047619 -1.933333333333
0.001619047619 -1.466666666667
0.001619047619 -1.000000000000
0.001619047619 -0.950214989876
0.001619047619 -0.900666572453
0.001619047619 -0.851365376462
0.001619047619 -0.802323092133
0.001619047619 -0.753552642079
0.001619047619 -0.705068391357
0.001619047619 -0.656886408743
0.001619047619 -0.609024795931
0.001619047619 -0.561504108464
0.001619047619 -0.514347903027
0.001619047619 -0.467583462777
0.001619047619 -0.421242780245
0.001619047619 -0.375363924425
0.001619047619 -0.329993002221
0.001619047619 -0.285187080642
0.001619047619 -0.241018748334
0.001619047619 -0.197583672716
0.001619047619 -0.155014146033
0.001619047619 -0.113506188896
0.001619047619 -0.073383623210
0.001619047619 -0.035301637755
0.001619047619 -0.002000000000
0.001619047619 -0.001952380952
0.001619047619 -0.001904761905
0.001619047619 -0.001857142857
0.001619047619 -0.001809523810
0.001619047619 -0.001761904762
0.001619047619 -0.001714285714
0.001619047619 -0.001666666667
0.001619047619 -0.001619047619
0.001619047619 -0.001571428571
0.001619047619 -0.001523809524
0.001619047619 -0.001476190476
0.001619047619 -0.001428571429
0.001619047619 -0.001380952381
0.001619047619 -0.001333333333
0.001619047619 -0.001285714286
0.001619047619 -0.001238095238
0.001619047619 -0.001190476190
0.001619047619 -0.001142857143
0.001619047619 -0.001095238095
0.001619047619 -0.001047619048
0.001619047619 -0.001000000000
0.001619047619 -0.000952380952
0.001619047619 -0.000904761905
0.001619047619 -0.000857142857
0.001619047619 -0.000809523810
0.001619047619 -0.000761904762
0.001619047619 -0.000714285714
0.001619047619 -0.000666666667
0.001619047619 -0.000619047619
0.001619047619 -0.000571428571
0.001619047619 -0.000523809524
0.001619047619 -0.000476190476
0.001619047619 -0.000428571429
0.001619047619 -0.000380952381
0.001619047619 -0.000333333333
0.001619047619 -0.000285714286
0.001619047619 -0.000238095238
0.001619047619 -0.000190476190
0.001619047619 -0.000142857143
0.001619047619 -0.000095238095
0.001619047619 -0.000047619048
0.001619047619 0.000000000000
0.001619047619 0.000047619048
0.001619047619 0.000095238095
0.001619047619 0.000142857143
0.001619047619 0.000190476190
0.001619047619 0.000238095238
0.001619047619 0.000285714286
0.001619047619 0.000333333333
0.001619047619 0.000380952381
0.001619047619 0.000428571429
0.001619047619 0.000476190476
0.001619047619 0.000523809524
0.001619047619 0.000571428571
0.001619047619 0.000619047619
0.001619047619 0.000666666667
0.001619047619 0.000714285714
0.001619047619 0.000761904762
0.001619047619 0.000809523810
0.001619047619 0.000857142857
0.001619047619 0.000904761905
0.001619047619 0.000952380952
0.001619047619 0.001000000000
0.001619047619 0.001047619048
0.001619047619 0.001095238095
0.001619047619 0.001142857143
0.001619047619 0.001190476190
0.001619047619 0.001238095238
0.001619047619 0.001285714286
0.001619047619 0.001333333333
0.001619047619 0.001380952381
0.001619047619 0.001428571429
0.001619047619 0.001476190476
0.001619047619 0.001523809524
0.001619047619 0.001571428571
0.001619047619 0.001619047619
0.001619047619 0.001666666667
0.001619047619 0.001714285714
0.001619047619 0.001761904762
0.001619047619 0.001809523810
0.001619047619 0.001857142857
0.001619047619 0.001904761905
0.001619047619 0.001952380952
0.001619047619 0.002000000000
0.001619047619 0.035301637755
0.001619047619 0.073383623210
0.001619047619 0.113506188896
0.001619047619 0.155014146033
0.001619047619 0.197583672716
0.001619047619 0.241018748334
0.001619047619 0.285187080642
0.001619047619 0.329993002221
0.001619047619 0.375363924425
0.001619047619 0.421242780245
0.001619047619 0.467583462777
0.001619047619 0.514347903027
0.001619047619 0.561504108464
0.001619047619 0.609024795931
0.001619047619 0.656886408743
0.001619047619 0.705068391357
0.001619047619 0.753552642079
0.001619047619 0.802323092133
0.001619047619 0.851365376462
0.001619047619 0.900666572453
0.001619047619 0.950214989876
0.001619047619 1.000000000000
0.001619047619 1.466666666667
0.001619047619 1.933333333333
0.001619047619 2.400000000000
0.001619047619 2.866666666667
0.001619047619 3.333333333333
0.001619047619 3.800000000000
0.001619047619 4.266666666667
0.001619047619 4.733333333333
0.001619047619 5.200000000000
0.001619047619 5.666666666667
0.001619047619 6.133333333333
0.001619047619 6.600000000000
0.001619047619 7.066666666667
0.001619047619 7.533333333333
0.001619047619 8.000000000000
0.001619047619 10.000000000000
0.001619047619 12.000000000000
0.001619047619 14.000000000000
0.001619047619 16.000000000000
0.001619047619 18.000000000000
0.001619047619 20.000000000000
0.001619047619 22.000000000000
0.001619047619 24.000000000000
0.001619047619 30.000000000000
0.001619047619 36.000000000000
0.001619047619 42.000000000000
0.001619047619 48.000000000000
0.001666666667 -48.000000000000
0.001666666667 -42.000000000000
0.001666666667 -36.000000000000
0.001666666667 -30.000000000000
0.001666666667 -24.000000000000
0.001666666667 -22.000000000000
0.001666666667 -20.000000000000
0.001666666667 -18.000000000000
0.001666666667 -16.000000000000
0.001666666667 -14.000000000000
0.001666666667 -12.000000000000
0.001666666667 -10.000000000000
0.001666666667 -8.000000000000
0.001666666667 -7.533333333333
0.001666666667 -7.066666666667
0.001666666667 -6.600000000000
0.001666666667 -6.133333333333
0.001666666667 -5.666666666667
0.001666666667 -5.200000000000
0.001666666667 -4.733333333333
0.001666666667 -4.266666666667
0.001666666667 -3.800000000000
0.001666666667 -3.333333333333
0.001666666667 -2.866666666667
0.001666666667 -2.400000000000
0.001666666667 -1.933333333333
0.001666666667 -1.466666666667
0.001666666667 -1.000000000000
0.001666666667 -0.950214989876
0.001666666667 -0.900666572453
0.001666666667 -0.851365376462
0.001666666667 -0.802323092133
0.001666666667 -0.753552642079
0.001666666667 -0.705068391357
0.001666666667 -0.656886408743
0.001666666667 -0.609024795931
0.001666666667 -0.561504108464
0.001666666667 -0.514347903027
0.001666666667 -0.467583462777
0.001666666667 -0.421242780245
0.001666666667 -0.375363924425
0.001666666667 -0.329993002221
0.001666666667 -0.285187080642
0.001666666667 -0.241018748334
0.001666666667 -0.197583672716
0.001666666667 -0.155014146033
0.001666666667 -0.113506188896
0.001666666667 -0.073383623210
0.001666666667 -0.035301637755
0.001666666667 -0.002000000000
0.001666666667 -0.001952380952
0.001666666667 -0.001904761905
0.001666666667 -0.001857142857
0.001666666667 -0.001809523810
0.001666666667 -0.001761904762
0.001666666667 -0.001714285714
0.001666666667 -0.001666666667
0.001666666667 -0.001619047619
0.001666666667 -0.001571428571
0.001666666667 -0.001523809524
0.001666666667 -0.001476190476
0.001666666667 -0.001428571429
0.001666666667 -0.001380952381
0.001666666667 -0.001333333333
0.001666666667 -0.001285714286
0.001666666667 -0.001238095238
0.001666666667 -0.001190476190
0.001666666667 -0.001142857143
0.001666666667 -0.001095238095
0.001666666667 -0.001047619048
0.001666666667 -0.001000000000
0.001666666667 -0.000952380952
0.001666666667 -0.000904761905
0.001666666667 -0.000857142857
0.001666666667 -0.000809523810
0.001666666667 -0.000761904762
0.001666666667 -0.000714285714
0.001666666667 -0.000666666667
0.001666666667 -0.000619047619
0.001666666667 -0.000571428571
0.001666666667 -0.000523809524
0.001666666667 -0.000476190476
0.001666666667 -0.000428571429
0.001666666667 -0.000380952381
0.001666666667 -0.000333333333
0.001666666667 -0.000285714286
0.001666666667 -0.000238095238
0.001666666667 -0.000190476190
0.001666666667 -0.000142857143
0.001666666667 -0.000095238095
0.001666666667 -0.000047619048
0.001666666667 0.000000000000
0.001666666667 0.000047619048
0.001666666667 0.000095238095
0.001666666667 0.000142857143
0.001666666667 0.000190476190
0.001666666667 0.000238095238
0.001666666667 0.000285714286
0.001666666667 0.000333333333
0.001666666667 0.000380952381
0.001666666667 0.000428571429
0.001666666667 0.000476190476
0.001666666667 0.000523809524
0.001666666667 0.000571428571
0.001666666667 0.000619047619
0.001666666667 0.000666666667
0.001666666667 0.000714285714
0.001666666667 0.000761904762
0.001666666667 0.000809523810
0.001666666667 0.000857142857
0.001666666667 0.000904761905
0.001666666667 0.000952380952
0.001666666667 0.001000000000
0.001666666667 0.001047619048
0.001666666667 0.001095238095
0.001666666667 0.001142857143
0.001666666667 0.001190476190
0.001666666667 0.001238095238
0.001666666667 0.001285714286
0.001666666667 0.001333333333
0.001666666667 0.001380952381
0.001666666667 0.001428571429
0.001666666667 0.001476190476
0.001666666667 0.001523809524
0.001666666667 0.001571428571
0.001666666667 0.001619047619
0.001666666667 0.001666666667
0.001666666667 0.001714285714
0.001666666667 0.001761904762
0.001666666667 0.001809523810
0.001666666667 0.001857142857
0.001666666667 0.001904761905
0.001666666667 0.001952380952
0.001666666667 0.002000000000
0.001666666667 0.035301637755
0.001666666667 0.073383623210
0.001666666667 0.113506188896
0.001666666667 0.155014146033
0.001666666667 0.197583672716
0.001666666667 0.241018748334
0.001666666667 0.285187080642
0.001666666667 0.329993002221
0.001666666667 0.375363924425
0.001666666667 0.421242780245
0.001666666667 0.467583462777
0.001666666667 0.514347903027
0.001666666667 0.561504108464
0.001666666667 0.609024795931
0.001666666667 0.656886408743
0.001666666667 0.705068391357
0.001666666667 0.753552642079
0.001666666667 0.802323092133
0.001666666667 0.851365376462
0.001666666667 0.900666572453
0.001666666667 0.950214989876
0.001666666667 1.000000000000
0.001666666667 1.466666666667
0.001666666667 1.933333333333
0.001666666667 2.400000000000
0.001666666667 2.866666666667
0.001666666667 3.333333333333
0.001666666667 3.800000000000
0.001666666667 4.266666666667
0.001666666667 4.733333333333
0.001666666667 5.200000000000
0.001666666667 5.666666666667
0.001666666667 6.133333333333
0.001666666667 6.600000000000
0.001666666667 7.066666666667
0.001666666667 7.533333333333
0.001666666667 8.000000000000
0.001666666667 10.000000000000
0.001666666667 12.000000000000
0.001666666667 14.000000000000
0.001666666667 16.000000000000
0.001666666667 18.000000000000
0.001666666667 20.000000000000
0.001666666667 22.000000000000
0.001666666667 24.000000000000
0.001666666667 30.000000000000
0.001666666667 36.000000000000
0.001666666667 42.000000000000
0.001666666667 48.000000000000
0.001714285714 -48.000000000000
0.001714285714 -42.000000000000
0.001714285714 -36.000000000000
0.001714285714 -30.000000000000
0.001714285714 -24.000000000000
0.001714285714 -22.000000000000
0.001714285714 -20.000000000000
0.001714285714 -18.000000000000
0.001714285714 -16.000000000000
0.001714285714 -14.000000000000
0.001714285714 -12.000000000000
0.001714285714 -10.000000000000
0.001714285714 -8.000000000000
0.001714285714 -7.533333333333
0.001714285714 -7.066666666667
0.001714285714 -6.600000000000
0.001714285714 -6.133333333333
0.001714285714 -5.666666666667
0.001714285714 -5.200000000000
0.001714285714 -4.733333333333
0.001714285714 -4.266666666667
0.001714285714 -3.800000000000
0.001714285714 -3.333333333333
0.001714285714 -2.866666666667
0.001714285714 -2.400000000000
0.001714285714 -1.933333333333
0.001714285714 -1.466666666667
0.001714285714 -1.000000000000
0.001714285714 -0.950214989876
0.001714285714 -0.900666572453
0.001714285714 -0.851365376462
0.001714285714 -0.802323092133
0.001714285714 -0.753552642079
0.001714285714 -0.705068391357
0.001714285714 -0.656886408743
0.001714285714 -0.609024795931
0.001714285714 -0.561504108464
0.001714285714 -0.514347903027
0.001714285714 -0.467583462777
0.001714285714 -0.421242780245
0.001714285714 -0.375363924425
0.001714285714 -0.329993002221
0.001714285714 -0.285187080642
0.001714285714 -0.241018748334
0.001714285714 -0.197583672716
0.001714285714 -0.155014146033
0.001714285714 -0.113506188896
0.001714285714 -0.073383623210
0.001714285714 -0.035301637755
0.001714285714 -0.002000000000
0.001714285714 -0.001952380952
0.001714285714 -0.001904761905
0.001714285714 -0.001857142857
0.001714285714 -0.001809523810
0.001714285714 -0.001761904762
0.001714285714 -0.001714285714
0.001714285714 -0.001666666667
0.001714285714 -0.001619047619
0.001714285714 -0.001571428571
0.001714285714 -0.001523809524
0.001714285714 -0.001476190476
0.001714285714 -0.001428571429
0.001714285714 -0.001380952381
0.001714285714 -0.001333333333
0.001714285714 -0.001285714286
0.001714285714 -0.001238095238
0.001714285714 -0.001190476190
0.001714285714 -0.001142857143
0.001714285714 -0.001095238095
0.001714285714 -0.001047619048
0.001714285714 -0.001000000000
0.001714285714 -0.000952380952
0.001714285714 -0.000904761905
0.001714285714 -0.000857142857
0.001714285714 -0.000809523810
0.001714285714 -0.000761904762
0.001714285714 -0.000714285714
0.001714285714 -0.000666666667
0.001714285714 -0.000619047619
0.001714285714 -0.000571428571
0.001714285714 -0.000523809524
0.001714285714 -0.000476190476
0.001714285714 -0.000428571429
0.001714285714 -0.000380952381
0.001714285714 -0.000333333333
0.001714285714 -0.000285714286
0.001714285714 -0.000238095238
0.001714285714 -0.000190476190
0.001714285714 -0.000142857143
0.001714285714 -0.000095238095
0.001714285714 -0.000047619048
0.001714285714 0.000000000000
0.001714285714 0.000047619048
0.001714285714 0.000095238095
0.001714285714 0.000142857143
0.001714285714 0.000190476190
0.001714285714 0.000238095238
0.001714285714 0.000285714286
0.001714285714 0.000333333333
0.001714285714 0.000380952381
0.001714285714 0.000428571429
0.001714285714 0.000476190476
0.001714285714 0.000523809524
0.001714285714 0.000571428571
0.001714285714 0.000619047619
0.001714285714 0.000666666667
0.001714285714 0.000714285714
0.001714285714 0.000761904762
0.001714285714 0.000809523810
0.001714285714 0.000857142857
0.001714285714 0.000904761905
0.001714285714 0.000952380952
0.001714285714 0.001000000000
0.001714285714 0.001047619048
0.001714285714 0.001095238095
0.001714285714 0.001142857143
0.001714285714 0.001190476190
0.001714285714 0.001238095238
0.001714285714 0.001285714286
0.001714285714 0.001333333333
0.001714285714 0.001380952381
0.001714285714 0.001428571429
0.001714285714 0.001476190476
0.001714285714 0.001523809524
0.001714285714 0.001571428571
0.001714285714 0.001619047619
0.001714285714 0.001666666667
0.001714285714 0.001714285714
0.001714285714 0.001761904762
0.001714285714 0.001809523810
0.001714285714 0.001857142857
0.001714285714 0.001904761905
0.001714285714 0.001952380952
0.001714285714 0.002000000000
0.001714285714 0.035301637755
0.001714285714 0.073383623210
0.001714285714 0.113506188896
0.001714285714 0.155014146033
0.001714285714 0.197583672716
0.001714285714 0.241018748334
0.001714285714 0.285187080642
0.001714285714 0.329993002221
0.001714285714 0.375363924425
0.001714285714 0.421242780245
0.001714285714 0.467583462777
0.001714285714 0.514347903027
0.001714285714 0.561504108464
0.001714285714 0.609024795931
0.001714285714 0.656886408743
0.001714285714 0.705068391357
0.001714285714 0.753552642079
0.001714285714 0.802323092133
0.001714285714 0.851365376462
0.001714285714 0.900666572453
0.001714285714 0.950214989876
0.001714285714 1.000000000000
0.001714285714 1.466666666667
0.001714285714 1.933333333333
0.001714285714 2.400000000000
0.001714285714 2.866666666667
0.001714285714 3.333333333333
0.001714285714 3.800000000000
0.001714285714 4.266666666667
0.001714285714 4.733333333333
0.001714285714 5.200000000000
0.001714285714 5.666666666667
0.001714285714 6.133333333333
0.001714285714 6.600000000000
0.001714285714 7.066666666667
0.001714285714 7.533333333333
0.001714285714 8.000000000000
0.001714285714 10.000000000000
0.001714285714 12.000000000000
0.001714285714 14.000000000000
0.001714285714 16.000000000000
0.001714285714 18.000000000000
0.001714285714 20.000000000000
0.001714285714 22.000000000000
0.001714285714 24.000000000000
0.001714285714 30.000000000000
0.001714285714 36.000000000000
0.001714285714 42.000000000000
0.001714285714 48.000000000000
0.001761904762 -48.000000000000
0.001761904762 -42.000000000000
0.001761904762 -36.000000000000
0.001761904762 -30.000000000000
0.001761904762 -24.000000000000
0.001761904762 -22.000000000000
0.001761904762 -20.000000000000
0.001761904762 -18.000000000000
0.001761904762 -16.000000000000
0.001761904762 -14.000000000000
0.001761904762 -12.000000000000
0.001761904762 -10.000000000000
0.001761904762 -8.000000000000
0.001761904762 -7.533333333333
0.001761904762 -7.066666666667
0.001761904762 -6.600000000000
0.001761904762 -6.133333333333
0.001761904762 -5.666666666667
0.001761904762 -5.200000000000
0.001761904762 -4.733333333333
0.001761904762 -4.266666666667
0.001761904762 -3.800000000000
0.001761904762 -3.333333333333
0.001761904762 -2.866666666667
0.001761904762 -2.400000000000
0.001761904762 -1.933333333333
0.001761904762 -1.466666666667
0.001761904762 -1.000000000000
0.001761904762 -0.950214989876
0.001761904762 -0.900666572453
0.001761904762 -0.851365376462
0.001761904762 -0.802323092133
0.001761904762 -0.753552642079
0.001761904762 -0.705068391357
0.001761904762 -0.656886408743
0.001761904762 -0.609024795931
0.001761904762 -0.561504108464
0.001761904762 -0.514347903027
0.001761904762 -0.467583462777
0.001761904762 -0.421242780245
0.001761904762 -0.375363924425
0.001761904762 -0.329993002221
0.001761904762 -0.285187080642
0.001761904762 -0.241018748334
0.001761904762 -0.197583672716
0.001761904762 -0.155014146033
0.001761904762 -0.113506188896
0.001761904762 -0.073383623210
0.001761904762 -0.035301637755
0.001761904762 -0.002000000000
0.001761904762 -0.001952380952
0.001761904762 -0.001904761905
0.001761904762 -0.001857142857
0.001761904762 -0.001809523810
0.001761904762 -0.001761904762
0.001761904762 -0.001714285714
0.001761904762 -0.001666666667
0.001761904762 -0.001619047619
0.001761904762 -0.001571428571
0.001761904762 -0.001523809524
0.001761904762 -0.001476190476
0.001761904762 -0.001428571429
0.001761904762 -0.001380952381
0.001761904762 -0.001333333333
0.001761904762 -0.001285714286
0.001761904762 -0.001238095238
0.001761904762 -0.001190476190
0.001761904762 -0.001142857143
0.001761904762 -0.001095238095
0.001761904762 -0.001047619048
0.001761904762 -0.001000000000
0.001761904762 -0.000952380952
0.001761904762 -0.000904761905
0.001761904762 -0.000857142857
0.001761904762 -0.000809523810
0.001761904762 -0.000761904762
0.001761904762 -0.000714285714
0.001761904762 -0.000666666667
0.001761904762 -0.000619047619
0.001761904762 -0.000571428571
0.001761904762 -0.000523809524
0.001761904762 -0.000476190476
0.001761904762 -0.000428571429
0.001761904762 -0.000380952381
0.001761904762 -0.000333333333
0.001761904762 -0.000285714286
0.001761904762 -0.000238095238
0.001761904762 -0.000190476190
0.001761904762 -0.000142857143
0.001761904762 -0.000095238095
0.001761904762 -0.000047619048
0.001761904762 0.000000000000
0.001761904762 0.000047619048
0.001761904762 0.000095238095
0.001761904762 0.000142857143
0.001761904762 0.000190476190
0.001761904762 0.000238095238
0.001761904762 0.000285714286
0.001761904762 0.000333333333
0.001761904762 0.000380952381
0.001761904762 0.000428571429
0.001761904762 0.000476190476
0.001761904762 0.000523809524
0.001761904762 0.000571428571
0.001761904762 0.000619047619
0.001761904762 0.000666666667
0.001761904762 0.000714285714
0.001761904762 0.000761904762
0.001761904762 0.000809523810
0.001761904762 0.000857142857
0.001761904762 0.000904761905
0.001761904762 0.000952380952
0.001761904762 0.001000000000
0.001761904762 0.001047619048
0.001761904762 0.001095238095
0.001761904762 0.001142857143
0.001761904762 0.001190476190
0.001761904762 0.001238095238
0.001761904762 0.001285714286
0.001761904762 0.001333333333
0.001761904762 0.001380952381
0.001761904762 0.001428571429
0.001761904762 0.001476190476
0.001761904762 0.001523809524
0.001761904762 0.001571428571
0.001761904762 0.001619047619
0.001761904762 0.001666666667
0.001761904762 0.001714285714
0.001761904762 0.001761904762
0.001761904762 0.001809523810
0.001761904762 0.001857142857
0.001761904762 0.001904761905
0.001761904762 0.001952380952
0.001761904762 0.002000000000
0.001761904762 0.035301637755
0.001761904762 0.073383623210
0.001761904762 0.113506188896
0.001761904762 0.155014146033
0.001761904762 0.197583672716
0.001761904762 0.241018748334
0.001761904762 0.285187080642
0.001761904762 0.329993002221
0.001761904762 0.375363924425
0.001761904762 0.421242780245
0.001761904762 0.467583462777
0.001761904762 0.514347903027
0.001761904762 0.561504108464
0.001761904762 0.609024795931
0.001761904762 0.656886408743
0.001761904762 0.705068391357
0.001761904762 0.753552642079
0.001761904762 0.802323092133
0.001761904762 0.851365376462
0.001761904762 0.900666572453
0.001761904762 0.950214989876
0.001761904762 1.000000000000
0.001761904762 1.466666666667
0.001761904762 1.933333333333
0.001761904762 2.400000000000
0.001761904762 2.866666666667
0.001761904762 3.333333333333
0.001761904762 3.800000000000
0.001761904762 4.266666666667
0.001761904762 4.733333333333
0.001761904762 5.200000000000
0.001761904762 5.666666666667
0.001761904762 6.133333333333
0.001761904762 6.600000000000
0.001761904762 7.066666666667
0.001761904762 7.533333333333
0.001761904762 8.000000000000
0.001761904762 10.000000000000
0.001761904762 12.000000000000
0.001761904762 14.000000000000
0.001761904762 16.000000000000
0.001761904762 18.000000000000
0.001761904762 20.000000000000
0.001761904762 22.000000000000
0.001761904762 24.000000000000
0.001761904762 30.000000000000
0.001761904762 36.000000000000
0.001761904762 42.000000000000
0.001761904762 48.000000000000
0.001809523810 -48.000000000000
0.001809523810 -42.000000000000
0.001809523810 -36.000000000000
0.001809523810 -30.000000000000
0.001809523810 -24.000000000000
0.001809523810 -22.000000000000
0.001809523810 -20.000000000000
0.001809523810 -18.000000000000
0.001809523810 -16.000000000000
0.001809523810 -14.000000000000
0.001809523810 -12.000000000000
0.001809523810 -10.000000000000
0.001809523810 -8.000000000000
0.001809523810 -7.533333333333
0.001809523810 -7.066666666667
0.001809523810 -6.600000000000
0.001809523810 -6.133333333333
0.001809523810 -5.666666666667
0.001809523810 -5.200000000000
0.001809523810 -4.733333333333
0.001809523810 -4.266666666667
0.001809523810 -3.800000000000
0.001809523810 -3.333333333333
0.001809523810 -2.866666666667
0.001809523810 -2.400000000000
0.001809523810 -1.933333333333
0.001809523810 -1.466666666667
0.001809523810 -1.000000000000
0.001809523810 -0.950214989876
0.001809523810 -0.900666572453
0.001809523810 -0.851365376462
0.001809523810 -0.802323092133
0.001809523810 -0.753552642079
0.001809523810 -0.705068391357
0.001809523810 -0.656886408743
0.001809523810 -0.609024795931
0.001809523810 -0.561504108464
0.001809523810 -0.514347903027
0.001809523810 -0.467583462777
0.001809523810 -0.421242780245
0.001809523810 -0.375363924425
0.001809523810 -0.329993002221
0.001809523810 -0.285187080642
0.001809523810 -0.241018748334
0.001809523810 -0.197583672716
0.001809523810 -0.155014146033
0.001809523810 -0.113506188896
0.001809523810 -0.073383623210
0.001809523810 -0.035301637755
0.001809523810 -0.002000000000
0.001809523810 -0.001952380952
0.001809523810 -0.001904761905
0.001809523810 -0.001857142857
0.001809523810 -0.001809523810
0.001809523810 -0.001761904762
0.001809523810 -0.001714285714
0.001809523810 -0.001666666667
0.001809523810 -0.001619047619
0.001809523810 -0.001571428571
0.001809523810 -0.001523809524
0.001809523810 -0.001476190476
0.001809523810 -0.001428571429
0.001809523810 -0.001380952381
0.001809523810 -0.001333333333
0.001809523810 -0.001285714286
0.001809523810 -0.001238095238
0.001809523810 -0.001190476190
0.001809523810 -0.001142857143
0.001809523810 -0.001095238095
0.001809523810 -0.001047619048
0.001809523810 -0.001000000000
0.001809523810 -0.000952380952
0.001809523810 -0.000904761905
0.001809523810 -0.000857142857
0.001809523810 -0.000809523810
0.001809523810 -0.000761904762
0.001809523810 -0.000714285714
0.001809523810 -0.000666666667
0.001809523810 -0.000619047619
0.001809523810 -0.000571428571
0.001809523810 -0.000523809524
0.001809523810 -0.000476190476
0.001809523810 -0.000428571429
0.001809523810 -0.000380952381
0.001809523810 -0.000333333333
0.001809523810 -0.000285714286
0.001809523810 -0.000238095238
0.001809523810 -0.000190476190
0.001809523810 -0.000142857143
0.001809523810 -0.000095238095
0.001809523810 -0.000047619048
0.001809523810 0.000000000000
0.001809523810 0.000047619048
0.001809523810 0.000095238095
0.001809523810 0.000142857143
0.001809523810 0.000190476190
0.001809523810 0.000238095238
0.001809523810 0.000285714286
0.001809523810 0.000333333333
0.001809523810 0.000380952381
0.001809523810 0.000428571429
0.001809523810 0.000476190476
0.001809523810 0.000523809524
0.001809523810 0.000571428571
0.001809523810 0.000619047619
0.001809523810 0.000666666667
0.001809523810 0.000714285714
0.001809523810 0.000761904762
0.001809523810 0.000809523810
0.001809523810 0.000857142857
0.001809523810 0.000904761905
0.001809523810 0.000952380952
0.001809523810 0.001000000000
0.001809523810 0.001047619048
0.001809523810 0.001095238095
0.001809523810 0.001142857143
0.001809523810 0.001190476190
0.001809523810 0.001238095238
0.001809523810 0.001285714286
0.001809523810 0.001333333333
0.001809523810 0.001380952381
0.001809523810 0.001428571429
0.001809523810 0.001476190476
0.001809523810 0.001523809524
0.001809523810 0.001571428571
0.001809523810 0.001619047619
0.001809523810 0.001666666667
0.001809523810 0.001714285714
0.001809523810 0.001761904762
0.001809523810 0.001809523810
0.001809523810 0.001857142857
0.001809523810 0.001904761905
0.001809523810 0.001952380952
0.001809523810 0.002000000000
0.001809523810 0.035301637755
0.001809523810 0.073383623210
0.001809523810 0.113506188896
0.001809523810 0.155014146033
0.001809523810 0.197583672716
0.001809523810 0.241018748334
0.001809523810 0.285187080642
0.001809523810 0.329993002221
0.001809523810 0.375363924425
0.001809523810 0.421242780245
0.001809523810 0.467583462777
0.001809523810 0.514347903027
0.001809523810 0.561504108464
0.001809523810 0.609024795931
0.001809523810 0.656886408743
0.001809523810 0.705068391357
0.001809523810 0.753552642079
0.001809523810 0.802323092133
0.001809523810 0.851365376462
0.001809523810 0.900666572453
0.001809523810 0.950214989876
0.001809523810 1.000000000000
0.001809523810 1.466666666667
0.001809523810 1.933333333333
0.001809523810 2.400000000000
0.001809523810 2.866666666667
0.001809523810 3.333333333333
0.001809523810 3.800000000000
0.001809523810 4.266666666667
0.001809523810 4.733333333333
0.001809523810 5.200000000000
0.001809523810 5.666666666667
0.001809523810 6.133333333333
0.001809523810 6.600000000000
0.001809523810 7.066666666667
0.001809523810 7.533333333333
0.001809523810 8.000000000000
0.001809523810 10.000000000000
0.001809523810 12.000000000000
0.001809523810 14.000000000000
0.001809523810 16.000000000000
0.001809523810 18.000000000000
0.001809523810 20.000000000000
0.001809523810 22.000000000000
0.001809523810 24.000000000000
0.001809523810 30.000000000000
0.001809523810 36.000000000000
0.001809523810 42.000000000000
0.001809523810 48.000000000000
0.001857142857 -48.000000000000
0.001857142857 -42.000000000000
0.001857142857 -36.000000000000
0.001857142857 -30.000000000000
0.001857142857 -24.000000000000
0.001857142857 -22.000000000000
0.001857142857 -20.000000000000
0.001857142857 -18.000000000000
0.001857142857 -16.000000000000
0.001857142857 -14.000000000000
0.001857142857 -12.000000000000
0.001857142857 -10.000000000000
0.001857142857 -8.000000000000
0.001857142857 -7.533333333333
0.001857142857 -7.066666666667
0.001857142857 -6.600000000000
0.001857142857 -6.133333333333
0.001857142857 -5.666666666667
0.001857142857 -5.200000000000
0.001857142857 -4.733333333333
0.001857142857 -4.266666666667
0.001857142857 -3.800000000000
0.001857142857 -3.333333333333
0.001857142857 -2.866666666667
0.001857142857 -2.400000000000
0.001857142857 -1.933333333333
0.001857142857 -1.466666666667
0.001857142857 -1.000000000000
0.001857142857 -0.950214989876
0.001857142857 -0.900666572453
0.001857142857 -0.851365376462
0.001857142857 -0.802323092133
0.001857142857 -0.753552642079
0.001857142857 -0.705068391357
0.001857142857 -0.656886408743
0.001857142857 -0.609024795931
0.001857142857 -0.561504108464
0.001857142857 -0.514347903027
0.001857142857 -0.467583462777
0.001857142857 -0.421242780245
0.001857142857 -0.375363924425
0.001857142857 -0.329993002221
0.001857142857 -0.285187080642
0.001857142857 -0.241018748334
0.001857142857 -0.197583672716
0.001857142857 -0.155014146033
0.001857142857 -0.113506188896
0.001857142857 -0.073383623210
0.001857142857 -0.035301637755
0.001857142857 -0.002000000000
0.001857142857 -0.001952380952
0.001857142857 -0.001904761905
0.001857142857 -0.001857142857
0.001857142857 -0.001809523810
0.001857142857 -0.001761904762
0.001857142857 -0.001714285714
0.001857142857 -0.001666666667
0.001857142857 -0.001619047619
0.001857142857 -0.001571428571
0.001857142857 -0.001523809524
0.001857142857 -0.001476190476
0.001857142857 -0.001428571429
0.001857142857 -0.001380952381
0.001857142857 -0.001333333333
0.001857142857 -0.001285714286
0.001857142857 -0.001238095238
0.001857142857 -0.001190476190
0.001857142857 -0.001142857143
0.001857142857 -0.001095238095
0.001857142857 -0.001047619048
0.001857142857 -0.001000000000
0.001857142857 -0.000952380952
0.001857142857 -0.000904761905
0.001857142857 -0.000857142857
0.001857142857 -0.000809523810
0.001857142857 -0.000761904762
0.001857142857 -0.000714285714
0.001857142857 -0.000666666667
0.001857142857 -0.000619047619
0.001857142857 -0.000571428571
0.001857142857 -0.000523809524
0.001857142857 -0.000476190476
0.001857142857 -0.000428571429
0.001857142857 -0.000380952381
0.001857142857 -0.000333333333
0.001857142857 -0.000285714286
0.001857142857 -0.000238095238
0.001857142857 -0.000190476190
0.001857142857 -0.000142857143
0.001857142857 -0.000095238095
0.001857142857 -0.000047619048
0.001857142857 0.000000000000
0.001857142857 0.000047619048
0.001857142857 0.000095238095
0.001857142857 0.000142857143
0.001857142857 0.000190476190
0.001857142857 0.000238095238
0.001857142857 0.000285714286
0.001857142857 0.000333333333
0.001857142857 0.000380952381
0.001857142857 0.000428571429
0.001857142857 0.000476190476
0.001857142857 0.000523809524
0.001857142857 0.000571428571
0.001857142857 0.000619047619
0.001857142857 0.000666666667
0.001857142857 0.000714285714
0.001857142857 0.000761904762
0.001857142857 0.000809523810
0.001857142857 0.000857142857
0.001857142857 0.000904761905
0.001857142857 0.000952380952
0.001857142857 0.001000000000
0.001857142857 0.001047619048
0.001857142857 0.001095238095
0.001857142857 0.001142857143
0.001857142857 0.001190476190
0.001857142857 0.001238095238
0.001857142857 0.001285714286
0.001857142857 0.001333333333
0.001857142857 0.001380952381
0.001857142857 0.001428571429
0.001857142857 0.001476190476
0.001857142857 0.001523809524
0.001857142857 0.001571428571
0.001857142857 0.001619047619
0.001857142857 0.001666666667
0.001857142857 0.001714285714
0.001857142857 0.001761904762
0.001857142857 0.001809523810
0.001857142857 0.001857142857
0.001857142857 0.001904761905
0.001857142857 0.001952380952
0.001857142857 0.002000000000
0.001857142857 0.035301637755
0.001857142857 0.073383623210
0.001857142857 0.113506188896
0.001857142857 0.155014146033
0.001857142857 0.197583672716
0.001857142857 0.241018748334
0.001857142857 0.285187080642
0.001857142857 0.329993002221
0.001857142857 0.375363924425
0.001857142857 0.421242780245
0.001857142857 0.467583462777
0.001857142857 0.514347903027
0.001857142857 0.561504108464
0.001857142857 0.609024795931
0.001857142857 0.656886408743
0.001857142857 0.705068391357
0.001857142857 0.753552642079
0.001857142857 0.802323092133
0.001857142857 0.851365376462
0.001857142857 0.900666572453
0.001857142857 0.950214989876
0.001857142857 1.000000000000
0.001857142857 1.466666666667
0.001857142857 1.933333333333
0.001857142857 2.400000000000
0.001857142857 2.866666666667
0.001857142857 3.333333333333
0.001857142857 3.800000000000
0.001857142857 4.266666666667
0.001857142857 4.733333333333
0.001857142857 5.200000000000
0.001857142857 5.666666666667
0.001857142857 6.133333333333
0.001857142857 6.600000000000
0.001857142857 7.066666666667
0.001857142857 7.533333333333
0.001857142857 8.000000000000
0.001857142857 10.000000000000
0.001857142857 12.000000000000
0.001857142857 14.000000000000
0.001857142857 16.000000000000
0.001857142857 18.000000000000
0.001857142857 20.000000000000
0.001857142857 22.000000000000
0.001857142857 24.000000000000
0.001857142857 30.000000000000
0.001857142857 36.000000000000
0.001857142857 42.000000000000
0.001857142857 48.000000000000
0.001904761905 -48.000000000000
0.001904761905 -42.000000000000
0.001904761905 -36.000000000000
0.001904761905 -30.000000000000
0.001904761905 -24.000000000000
0.001904761905 -22.000000000000
0.001904761905 -20.000000000000
0.001904761905 -18.000000000000
0.001904761905 -16.000000000000
0.001904761905 -14.000000000000
0.001904761905 -12.000000000000
0.001904761905 -10.000000000000
0.001904761905 -8.000000000000
0.001904761905 -7.533333333333
0.001904761905 -7.066666666667
0.001904761905 -6.600000000000
0.001904761905 -6.133333333333
0.001904761905 -5.666666666667
0.001904761905 -5.200000000000
0.001904761905 -4.733333333333
0.001904761905 -4.266666666667
0.001904761905 -3.800000000000
0.001904761905 -3.333333333333
0.001904761905 -2.866666666667
0.001904761905 -2.400000000000
0.001904761905 -1.933333333333
0.001904761905 -1.466666666667
0.001904761905 -1.000000000000
0.001904761905 -0.950214989876
0.001904761905 -0.900666572453
0.001904761905 -0.851365376462
0.001904761905 -0.802323092133
0.001904761905 -0.753552642079
0.001904761905 -0.705068391357
0.001904761905 -0.656886408743
0.001904761905 -0.609024795931
0.001904761905 -0.561504108464
0.001904761905 -0.514347903027
0.001904761905 -0.467583462777
0.001904761905 -0.421242780245
0.001904761905 -0.375363924425
0.001904761905 -0.329993002221
0.001904761905 -0.285187080642
0.001904761905 -0.241018748334
0.001904761905 -0.197583672716
0.001904761905 -0.155014146033
0.001904761905 -0.113506188896
0.001904761905 -0.073383623210
0.001904761905 -0.035301637755
0.001904761905 -0.002000000000
0.001904761905 -0.001952380952
0.001904761905 -0.001904761905
0.001904761905 -0.001857142857
0.001904761905 -0.001809523810
0.001904761905 -0.001761904762
0.001904761905 -0.001714285714
0.001904761905 -0.001666666667
0.001904761905 -0.001619047619
0.001904761905 -0.001571428571
0.001904761905 -0.001523809524
0.001904761905 -0.001476190476
0.001904761905 -0.001428571429
0.001904761905 -0.001380952381
0.001904761905 -0.001333333333
0.001904761905 -0.001285714286
0.001904761905 -0.001238095238
0.001904761905 -0.001190476190
0.001904761905 -0.001142857143
0.001904761905 -0.001095238095
0.001904761905 -0.001047619048
0.001904761905 -0.001000000000
0.001904761905 -0.000952380952
0.001904761905 -0.000904761905
0.001904761905 -0.000857142857
0.001904761905 -0.000809523810
0.001904761905 -0.000761904762
0.001904761905 -0.000714285714
0.001904761905 -0.000666666667
0.001904761905 -0.000619047619
0.001904761905 -0.000571428571
0.001904761905 -0.000523809524
0.001904761905 -0.000476190476
0.001904761905 -0.000428571429
0.001904761905 -0.000380952381
0.001904761905 -0.000333333333
0.001904761905 -0.000285714286
0.001904761905 -0.000238095238
0.001904761905 -0.000190476190
0.001904761905 -0.000142857143
0.001904761905 -0.000095238095
0.001904761905 -0.000047619048
0.001904761905 0.000000000000
0.001904761905 0.000047619048
0.001904761905 0.000095238095
0.001904761905 0.000142857143
0.001904761905 0.000190476190
0.001904761905 0.000238095238
0.001904761905 0.000285714286
0.001904761905 0.000333333333
0.001904761905 0.000380952381
0.001904761905 0.000428571429
0.001904761905 0.000476190476
0.001904761905 0.000523809524
0.001904761905 0.000571428571
0.001904761905 0.000619047619
0.001904761905 0.000666666667
0.001904761905 0.000714285714
0.001904761905 0.000761904762
0.001904761905 0.000809523810
0.001904761905 0.000857142857
0.001904761905 0.000904761905
0.001904761905 0.000952380952
0.001904761905 0.001000000000
0.001904761905 0.001047619048
0.001904761905 0.001095238095
0.001904761905 0.001142857143
0.001904761905 0.001190476190
0.001904761905 0.001238095238
0.001904761905 0.001285714286
0.001904761905 0.001333333333
0.001904761905 0.001380952381
0.001904761905 0.001428571429
0.001904761905 0.001476190476
0.001904761905 0.001523809524
0.001904761905 0.001571428571
0.001904761905 0.001619047619
0.001904761905 0.001666666667
0.001904761905 0.001714285714
0.001904761905 0.001761904762
0.001904761905 0.001809523810
0.001904761905 0.001857142857
0.001904761905 0.001904761905
0.001904761905 0.001952380952
0.001904761905 0.002000000000
0.001904761905 0.035301637755
0.001904761905 0.073383623210
0.001904761905 0.113506188896
0.001904761905 0.155014146033
0.001904761905 0.197583672716
0.001904761905 0.241018748334
0.001904761905 0.285187080642
0.001904761905 0.329993002221
0.001904761905 0.375363924425
0.001904761905 0.421242780245
0.001904761905 0.467583462777
0.001904761905 0.514347903027
0.001904761905 0.561504108464
0.001904761905 0.609024795931
0.001904761905 0.656886408743
0.001904761905 0.705068391357
0.001904761905 0.753552642079
0.001904761905 0.802323092133
0.001904761905 0.851365376462
0.001904761905 0.900666572453
0.001904761905 0.950214989876
0.001904761905 1.000000000000
0.001904761905 1.466666666667
0.001904761905 1.933333333333
0.001904761905 2.400000000000
0.001904761905 2.866666666667
0.001904761905 3.333333333333
0.001904761905 3.800000000000
0.001904761905 4.266666666667
0.001904761905 4.733333333333
0.001904761905 5.200000000000
0.001904761905 5.666666666667
0.001904761905 6.133333333333
0.001904761905 6.600000000000
0.001904761905 7.066666666667
0.001904761905 7.533333333333
0.001904761905 8.000000000000
0.001904761905 10.000000000000
0.001904761905 12.000000000000
0.001904761905 14.000000000000
0.001904761905 16.000000000000
0.001904761905 18.000000000000
0.001904761905 20.000000000000
0.001904761905 22.000000000000
0.001904761905 24.000000000000
0.001904761905 30.000000000000
0.001904761905 36.000000000000
0.001904761905 42.000000000000
0.001904761905 48.000000000000
0.001952380952 -48.000000000000
0.001952380952 -42.000000000000
0.001952380952 -36.000000000000
0.001952380952 -30.000000000000
0.001952380952 -24.000000000000
0.001952380952 -22.000000000000
0.001952380952 -20.000000000000
0.001952380952 -18.000000000000
0.001952380952 -16.000000000000
0.001952380952 -14.000000000000
0.001952380952 -12.000000000000
0.001952380952 -10.000000000000
0.001952380952 -8.000000000000
0.001952380952 -7.533333333333
0.001952380952 -7.066666666667
0.001952380952 -6.600000000000
0.001952380952 -6.133333333333
0.001952380952 -5.666666666667
0.001952380952 -5.200000000000
0.001952380952 -4.733333333333
0.001952380952 -4.266666666667
0.001952380952 -3.800000000000
0.001952380952 -3.333333333333
0.001952380952 -2.866666666667
0.001952380952 -2.400000000000
0.001952380952 -1.933333333333
0.001952380952 -1.466666666667
0.001952380952 -1.000000000000
0.001952380952 -0.950214989876
0.001952380952 -0.900666572453
0.001952380952 -0.851365376462
0.001952380952 -0.802323092133
0.001952380952 -0.753552642079
0.001952380952 -0.705068391357
0.001952380952 -0.656886408743
0.001952380952 -0.609024795931
0.001952380952 -0.561504108464
0.001952380952 -0.514347903027
0.001952380952 -0.467583462777
0.001952380952 -0.421242780245
0.001952380952 -0.375363924425
0.001952380952 -0.329993002221
0.001952380952 -0.285187080642
0.001952380952 -0.241018748334
0.001952380952 -0.197583672716
0.001952380952 -0.155014146033
0.001952380952 -0.113506188896
0.001952380952 -0.073383623210
0.001952380952 -0.035301637755
0.001952380952 -0.002000000000
0.001952380952 -0.001952380952
0.001952380952 -0.001904761905
0.001952380952 -0.001857142857
0.001952380952 -0.001809523810
0.001952380952 -0.001761904762
0.001952380952 -0.001714285714
0.001952380952 -0.001666666667
0.001952380952 -0.001619047619
0.001952380952 -0.001571428571
0.001952380952 -0.001523809524
0.001952380952 -0.001476190476
0.001952380952 -0.001428571429
0.001952380952 -0.001380952381
0.001952380952 -0.001333333333
0.001952380952 -0.001285714286
0.001952380952 -0.001238095238
0.001952380952 -0.001190476190
0.001952380952 -0.001142857143
0.001952380952 -0.001095238095
0.001952380952 -0.001047619048
0.001952380952 -0.001000000000
0.001952380952 -0.000952380952
0.001952380952 -0.000904761905
0.001952380952 -0.000857142857
0.001952380952 -0.000809523810
0.001952380952 -0.000761904762
0.001952380952 -0.000714285714
0.001952380952 -0.000666666667
0.001952380952 -0.000619047619
0.001952380952 -0.000571428571
0.001952380952 -0.000523809524
0.001952380952 -0.000476190476
0.001952380952 -0.000428571429
0.001952380952 -0.000380952381
0.001952380952 -0.000333333333
0.001952380952 -0.000285714286
0.001952380952 -0.000238095238
0.001952380952 -0.000190476190
0.001952380952 -0.000142857143
0.001952380952 -0.000095238095
0.001952380952 -0.000047619048
0.001952380952 0.000000000000
0.001952380952 0.000047619048
0.001952380952 0.000095238095
0.001952380952 0.000142857143
0.001952380952 0.000190476190
0.001952380952 0.000238095238
0.001952380952 0.000285714286
0.001952380952 0.000333333333
0.001952380952 0.000380952381
0.001952380952 0.000428571429
0.001952380952 0.000476190476
0.001952380952 0.000523809524
0.001952380952 0.000571428571
0.001952380952 0.000619047619
0.001952380952 0.000666666667
0.001952380952 0.000714285714
0.001952380952 0.000761904762
0.001952380952 0.000809523810
0.001952380952 0.000857142857
0.001952380952 0.000904761905
0.001952380952 0.000952380952
0.001952380952 0.001000000000
0.001952380952 0.001047619048
0.001952380952 0.001095238095
0.001952380952 0.001142857143
0.001952380952 0.001190476190
0.001952380952 0.001238095238
0.001952380952 0.001285714286
0.001952380952 0.001333333333
0.001952380952 0.001380952381
0.001952380952 0.001428571429
0.001952380952 0.001476190476
0.001952380952 0.001523809524
0.001952380952 0.001571428571
0.001952380952 0.001619047619
0.001952380952 0.001666666667
0.001952380952 0.001714285714
0.001952380952 0.001761904762
0.001952380952 0.001809523810
0.001952380952 0.001857142857
0.001952380952 0.001904761905
0.001952380952 0.001952380952
0.001952380952 0.002000000000
0.001952380952 0.035301637755
0.001952380952 0.073383623210
0.001952380952 0.113506188896
0.001952380952 0.155014146033
0.001952380952 0.197583672716
0.001952380952 0.241018748334
0.001952380952 0.285187080642
0.001952380952 0.329993002221
0.001952380952 0.375363924425
0.001952380952 0.421242780245
0.001952380952 0.467583462777
0.001952380952 0.514347903027
0.001952380952 0.561504108464
0.001952380952 0.609024795931
0.001952380952 0.656886408743
0.001952380952 0.705068391357
0.001952380952 0.753552642079
0.001952380952 0.802323092133
0.001952380952 0.851365376462
0.001952380952 0.900666572453
0.001952380952 0.950214989876
0.001952380952 1.000000000000
0.001952380952 1.466666666667
0.001952380952 1.933333333333
0.001952380952 2.400000000000
0.001952380952 2.866666666667
0.001952380952 3.333333333333
0.001952380952 3.800000000000
0.001952380952 4.266666666667
0.001952380952 4.733333333333
0.001952380952 5.200000000000
0.001952380952 5.666666666667
0.001952380952 6.133333333333
0.001952380952 6.600000000000
0.001952380952 7.066666666667
0.001952380952 7.533333333333
0.001952380952 8.000000000000
0.001952380952 10.000000000000
0.001952380952 12.000000000000
0.001952380952 14.000000000000
0.001952380952 16.000000000000
0.001952380952 18.000000000000
0.001952380952 20.000000000000
0.001952380952 22.000000000000
0.001952380952 24.000000000000
0.001952380952 30.000000000000
0.001952380952 36.000000000000
0.001952380952 42.000000000000
0.001952380952 48.000000000000
0.002000000000 -48.000000000000
0.002000000000 -42.000000000000
0.002000000000 -36.000000000000
0.002000000000 -30.000000000000
0.002000000000 -24.000000000000
0.002000000000 -22.000000000000
0.002000000000 -20.000000000000
0.002000000000 -18.000000000000
0.002000000000 -16.000000000000
0.002000000000 -14.000000000000
0.002000000000 -12.000000000000
0.002000000000 -10.000000000000
0.002000000000 -8.000000000000
0.002000000000 -7.533333333333
0.002000000000 -7.066666666667
0.002000000000 -6.600000000000
0.002000000000 -6.133333333333
0.002000000000 -5.666666666667
0.002000000000 -5.200000000000
0.002000000000 -4.733333333333
0.002000000000 -4.266666666667
0.002000000000 -3.800000000000
0.002000000000 -3.333333333333
0.002000000000 -2.866666666667
0.002000000000 -2.400000000000
0.002000000000 -1.933333333333
0.002000000000 -1.466666666667
0.002000000000 -1.000000000000
0.002000000000 -0.950214989876
0.002000000000 -0.900666572453
0.002000000000 -0.851365376462
0.002000000000 -0.802323092133
0.002000000000 -0.753552642079
0.002000000000 -0.705068391357
0.002000000000 -0.656886408743
0.002000000000 -0.609024795931
0.002000000000 -0.561504108464
0.002000000000 -0.514347903027
0.002000000000 -0.467583462777
0.002000000000 -0.421242780245
0.002000000000 -0.375363924425
0.002000000000 -0.329993002221
0.002000000000 -0.285187080642
0.002000000000 -0.241018748334
0.002000000000 -0.197583672716
0.002000000000 -0.155014146033
0.002000000000 -0.113506188896
0.002000000000 -0.073383623210
0.002000000000 -0.035301637755
0.002000000000 -0.002000000000
0.002000000000 -0.001952380952
0.002000000000 -0.001904761905
0.002000000000 -0.001857142857
0.002000000000 -0.001809523810
0.002000000000 -0.001761904762
0.002000000000 -0.001714285714
0.002000000000 -0.001666666667
0.002000000000 -0.001619047619
0.002000000000 -0.001571428571
0.002000000000 -0.001523809524
0.002000000000 -0.001476190476
0.002000000000 -0.001428571429
0.002000000000 -0.001380952381
0.002000000000 -0.001333333333
0.002000000000 -0.001285714286
0.002000000000 -0.001238095238
0.002000000000 -0.001190476190
0.002000000000 -0.001142857143
0.002000000000 -0.001095238095
0.002000000000 -0.001047619048
0.002000000000 -0.001000000000
0.002000000000 -0.000952380952
0.002000000000 -0.000904761905
0.002000000000 -0.000857142857
0.002000000000 -0.000809523810
0.002000000000 -0.000761904762
0.002000000000 -0.000714285714
0.002000000000 -0.000666666667
0.002000000000 -0.000619047619
0.002000000000 -0.000571428571
0.002000000000 -0.000523809524
0.002000000000 -0.000476190476
0.002000000000 -0.000428571429
0.002000000000 -0.000380952381
0.002000000000 -0.000333333333
0.002000000000 -0.000285714286
0.002000000000 -0.000238095238
0.002000000000 -0.000190476190
0.002000000000 -0.000142857143
0.002000000000 -0.000095238095
0.002000000000 -0.000047619048
0.002000000000 0.000000000000
0.002000000000 0.000047619048
0.002000000000 0.000095238095
0.002000000000 0.000142857143
0.002000000000 0.000190476190
0.002000000000 0.000238095238
0.002000000000 0.000285714286
0.002000000000 0.000333333333
0.002000000000 0.000380952381
0.002000000000 0.000428571429
0.002000000000 0.000476190476
0.002000000000 0.000523809524
0.002000000000 0.000571428571
0.002000000000 0.000619047619
0.002000000000 0.000666666667
0.002000000000 0.000714285714
0.002000000000 0.000761904762
0.002000000000 0.000809523810
0.002000000000 0.000857142857
0.002000000000 0.000904761905
0.002000000000 0.000952380952
0.002000000000 0.001000000000
0.002000000000 0.001047619048
0.002000000000 0.001095238095
0.002000000000 0.001142857143
0.002000000000 0.001190476190
0.002000000000 0.001238095238
0.002000000000 0.001285714286
0.002000000000 0.001333333333
0.002000000000 0.001380952381
0.002000000000 0.001428571429
0.002000000000 0.001476190476
0.002000000000 0.001523809524
0.002000000000 0.001571428571
0.002000000000 0.001619047619
0.002000000000 0.001666666667
0.002000000000 0.001714285714
0.002000000000 0.001761904762
0.002000000000 0.001809523810
0.002000000000 0.001857142857
0.002000000000 0.001904761905
0.002000000000 0.001952380952
0.002000000000 0.002000000000
0.002000000000 0.035301637755
0.002000000000 0.073383623210
0.002000000000 0.113506188896
0.002000000000 0.155014146033
0.002000000000 0.197583672716
0.002000000000 0.241018748334
0.002000000000 0.285187080642
0.002000000000 0.329993002221
0.002000000000 0.375363924425
0.002000000000 0.421242780245
0.002000000000 0.467583462777
0.002000000000 0.514347903027
0.002000000000 0.561504108464
0.002000000000 0.609024795931
0.002000000000 0.656886408743
0.002000000000 0.705068391357
0.002000000000 0.753552642079
0.002000000000 0.802323092133
0.002000000000 0.851365376462
0.002000000000 0.900666572453
0.002000000000 0.950214989876
0.002000000000 1.000000000000
0.002000000000 1.466666666667
0.002000000000 1.933333333333
0.002000000000 2.400000000000
0.002000000000 2.866666666667
0.002000000000 3.333333333333
0.002000000000 3.800000000000
0.002000000000 4.266666666667
0.002000000000 4.733333333333
0.002000000000 5.200000000000
0.002000000000 5.666666666667
0.002000000000 6.133333333333
0.002000000000 6.600000000000
0.002000000000 7.066666666667
0.002000000000 7.533333333333
0.002000000000 8.000000000000
0.002000000000 10.000000000000
0.002000000000 12.000000000000
0.002000000000 14.000000000000
0.002000000000 16.000000000000
0.002000000000 18.000000000000
0.002000000000 20.000000000000
0.002000000000 22.000000000000
0.002000000000 24.000000000000
0.002000000000 30.000000000000
0.002000000000 36.000000000000
0.002000000000 42.000000000000
0.002000000000 48.000000000000
0.035301637755 -48.000000000000
0.035301637755 -42.000000000000
0.035301637755 -36.000000000000
0.035301637755 -30.000000000000
0.035301637755 -24.000000000000
0.035301637755 -22.000000000000
0.035301637755 -20.000000000000
0.035301637755 -18.000000000000
0.035301637755 -16.000000000000
0.035301637755 -14.000000000000
0.035301637755 -12.000000000000
0.035301637755 -10.000000000000
0.035301637755 -8.000000000000
0.035301637755 -7.533333333333
0.035301637755 -7.066666666667
0.035301637755 -6.600000000000
0.035301637755 -6.133333333333
0.035301637755 -5.666666666667
0.035301637755 -5.200000000000
0.035301637755 -4.733333333333
0.035301637755 -4.266666666667
0.035301637755 -3.800000000000
0.035301637755 -3.333333333333
0.035301637755 -2.866666666667
0.035301637755 -2.400000000000
0.035301637755 -1.933333333333
0.035301637755 -1.466666666667
0.035301637755 -1.000000000000
0.035301637755 -0.950214989876
0.035301637755 -0.900666572453
0.035301637755 -0.851365376462
0.035301637755 -0.802323092133
0.035301637755 -0.753552642079
0.035301637755 -0.705068391357
0.035301637755 -0.656886408743
0.035301637755 -0.609024795931
0.035301637755 -0.561504108464
0.035301637755 -0.514347903027
0.035301637755 -0.467583462777
0.035301637755 -0.421242780245
0.035301637755 -0.375363924425
0.035301637755 -0.329993002221
0.035301637755 -0.285187080642
0.035301637755 -0.241018748334
0.035301637755 -0.197583672716
0.035301637755 -0.155014146033
0.035301637755 -0.113506188896
0.035301637755 -0.073383623210
0.035301637755 -0.035301637755
0.035301637755 -0.002000000000
0.035301637755 -0.001952380952
0.035301637755 -0.001904761905
0.035301637755 -0.001857142857
0.035301637755 -0.001809523810
0.035301637755 -0.001761904762
0.035301637755 -0.001714285714
0.035301637755 -0.001666666667
0.035301637755 -0.001619047619
0.035301637755 -0.001571428571
0.035301637755 -0.001523809524
0.035301637755 -0.001476190476
0.035301637755 -0.001428571429
0.035301637755 -0.001380952381
0.035301637755 -0.001333333333
0.035301637755 -0.001285714286
0.035301637755 -0.001238095238
0.035301637755 -0.001190476190
0.035301637755 -0.001142857143
0.035301637755 -0.001095238095
0.035301637755 -0.001047619048
0.035301637755 -0.001000000000
0.035301637755 -0.000952380952
0.035301637755 -0.000904761905
0.035301637755 -0.000857142857
0.035301637755 -0.000809523810
0.035301637755 -0.000761904762
0.035301637755 -0.000714285714
0.035301637755 -0.000666666667
0.035301637755 -0.000619047619
0.035301637755 -0.000571428571
0.035301637755 -0.000523809524
0.035301637755 -0.000476190476
0.035301637755 -0.000428571429
0.035301637755 -0.000380952381
0.035301637755 -0.000333333333
0.035301637755 -0.000285714286
0.035301637755 -0.000238095238
0.035301637755 -0.000190476190
0.035301637755 -0.000142857143
0.035301637755 -0.000095238095
0.035301637755 -0.000047619048
0.035301637755 0.000000000000
0.035301637755 0.000047619048
0.035301637755 0.000095238095
0.035301637755 0.000142857143
0.035301637755 0.000190476190
0.035301637755 0.000238095238
0.035301637755 0.000285714286
0.035301637755 0.000333333333
0.035301637755 0.000380952381
0.035301637755 0.000428571429
0.035301637755 0.000476190476
0.035301637755 0.000523809524
0.035301637755 0.000571428571
0.035301637755 0.000619047619
0.035301637755 0.000666666667
0.035301637755 0.000714285714
0.035301637755 0.000761904762
0.035301637755 0.000809523810
0.035301637755 0.000857142857
0.035301637755 0.000904761905
0.035301637755 0.000952380952
0.035301637755 0.001000000000
0.035301637755 0.001047619048
0.035301637755 0.001095238095
0.035301637755 0.001142857143
0.035301637755 0.001190476190
0.035301637755 0.001238095238
0.035301637755 0.001285714286
0.035301637755 0.001333333333
0.035301637755 0.001380952381
0.035301637755 0.001428571429
0.035301637755 0.001476190476
0.035301637755 0.001523809524
0.035301637755 0.001571428571
0.035301637755 0.001619047619
0.035301637755 0.001666666667
0.035301637755 0.001714285714
0.035301637755 0.001761904762
0.035301637755 0.001809523810
0.035301637755 0.001857142857
0.035301637755 0.001904761905
0.035301637755 0.001952380952
0.035301637755 0.002000000000
0.035301637755 0.035301637755
0.035301637755 0.073383623210
0.035301637755 0.113506188896
0.035301637755 0.155014146033
0.035301637755 0.197583672716
0.035301637755 0.241018748334
0.035301637755 0.285187080642
0.035301637755 0.329993002221
0.035301637755 0.375363924425
0.035301637755 0.421242780245
0.035301637755 0.467583462777
0.035301637755 0.514347903027
0.035301637755 0.561504108464
0.035301637755 0.609024795931
0.035301637755 0.656886408743
0.035301637755 0.705068391357
0.035301637755 0.753552642079
0.035301637755 0.802323092133
0.035301637755 0.851365376462
0.035301637755 0.900666572453
0.035301637755 0.950214989876
0.035301637755 1.000000000000
0.035301637755 1.466666666667
0.035301637755 1.933333333333
0.035301637755 2.400000000000
0.035301637755 2.866666666667
0.035301637755 3.333333333333
0.035301637755 3.800000000000
0.035301637755 4.266666666667
0.035301637755 4.733333333333
0.035301637755 5.200000000000
0.035301637755 5.666666666667
0.035301637755 6.133333333333
0.035301637755 6.600000000000
0.035301637755 7.066666666667
0.035301637755 7.533333333333
0.035301637755 8.000000000000
0.035301637755 10.000000000000
0.035301637755 12.000000000000
0.035301637755 14.000000000000
0.035301637755 16.000000000000
0.035301637755 18.000000000000
0.035301637755 20.000000000000
0.035301637755 22.000000000000
0.035301637755 24.000000000000
0.035301637755 30.000000000000
0.035301637755 36.000000000000
0.035301637755 42.000000000000
0.035301637755 48.000000000000
0.073383623210 -48.000000000000
0.073383623210 -42.000000000000
0.073383623210 -36.000000000000
0.073383623210 -30.000000000000
0.073383623210 -24.000000000000
0.073383623210 -22.000000000000
0.073383623210 -20.000000000000
0.073383623210 -18.000000000000
0.073383623210 -16.000000000000
0.073383623210 -14.000000000000
0.073383623210 -12.000000000000
0.073383623210 -10.000000000000
0.073383623210 -8.000000000000
0.073383623210 -7.533333333333
0.073383623210 -7.066666666667
0.073383623210 -6.600000000000
0.073383623210 -6.133333333333
0.073383623210 -5.666666666667
0.073383623210 -5.200000000000
0.073383623210 -4.733333333333
0.073383623210 -4.266666666667
0.073383623210 -3.800000000000
0.073383623210 -3.333333333333
0.073383623210 -2.866666666667
0.073383623210 -2.400000000000
0.073383623210 -1.933333333333
0.073383623210 -1.466666666667
0.073383623210 -1.000000000000
0.073383623210 -0.950214989876
0.073383623210 -0.900666572453
0.073383623210 -0.851365376462
0.073383623210 -0.802323092133
0.073383623210 -0.753552642079
0.073383623210 -0.705068391357
0.073383623210 -0.656886408743
0.073383623210 -0.609024795931
0.073383623210 -0.561504108464
0.073383623210 -0.514347903027
0.073383623210 -0.467583462777
0.073383623210 -0.421242780245
0.073383623210 -0.375363924425
0.073383623210 -0.329993002221
0.073383623210 -0.285187080642
0.073383623210 -0.241018748334
0.073383623210 -0.197583672716
0.073383623210 -0.155014146033
0.073383623210 -0.113506188896
0.073383623210 -0.073383623210
0.073383623210 -0.035301637755
0.073383623210 -0.002000000000
0.073383623210 -0.001952380952
0.073383623210 -0.001904761905
0.073383623210 -0.001857142857
0.073383623210 -0.001809523810
0.073383623210 -0.001761904762
0.073383623210 -0.001714285714
0.073383623210 -0.001666666667
0.073383623210 -0.001619047619
0.073383623210 -0.001571428571
0.073383623210 -0.001523809524
0.073383623210 -0.001476190476
0.073383623210 -0.001428571429
0.073383623210 -0.001380952381
0.073383623210 -0.001333333333
0.073383623210 -0.001285714286
0.073383623210 -0.001238095238
0.073383623210 -0.001190476190
0.073383623210 -0.001142857143
0.073383623210 -0.001095238095
0.073383623210 -0.001047619048
0.073383623210 -0.001000000000
0.073383623210 -0.000952380952
0.073383623210 -0.000904761905
0.073383623210 -0.000857142857
0.073383623210 -0.000809523810
0.073383623210 -0.000761904762
0.073383623210 -0.000714285714
0.073383623210 -0.000666666667
0.073383623210 -0.000619047619
0.073383623210 -0.000571428571
0.073383623210 -0.000523809524
0.073383623210 -0.000476190476
0.073383623210 -0.000428571429
0.073383623210 -0.000380952381
0.073383623210 -0.000333333333
0.073383623210 -0.000285714286
0.073383623210 -0.000238095238
0.073383623210 -0.000190476190
0.073383623210 -0.000142857143
0.073383623210 -0.000095238095
0.073383623210 -0.000047619048
0.073383623210 0.000000000000
0.073383623210 0.000047619048
0.073383623210 0.000095238095
0.073383623210 0.000142857143
0.073383623210 0.000190476190
0.073383623210 0.000238095238
0.073383623210 0.000285714286
0.073383623210 0.000333333333
0.073383623210 0.000380952381
0.073383623210 0.000428571429
0.073383623210 0.000476190476
0.073383623210 0.000523809524
0.073383623210 0.000571428571
0.073383623210 0.000619047619
0.073383623210 0.000666666667
0.073383623210 0.000714285714
0.073383623210 0.000761904762
0.073383623210 0.000809523810
0.073383623210 0.000857142857
0.073383623210 0.000904761905
0.073383623210 0.000952380952
0.073383623210 0.001000000000
0.073383623210 0.001047619048
0.073383623210 0.001095238095
0.073383623210 0.001142857143
0.073383623210 0.001190476190
0.073383623210 0.001238095238
0.073383623210 0.001285714286
0.073383623210 0.001333333333
0.073383623210 0.001380952381
0.073383623210 0.001428571429
0.073383623210 0.001476190476
0.073383623210 0.001523809524
0.073383623210 0.001571428571
0.073383623210 0.001619047619
0.073383623210 0.001666666667
0.073383623210 0.001714285714
0.073383623210 0.001761904762
0.073383623210 0.001809523810
0.073383623210 0.001857142857
0.073383623210 0.001904761905
0.073383623210 0.001952380952
0.073383623210 0.002000000000
0.073383623210 0.035301637755
0.073383623210 0.073383623210
0.073383623210 0.113506188896
0.073383623210 0.155014146033
0.073383623210 0.197583672716
0.073383623210 0.241018748334
0.073383623210 0.285187080642
0.073383623210 0.329993002221
0.073383623210 0.375363924425
0.073383623210 0.421242780245
0.073383623210 0.467583462777
0.073383623210 0.514347903027
0.073383623210 0.561504108464
0.073383623210 0.609024795931
0.073383623210 0.656886408743
0.073383623210 0.705068391357
0.073383623210 0.753552642079
0.073383623210 0.802323092133
0.073383623210 0.851365376462
0.073383623210 0.900666572453
0.073383623210 0.950214989876
0.073383623210 1.000000000000
0.073383623210 1.466666666667
0.073383623210 1.933333333333
0.073383623210 2.400000000000
0.073383623210 2.866666666667
0.073383623210 3.333333333333
0.073383623210 3.800000000000
0.073383623210 4.266666666667
0.073383623210 4.733333333333
0.073383623210 5.200000000000
0.073383623210 5.666666666667
0.073383623210 6.133333333333
0.073383623210 6.600000000000
0.073383623210 7.066666666667
0.073383623210 7.533333333333
0.073383623210 8.000000000000
0.073383623210 10.000000000000
0.073383623210 12.000000000000
0.073383623210 14.000000000000
0.073383623210 16.000000000000
0.073383623210 18.000000000000
0.073383623210 20.000000000000
0.073383623210 22.000000000000
0.073383623210 24.000000000000
0.073383623210 30.000000000000
0.073383623210 36.000000000000
0.073383623210 42.000000000000
0.073383623210 48.000000000000
0.113506188896 -48.000000000000
0.113506188896 -42.000000000000
0.113506188896 -36.000000000000
0.113506188896 -30.000000000000
0.113506188896 -24.000000000000
0.113506188896 -22.000000000000
0.113506188896 -20.000000000000
0.113506188896 -18.000000000000
0.113506188896 -16.000000000000
0.113506188896 -14.000000000000
0.113506188896 -12.000000000000
0.113506188896 -10.000000000000
0.113506188896 -8.000000000000
0.113506188896 -7.533333333333
0.113506188896 -7.066666666667
0.113506188896 -6.600000000000
0.113506188896 -6.133333333333
0.113506188896 -5.666666666667
0.113506188896 -5.200000000000
0.113506188896 -4.733333333333
0.113506188896 -4.266666666667
0.113506188896 -3.800000000000
0.113506188896 -3.333333333333
0.113506188896 -2.866666666667
0.113506188896 -2.400000000000
0.113506188896 -1.933333333333
0.113506188896 -1.466666666667
0.113506188896 -1.000000000000
0.113506188896 -0.950214989876
0.113506188896 -0.900666572453
0.113506188896 -0.851365376462
0.113506188896 -0.802323092133
0.113506188896 -0.753552642079
0.113506188896 -0.705068391357
0.113506188896 -0.656886408743
0.113506188896 -0.609024795931
0.113506188896 -0.561504108464
0.113506188896 -0.514347903027
0.113506188896 -0.467583462777
0.113506188896 -0.421242780245
0.113506188896 -0.375363924425
0.113506188896 -0.329993002221
0.113506188896 -0.285187080642
0.113506188896 -0.241018748334
0.113506188896 -0.197583672716
0.113506188896 -0.155014146033
0.113506188896 -0.113506188896
0.113506188896 -0.073383623210
0.113506188896 -0.035301637755
0.113506188896 -0.002000000000
0.113506188896 -0.001952380952
0.113506188896 -0.001904761905
0.113506188896 -0.001857142857
0.113506188896 -0.001809523810
0.113506188896 -0.001761904762
0.113506188896 -0.001714285714
0.113506188896 -0.001666666667
0.113506188896 -0.001619047619
0.113506188896 -0.001571428571
0.113506188896 -0.001523809524
0.113506188896 -0.001476190476
0.113506188896 -0.001428571429
0.113506188896 -0.001380952381
0.113506188896 -0.001333333333
0.113506188896 -0.001285714286
0.113506188896 -0.001238095238
0.113506188896 -0.001190476190
0.113506188896 -0.001142857143
0.113506188896 -0.001095238095
0.113506188896 -0.001047619048
0.113506188896 -0.001000000000
0.113506188896 -0.000952380952
0.113506188896 -0.000904761905
0.113506188896 -0.000857142857
0.113506188896 -0.000809523810
0.113506188896 -0.000761904762
0.113506188896 -0.000714285714
0.113506188896 -0.000666666667
0.113506188896 -0.000619047619
0.113506188896 -0.000571428571
0.113506188896 -0.000523809524
0.113506188896 -0.000476190476
0.113506188896 -0.000428571429
0.113506188896 -0.000380952381
0.113506188896 -0.000333333333
0.113506188896 -0.000285714286
0.113506188896 -0.000238095238
0.113506188896 -0.000190476190
0.113506188896 -0.000142857143
0.113506188896 -0.000095238095
0.113506188896 -0.000047619048
0.113506188896 0.000000000000
0.113506188896 0.000047619048
0.113506188896 0.000095238095
0.113506188896 0.000142857143
0.113506188896 0.000190476190
0.113506188896 0.000238095238
0.113506188896 0.000285714286
0.113506188896 0.000333333333
0.113506188896 0.000380952381
0.113506188896 0.000428571429
0.113506188896 0.000476190476
0.113506188896 0.000523809524
0.113506188896 0.000571428571
0.113506188896 0.000619047619
0.113506188896 0.000666666667
0.113506188896 0.000714285714
0.113506188896 0.000761904762
0.113506188896 0.000809523810
0.113506188896 0.000857142857
0.113506188896 0.000904761905
0.113506188896 0.000952380952
0.113506188896 0.001000000000
0.113506188896 0.001047619048
0.113506188896 0.001095238095
0.113506188896 0.001142857143
0.113506188896 0.001190476190
0.113506188896 0.001238095238
0.113506188896 0.001285714286
0.113506188896 0.001333333333
0.113506188896 0.001380952381
0.113506188896 0.001428571429
0.113506188896 0.001476190476
0.113506188896 0.001523809524
0.113506188896 0.001571428571
0.113506188896 0.001619047619
0.113506188896 0.001666666667
0.113506188896 0.001714285714
0.113506188896 0.001761904762
0.113506188896 0.001809523810
0.113506188896 0.001857142857
0.113506188896 0.001904761905
0.113506188896 0.001952380952
0.113506188896 0.002000000000
0.113506188896 0.035301637755
0.113506188896 0.073383623210
0.113506188896 0.113506188896
0.113506188896 0.155014146033
0.113506188896 0.197583672716
0.113506188896 0.241018748334
0.113506188896 0.285187080642
0.113506188896 0.329993002221
0.113506188896 0.375363924425
0.113506188896 0.421242780245
0.113506188896 0.467583462777
0.113506188896 0.514347903027
0.113506188896 0.561504108464
0.113506188896 0.609024795931
0.113506188896 0.656886408743
0.113506188896 0.705068391357
0.113506188896 0.753552642079
0.113506188896 0.802323092133
0.113506188896 0.851365376462
0.113506188896 0.900666572453
0.113506188896 0.950214989876
0.113506188896 1.000000000000
0.113506188896 1.466666666667
0.113506188896 1.933333333333
0.113506188896 2.400000000000
0.113506188896 2.866666666667
0.113506188896 3.333333333333
0.113506188896 3.800000000000
0.113506188896 4.266666666667
0.113506188896 4.733333333333
0.113506188896 5.200000000000
0.113506188896 5.666666666667
0.113506188896 6.133333333333
0.113506188896 6.600000000000
0.113506188896 7.066666666667
0.113506188896 7.533333333333
0.113506188896 8.000000000000
0.113506188896 10.000000000000
0.113506188896 12.000000000000
0.113506188896 14.000000000000
0.113506188896 16.000000000000
0.113506188896 18.000000000000
0.113506188896 20.000000000000
0.113506188896 22.000000000000
0.113506188896 24.000000000000
0.113506188896 30.000000000000
0.113506188896 36.000000000000
0.113506188896 42.000000000000
0.113506188896 48.000000000000
0.155014146033 -48.000000000000
0.155014146033 -42.000000000000
0.155014146033 -36.000000000000
0.155014146033 -30.000000000000
0.155014146033 -24.000000000000
0.155014146033 -22.000000000000
0.155014146033 -20.000000000000
0.155014146033 -18.000000000000
0.155014146033 -16.000000000000
0.155014146033 -14.000000000000
0.155014146033 -12.000000000000
0.155014146033 -10.000000000000
0.155014146033 -8.000000000000
0.155014146033 -7.533333333333
0.155014146033 -7.066666666667
0.155014146033 -6.600000000000
0.155014146033 -6.133333333333
0.155014146033 -5.666666666667
0.155014146033 -5.200000000000
0.155014146033 -4.733333333333
0.155014146033 -4.266666666667
0.155014146033 -3.800000000000
0.155014146033 -3.333333333333
0.155014146033 -2.866666666667
0.155014146033 -2.400000000000
0.155014146033 -1.933333333333
0.155014146033 -1.466666666667
0.155014146033 -1.000000000000
0.155014146033 -0.950214989876
0.155014146033 -0.900666572453
0.155014146033 -0.851365376462
0.155014146033 -0.802323092133
0.155014146033 -0.753552642079
0.155014146033 -0.705068391357
0.155014146033 -0.656886408743
0.155014146033 -0.609024795931
0.155014146033 -0.561504108464
0.155014146033 -0.514347903027
0.155014146033 -0.467583462777
0.155014146033 -0.421242780245
0.155014146033 -0.375363924425
0.155014146033 -0.329993002221
0.155014146033 -0.285187080642
0.155014146033 -0.241018748334
0.155014146033 -0.197583672716
0.155014146033 -0.155014146033
0.155014146033 -0.113506188896
0.155014146033 -0.073383623210
0.155014146033 -0.035301637755
0.155014146033 -0.002000000000
0.155014146033 -0.001952380952
0.155014146033 -0.001904761905
0.155014146033 -0.001857142857
0.155014146033 -0.001809523810
0.155014146033 -0.001761904762
0.155014146033 -0.001714285714
0.155014146033 -0.001666666667
0.155014146033 -0.001619047619
0.155014146033 -0.001571428571
0.155014146033 -0.001523809524
0.155014146033 -0.001476190476
0.155014146033 -0.001428571429
0.155014146033 -0.001380952381
0.155014146033 -0.001333333333
0.155014146033 -0.001285714286
0.155014146033 -0.001238095238
0.155014146033 -0.001190476190
0.155014146033 -0.001142857143
0.155014146033 -0.001095238095
0.155014146033 -0.001047619048
0.155014146033 -0.001000000000
0.155014146033 -0.000952380952
0.155014146033 -0.000904761905
0.155014146033 -0.000857142857
0.155014146033 -0.000809523810
0.155014146033 -0.000761904762
0.155014146033 -0.000714285714
0.155014146033 -0.000666666667
0.155014146033 -0.000619047619
0.155014146033 -0.000571428571
0.155014146033 -0.000523809524
0.155014146033 -0.000476190476
0.155014146033 -0.000428571429
0.155014146033 -0.000380952381
0.155014146033 -0.000333333333
0.155014146033 -0.000285714286
0.155014146033 -0.000238095238
0.155014146033 -0.000190476190
0.155014146033 -0.000142857143
0.155014146033 -0.000095238095
0.155014146033 -0.000047619048
0.155014146033 0.000000000000
0.155014146033 0.000047619048
0.155014146033 0.000095238095
0.155014146033 0.000142857143
0.155014146033 0.000190476190
0.155014146033 0.000238095238
0.155014146033 0.000285714286
0.155014146033 0.000333333333
0.155014146033 0.000380952381
0.155014146033 0.000428571429
0.155014146033 0.000476190476
0.155014146033 0.000523809524
0.155014146033 0.000571428571
0.155014146033 0.000619047619
0.155014146033 0.000666666667
0.155014146033 0.000714285714
0.155014146033 0.000761904762
0.155014146033 0.000809523810
0.155014146033 0.000857142857
0.155014146033 0.000904761905
0.155014146033 0.000952380952
0.155014146033 0.001000000000
0.155014146033 0.001047619048
0.155014146033 0.001095238095
0.155014146033 0.001142857143
0.155014146033 0.001190476190
0.155014146033 0.001238095238
0.155014146033 0.001285714286
0.155014146033 0.001333333333
0.155014146033 0.001380952381
0.155014146033 0.001428571429
0.155014146033 0.001476190476
0.155014146033 0.001523809524
0.155014146033 0.001571428571
0.155014146033 0.001619047619
0.155014146033 0.001666666667
0.155014146033 0.001714285714
0.155014146033 0.001761904762
0.155014146033 0.001809523810
0.155014146033 0.001857142857
0.155014146033 0.001904761905
0.155014146033 0.001952380952
0.155014146033 0.002000000000
0.155014146033 0.035301637755
0.155014146033 0.073383623210
0.155014146033 0.113506188896
0.155014146033 0.155014146033
0.155014146033 0.197583672716
0.155014146033 0.241018748334
0.155014146033 0.285187080642
0.155014146033 0.329993002221
0.155014146033 0.375363924425
0.155014146033 0.421242780245
0.155014146033 0.467583462777
0.155014146033 0.514347903027
0.155014146033 0.561504108464
0.155014146033 0.609024795931
0.155014146033 0.656886408743
0.155014146033 0.705068391357
0.155014146033 0.753552642079
0.155014146033 0.802323092133
0.155014146033 0.851365376462
0.155014146033 0.900666572453
0.155014146033 0.950214989876
0.155014146033 1.000000000000
0.155014146033 1.466666666667
0.155014146033 1.933333333333
0.155014146033 2.400000000000
0.155014146033 2.866666666667
0.155014146033 3.333333333333
0.155014146033 3.800000000000
0.155014146033 4.266666666667
0.155014146033 4.733333333333
0.155014146033 5.200000000000
0.155014146033 5.666666666667
0.155014146033 6.133333333333
0.155014146033 6.600000000000
0.155014146033 7.066666666667
0.155014146033 7.533333333333
0.155014146033 8.000000000000
0.155014146033 10.000000000000
0.155014146033 12.000000000000
0.155014146033 14.000000000000
0.155014146033 16.000000000000
0.155014146033 18.000000000000
0.155014146033 20.000000000000
0.155014146033 22.000000000000
0.155014146033 24.000000000000
0.155014146033 30.000000000000
0.155014146033 36.000000000000
0.155014146033 42.000000000000
0.155014146033 48.000000000000
0.197583672716 -48.000000000000
0.197583672716 -42.000000000000
0.197583672716 -36.000000000000
0.197583672716 -30.000000000000
0.197583672716 -24.000000000000
0.197583672716 -22.000000000000
0.197583672716 -20.000000000000
0.197583672716 -18.000000000000
0.197583672716 -16.000000000000
0.197583672716 -14.000000000000
0.197583672716 -12.000000000000
0.197583672716 -10.000000000000
0.197583672716 -8.000000000000
0.197583672716 -7.533333333333
0.197583672716 -7.066666666667
0.197583672716 -6.600000000000
0.197583672716 -6.133333333333
0.197583672716 -5.666666666667
0.197583672716 -5.200000000000
0.197583672716 -4.733333333333
0.197583672716 -4.266666666667
0.197583672716 -3.800000000000
0.197583672716 -3.333333333333
0.197583672716 -2.866666666667
0.197583672716 -2.400000000000
0.197583672716 -1.933333333333
0.197583672716 -1.466666666667
0.197583672716 -1.000000000000
0.197583672716 -0.950214989876
0.197583672716 -0.900666572453
0.197583672716 -0.851365376462
0.197583672716 -0.802323092133
0.197583672716 -0.753552642079
0.197583672716 -0.705068391357
0.197583672716 -0.656886408743
0.197583672716 -0.609024795931
0.197583672716 -0.561504108464
0.197583672716 -0.514347903027
0.197583672716 -0.467583462777
0.197583672716 -0.421242780245
0.197583672716 -0.375363924425
0.197583672716 -0.329993002221
0.197583672716 -0.285187080642
0.197583672716 -0.241018748334
0.197583672716 -0.197583672716
0.197583672716 -0.155014146033
0.197583672716 -0.113506188896
0.197583672716 -0.073383623210
0.197583672716 -0.035301637755
0.197583672716 -0.002000000000
0.197583672716 -0.001952380952
0.197583672716 -0.001904761905
0.197583672716 -0.001857142857
0.197583672716 -0.001809523810
0.197583672716 -0.001761904762
0.197583672716 -0.001714285714
0.197583672716 -0.001666666667
0.197583672716 -0.001619047619
0.197583672716 -0.001571428571
0.197583672716 -0.001523809524
0.197583672716 -0.001476190476
0.197583672716 -0.001428571429
0.197583672716 -0.001380952381
0.197583672716 -0.001333333333
0.197583672716 -0.001285714286
0.197583672716 -0.001238095238
0.197583672716 -0.001190476190
0.197583672716 -0.001142857143
0.197583672716 -0.001095238095
0.197583672716 -0.001047619048
0.197583672716 -0.001000000000
0.197583672716 -0.000952380952
0.197583672716 -0.000904761905
0.197583672716 -0.000857142857
0.197583672716 -0.000809523810
0.197583672716 -0.000761904762
0.197583672716 -0.000714285714
0.197583672716 -0.000666666667
0.197583672716 -0.000619047619
0.197583672716 -0.000571428571
0.197583672716 -0.000523809524
0.197583672716 -0.000476190476
0.197583672716 -0.000428571429
0.197583672716 -0.000380952381
0.197583672716 -0.000333333333
0.197583672716 -0.000285714286
0.197583672716 -0.000238095238
0.197583672716 -0.000190476190
0.197583672716 -0.000142857143
0.197583672716 -0.000095238095
0.197583672716 -0.000047619048
0.197583672716 0.000000000000
0.197583672716 0.000047619048
0.197583672716 0.000095238095
0.197583672716 0.000142857143
0.197583672716 0.000190476190
0.197583672716 0.000238095238
0.197583672716 0.000285714286
0.197583672716 0.000333333333
0.197583672716 0.000380952381
0.197583672716 0.000428571429
0.197583672716 0.000476190476
0.197583672716 0.000523809524
0.197583672716 0.000571428571
0.197583672716 0.000619047619
0.197583672716 0.000666666667
0.197583672716 0.000714285714
0.197583672716 0.000761904762
0.197583672716 0.000809523810
0.197583672716 0.000857142857
0.197583672716 0.000904761905
0.197583672716 0.000952380952
0.197583672716 0.001000000000
0.197583672716 0.001047619048
0.197583672716 0.001095238095
0.197583672716 0.001142857143
0.197583672716 0.001190476190
0.197583672716 0.001238095238
0.197583672716 0.001285714286
0.197583672716 0.001333333333
0.197583672716 0.001380952381
0.197583672716 0.001428571429
0.197583672716 0.001476190476
0.197583672716 0.001523809524
0.197583672716 0.001571428571
0.197583672716 0.001619047619
0.197583672716 0.001666666667
0.197583672716 0.001714285714
0.197583672716 0.001761904762
0.197583672716 0.001809523810
0.197583672716 0.001857142857
0.197583672716 0.001904761905
0.197583672716 0.001952380952
0.197583672716 0.002000000000
0.197583672716 0.035301637755
0.197583672716 0.073383623210
0.197583672716 0.113506188896
0.197583672716 0.155014146033
0.197583672716 0.197583672716
0.197583672716 0.241018748334
0.197583672716 0.285187080642
0.197583672716 0.329993002221
0.197583672716 0.375363924425
0.197583672716 0.421242780245
0.197583672716 0.467583462777
0.197583672716 0.514347903027
0.197583672716 0.561504108464
0.197583672716 0.609024795931
0.197583672716 0.656886408743
0.197583672716 0.705068391357
0.197583672716 0.753552642079
0.197583672716 0.802323092133
0.197583672716 0.851365376462
0.197583672716 0.900666572453
0.197583672716 0.950214989876
0.197583672716 1.000000000000
0.197583672716 1.466666666667
0.197583672716 1.933333333333
0.197583672716 2.400000000000
0.197583672716 2.866666666667
0.197583672716 3.333333333333
0.197583672716 3.800000000000
0.197583672716 4.266666666667
0.197583672716 4.733333333333
0.197583672716 5.200000000000
0.197583672716 5.666666666667
0.197583672716 6.133333333333
0.197583672716 6.600000000000
0.197583672716 7.066666666667
0.197583672716 7.533333333333
0.197583672716 8.000000000000
0.197583672716 10.000000000000
0.197583672716 12.000000000000
0.197583672716 14.000000000000
0.197583672716 16.000000000000
0.197583672716 18.000000000000
0.197583672716 20.000000000000
0.197583672716 22.000000000000
0.197583672716 24.000000000000
0.197583672716 30.000000000000
0.197583672716 36.000000000000
0.197583672716 42.000000000000
0.197583672716 48.000000000000
0.241018748334 -48.000000000000
0.241018748334 -42.000000000000
0.241018748334 -36.000000000000
0.241018748334 -30.000000000000
0.241018748334 -24.000000000000
0.241018748334 -22.000000000000
0.241018748334 -20.000000000000
0.241018748334 -18.000000000000
0.241018748334 -16.000000000000
0.241018748334 -14.000000000000
0.241018748334 -12.000000000000
0.241018748334 -10.000000000000
0.241018748334 -8.000000000000
0.241018748334 -7.533333333333
0.241018748334 -7.066666666667
0.241018748334 -6.600000000000
0.241018748334 -6.133333333333
0.241018748334 -5.666666666667
0.241018748334 -5.200000000000
0.241018748334 -4.733333333333
0.241018748334 -4.266666666667
0.241018748334 -3.800000000000
0.241018748334 -3.333333333333
0.241018748334 -2.866666666667
0.241018748334 -2.400000000000
0.241018748334 -1.933333333333
0.241018748334 -1.466666666667
0.241018748334 -1.000000000000
0.241018748334 -0.950214989876
0.241018748334 -0.900666572453
0.241018748334 -0.851365376462
0.241018748334 -0.802323092133
0.241018748334 -0.753552642079
0.241018748334 -0.705068391357
0.241018748334 -0.656886408743
0.241018748334 -0.609024795931
0.241018748334 -0.561504108464
0.241018748334 -0.514347903027
0.241018748334 -0.467583462777
0.241018748334 -0.421242780245
0.241018748334 -0.375363924425
0.241018748334 -0.329993002221
0.241018748334 -0.285187080642
0.241018748334 -0.241018748334
0.241018748334 -0.197583672716
0.241018748334 -0.155014146033
0.241018748334 -0.113506188896
0.241018748334 -0.073383623210
0.241018748334 -0.035301637755
0.241018748334 -0.002000000000
0.241018748334 -0.001952380952
0.241018748334 -0.001904761905
0.241018748334 -0.001857142857
0.241018748334 -0.001809523810
0.241018748334 -0.001761904762
0.241018748334 -0.001714285714
0.241018748334 -0.001666666667
0.241018748334 -0.001619047619
0.241018748334 -0.001571428571
0.241018748334 -0.001523809524
0.241018748334 -0.001476190476
0.241018748334 -0.001428571429
0.241018748334 -0.001380952381
0.241018748334 -0.001333333333
0.241018748334 -0.001285714286
0.241018748334 -0.001238095238
0.241018748334 -0.001190476190
0.241018748334 -0.001142857143
0.241018748334 -0.001095238095
0.241018748334 -0.001047619048
0.241018748334 -0.001000000000
0.241018748334 -0.000952380952
0.241018748334 -0.000904761905
0.241018748334 -0.000857142857
0.241018748334 -0.000809523810
0.241018748334 -0.000761904762
0.241018748334 -0.000714285714
0.241018748334 -0.000666666667
0.241018748334 -0.000619047619
0.241018748334 -0.000571428571
0.241018748334 -0.000523809524
0.241018748334 -0.000476190476
0.241018748334 -0.000428571429
0.241018748334 -0.000380952381
0.241018748334 -0.000333333333
0.241018748334 -0.000285714286
0.241018748334 -0.000238095238
0.241018748334 -0.000190476190
0.241018748334 -0.000142857143
0.241018748334 -0.000095238095
0.241018748334 -0.000047619048
0.241018748334 0.000000000000
0.241018748334 0.000047619048
0.241018748334 0.000095238095
0.241018748334 0.000142857143
0.241018748334 0.000190476190
0.241018748334 0.000238095238
0.241018748334 0.000285714286
0.241018748334 0.000333333333
0.241018748334 0.000380952381
0.241018748334 0.000428571429
0.241018748334 0.000476190476
0.241018748334 0.000523809524
0.241018748334 0.000571428571
0.241018748334 0.000619047619
0.241018748334 0.000666666667
0.241018748334 0.000714285714
0.241018748334 0.000761904762
0.241018748334 0.000809523810
0.241018748334 0.000857142857
0.241018748334 0.000904761905
0.241018748334 0.000952380952
0.241018748334 0.001000000000
0.241018748334 0.001047619048
0.241018748334 0.001095238095
0.241018748334 0.001142857143
0.241018748334 0.001190476190
0.241018748334 0.001238095238
0.241018748334 0.001285714286
0.241018748334 0.001333333333
0.241018748334 0.001380952381
0.241018748334 0.001428571429
0.241018748334 0.001476190476
0.241018748334 0.001523809524
0.241018748334 0.001571428571
0.241018748334 0.001619047619
0.241018748334 0.001666666667
0.241018748334 0.001714285714
0.241018748334 0.001761904762
0.241018748334 0.001809523810
0.241018748334 0.001857142857
0.241018748334 0.001904761905
0.241018748334 0.001952380952
0.241018748334 0.002000000000
0.241018748334 0.035301637755
0.241018748334 0.073383623210
0.241018748334 0.113506188896
0.241018748334 0.155014146033
0.241018748334 0.197583672716
0.241018748334 0.241018748334
0.241018748334 0.285187080642
0.241018748334 0.329993002221
0.241018748334 0.375363924425
0.241018748334 0.421242780245
0.241018748334 0.467583462777
0.241018748334 0.514347903027
0.241018748334 0.561504108464
0.241018748334 0.609024795931
0.241018748334 0.656886408743
0.241018748334 0.705068391357
0.241018748334 0.753552642079
0.241018748334 0.802323092133
0.241018748334 0.851365376462
0.241018748334 0.900666572453
0.241018748334 0.950214989876
0.241018748334 1.000000000000
0.241018748334 1.466666666667
0.241018748334 1.933333333333
0.241018748334 2.400000000000
0.241018748334 2.866666666667
0.241018748334 3.333333333333
0.241018748334 3.800000000000
0.241018748334 4.266666666667
0.241018748334 4.733333333333
0.241018748334 5.200000000000
0.241018748334 5.666666666667
0.241018748334 6.133333333333
0.241018748334 6.600000000000
0.241018748334 7.066666666667
0.241018748334 7.533333333333
0.241018748334 8.000000000000
0.241018748334 10.000000000000
0.241018748334 12.000000000000
0.241018748334 14.000000000000
0.241018748334 16.000000000000
0.241018748334 18.000000000000
0.241018748334 20.000000000000
0.241018748334 22.000000000000
0.241018748334 24.000000000000
0.241018748334 30.000000000000
0.241018748334 36.000000000000
0.241018748334 42.000000000000
0.241018748334 48.000000000000
0.285187080642 -48.000000000000
0.285187080642 -42.000000000000
0.285187080642 -36.000000000000
0.285187080642 -30.000000000000
0.285187080642 -24.000000000000
0.285187080642 -22.000000000000
0.285187080642 -20.000000000000
0.285187080642 -18.000000000000
0.285187080642 -16.000000000000
0.285187080642 -14.000000000000
0.285187080642 -12.000000000000
0.285187080642 -10.000000000000
0.285187080642 -8.000000000000
0.285187080642 -7.533333333333
0.285187080642 -7.066666666667
0.285187080642 -6.600000000000
0.285187080642 -6.133333333333
0.285187080642 -5.666666666667
0.285187080642 -5.200000000000
0.285187080642 -4.733333333333
0.285187080642 -4.266666666667
0.285187080642 -3.800000000000
0.285187080642 -3.333333333333
0.285187080642 -2.866666666667
0.285187080642 -2.400000000000
0.285187080642 -1.933333333333
0.285187080642 -1.466666666667
0.285187080642 -1.000000000000
0.285187080642 -0.950214989876
0.285187080642 -0.900666572453
0.285187080642 -0.851365376462
0.285187080642 -0.802323092133
0.285187080642 -0.753552642079
0.285187080642 -0.705068391357
0.285187080642 -0.656886408743
0.285187080642 -0.609024795931
0.285187080642 -0.561504108464
0.285187080642 -0.514347903027
0.285187080642 -0.467583462777
0.285187080642 -0.421242780245
0.285187080642 -0.375363924425
0.285187080642 -0.329993002221
0.285187080642 -0.285187080642
0.285187080642 -0.241018748334
0.285187080642 -0.197583672716
0.285187080642 -0.155014146033
0.285187080642 -0.113506188896
0.285187080642 -0.073383623210
0.285187080642 -0.035301637755
0.285187080642 -0.002000000000
0.285187080642 -0.001952380952
0.285187080642 -0.001904761905
0.285187080642 -0.001857142857
0.285187080642 -0.001809523810
0.285187080642 -0.001761904762
0.285187080642 -0.001714285714
0.285187080642 -0.001666666667
0.285187080642 -0.001619047619
0.285187080642 -0.001571428571
0.285187080642 -0.001523809524
0.285187080642 -0.001476190476
0.285187080642 -0.001428571429
0.285187080642 -0.001380952381
0.285187080642 -0.001333333333
0.285187080642 -0.001285714286
0.285187080642 -0.001238095238
0.285187080642 -0.001190476190
0.285187080642 -0.001142857143
0.285187080642 -0.001095238095
0.285187080642 -0.001047619048
0.285187080642 -0.001000000000
0.285187080642 -0.000952380952
0.285187080642 -0.000904761905
0.285187080642 -0.000857142857
0.285187080642 -0.000809523810
0.285187080642 -0.000761904762
0.285187080642 -0.000714285714
0.285187080642 -0.000666666667
0.285187080642 -0.000619047619
0.285187080642 -0.000571428571
0.285187080642 -0.000523809524
0.285187080642 -0.000476190476
0.285187080642 -0.000428571429
0.285187080642 -0.000380952381
0.285187080642 -0.000333333333
0.285187080642 -0.000285714286
0.285187080642 -0.000238095238
0.285187080642 -0.000190476190
0.285187080642 -0.000142857143
0.285187080642 -0.000095238095
0.285187080642 -0.000047619048
0.285187080642 0.000000000000
0.285187080642 0.000047619048
0.285187080642 0.000095238095
0.285187080642 0.000142857143
0.285187080642 0.000190476190
0.285187080642 0.000238095238
0.285187080642 0.000285714286
0.285187080642 0.000333333333
0.285187080642 0.000380952381
0.285187080642 0.000428571429
0.285187080642 0.000476190476
0.285187080642 0.000523809524
0.285187080642 0.000571428571
0.285187080642 0.000619047619
0.285187080642 0.000666666667
0.285187080642 0.000714285714
0.285187080642 0.000761904762
0.285187080642 0.000809523810
0.285187080642 0.000857142857
0.285187080642 0.000904761905
0.285187080642 0.000952380952
0.285187080642 0.001000000000
0.285187080642 0.001047619048
0.285187080642 0.001095238095
0.285187080642 0.001142857143
0.285187080642 0.001190476190
0.285187080642 0.001238095238
0.285187080642 0.001285714286
0.285187080642 0.001333333333
0.285187080642 0.001380952381
0.285187080642 0.001428571429
0.285187080642 0.001476190476
0.285187080642 0.001523809524
0.285187080642 0.001571428571
0.285187080642 0.001619047619
0.285187080642 0.001666666667
0.285187080642 0.001714285714
0.285187080642 0.001761904762
0.285187080642 0.001809523810
0.285187080642 0.001857142857
0.285187080642 0.001904761905
0.285187080642 0.001952380952
0.285187080642 0.002000000000
0.285187080642 0.035301637755
0.285187080642 0.073383623210
0.285187080642 0.113506188896
0.285187080642 0.155014146033
0.285187080642 0.197583672716
0.285187080642 0.241018748334
0.285187080642 0.285187080642
0.285187080642 0.329993002221
0.285187080642 0.375363924425
0.285187080642 0.421242780245
0.285187080642 0.467583462777
0.285187080642 0.514347903027
0.285187080642 0.561504108464
0.285187080642 0.609024795931
0.285187080642 0.656886408743
0.285187080642 0.705068391357
0.285187080642 0.753552642079
0.285187080642 0.802323092133
0.285187080642 0.851365376462
0.285187080642 0.900666572453
0.285187080642 0.950214989876
0.285187080642 1.000000000000
0.285187080642 1.466666666667
0.285187080642 1.933333333333
0.285187080642 2.400000000000
0.285187080642 2.866666666667
0.285187080642 3.333333333333
0.285187080642 3.800000000000
0.285187080642 4.266666666667
0.285187080642 4.733333333333
0.285187080642 5.200000000000
0.285187080642 5.666666666667
0.285187080642 6.133333333333
0.285187080642 6.600000000000
0.285187080642 7.066666666667
0.285187080642 7.533333333333
0.285187080642 8.000000000000
0.285187080642 10.000000000000
0.285187080642 12.000000000000
0.285187080642 14.000000000000
0.285187080642 16.000000000000
0.285187080642 18.000000000000
0.285187080642 20.000000000000
0.285187080642 22.000000000000
0.285187080642 24.000000000000
0.285187080642 30.000000000000
0.285187080642 36.000000000000
0.285187080642 42.000000000000
0.285187080642 48.000000000000
0.329993002221 -48.000000000000
0.329993002221 -42.000000000000
0.329993002221 -36.000000000000
0.329993002221 -30.000000000000
0.329993002221 -24.000000000000
0.329993002221 -22.000000000000
0.329993002221 -20.000000000000
0.329993002221 -18.000000000000
0.329993002221 -16.000000000000
0.329993002221 -14.000000000000
0.329993002221 -12.000000000000
0.329993002221 -10.000000000000
0.329993002221 -8.000000000000
0.329993002221 -7.533333333333
0.329993002221 -7.066666666667
0.329993002221 -6.600000000000
0.329993002221 -6.133333333333
0.329993002221 -5.666666666667
0.329993002221 -5.200000000000
0.329993002221 -4.733333333333
0.329993002221 -4.266666666667
0.329993002221 -3.800000000000
0.329993002221 -3.333333333333
0.329993002221 -2.866666666667
0.329993002221 -2.400000000000
0.329993002221 -1.933333333333
0.329993002221 -1.466666666667
0.329993002221 -1.000000000000
0.329993002221 -0.950214989876
0.329993002221 -0.900666572453
0.329993002221 -0.851365376462
0.329993002221 -0.802323092133
0.329993002221 -0.753552642079
0.329993002221 -0.705068391357
0.329993002221 -0.656886408743
0.329993002221 -0.609024795931
0.329993002221 -0.561504108464
0.329993002221 -0.514347903027
0.329993002221 -0.467583462777
0.329993002221 -0.421242780245
0.329993002221 -0.375363924425
0.329993002221 -0.329993002221
0.329993002221 -0.285187080642
0.329993002221 -0.241018748334
0.329993002221 -0.197583672716
0.329993002221 -0.155014146033
0.329993002221 -0.113506188896
0.329993002221 -0.073383623210
0.329993002221 -0.035301637755
0.329993002221 -0.002000000000
0.329993002221 -0.001952380952
0.329993002221 -0.001904761905
0.329993002221 -0.001857142857
0.329993002221 -0.001809523810
0.329993002221 -0.001761904762
0.329993002221 -0.001714285714
0.329993002221 -0.001666666667
0.329993002221 -0.001619047619
0.329993002221 -0.001571428571
0.329993002221 -0.001523809524
0.329993002221 -0.001476190476
0.329993002221 -0.001428571429
0.329993002221 -0.001380952381
0.329993002221 -0.001333333333
0.329993002221 -0.001285714286
0.329993002221 -0.001238095238
0.329993002221 -0.001190476190
0.329993002221 -0.001142857143
0.329993002221 -0.001095238095
0.329993002221 -0.001047619048
0.329993002221 -0.001000000000
0.329993002221 -0.000952380952
0.329993002221 -0.000904761905
0.329993002221 -0.000857142857
0.329993002221 -0.000809523810
0.329993002221 -0.000761904762
0.329993002221 -0.000714285714
0.329993002221 -0.000666666667
0.329993002221 -0.000619047619
0.329993002221 -0.000571428571
0.329993002221 -0.000523809524
0.329993002221 -0.000476190476
0.329993002221 -0.000428571429
0.329993002221 -0.000380952381
0.329993002221 -0.000333333333
0.329993002221 -0.000285714286
0.329993002221 -0.000238095238
0.329993002221 -0.000190476190
0.329993002221 -0.000142857143
0.329993002221 -0.000095238095
0.329993002221 -0.000047619048
0.329993002221 0.000000000000
0.329993002221 0.000047619048
0.329993002221 0.000095238095
0.329993002221 0.000142857143
0.329993002221 0.000190476190
0.329993002221 0.000238095238
0.329993002221 0.000285714286
0.329993002221 0.000333333333
0.329993002221 0.000380952381
0.329993002221 0.000428571429
0.329993002221 0.000476190476
0.329993002221 0.000523809524
0.329993002221 0.000571428571
0.329993002221 0.000619047619
0.329993002221 0.000666666667
0.329993002221 0.000714285714
0.329993002221 0.000761904762
0.329993002221 0.000809523810
0.329993002221 0.000857142857
0.329993002221 0.000904761905
0.329993002221 0.000952380952
0.329993002221 0.001000000000
0.329993002221 0.001047619048
0.329993002221 0.001095238095
0.329993002221 0.001142857143
0.329993002221 0.001190476190
0.329993002221 0.001238095238
0.329993002221 0.001285714286
0.329993002221 0.001333333333
0.329993002221 0.001380952381
0.329993002221 0.001428571429
0.329993002221 0.001476190476
0.329993002221 0.001523809524
0.329993002221 0.001571428571
0.329993002221 0.001619047619
0.329993002221 0.001666666667
0.329993002221 0.001714285714
0.329993002221 0.001761904762
0.329993002221 0.001809523810
0.329993002221 0.001857142857
0.329993002221 0.001904761905
0.329993002221 0.001952380952
0.329993002221 0.002000000000
0.329993002221 0.035301637755
0.329993002221 0.073383623210
0.329993002221 0.113506188896
0.329993002221 0.155014146033
0.329993002221 0.197583672716
0.329993002221 0.241018748334
0.329993002221 0.285187080642
0.329993002221 0.329993002221
0.329993002221 0.375363924425
0.329993002221 0.421242780245
0.329993002221 0.467583462777
0.329993002221 0.514347903027
0.329993002221 0.561504108464
0.329993002221 0.609024795931
0.329993002221 0.656886408743
0.329993002221 0.705068391357
0.329993002221 0.753552642079
0.329993002221 0.802323092133
0.329993002221 0.851365376462
0.329993002221 0.900666572453
0.329993002221 0.950214989876
0.329993002221 1.000000000000
0.329993002221 1.466666666667
0.329993002221 1.933333333333
0.329993002221 2.400000000000
0.329993002221 2.866666666667
0.329993002221 3.333333333333
0.329993002221 3.800000000000
0.329993002221 4.266666666667
0.329993002221 4.733333333333
0.329993002221 5.200000000000
0.329993002221 5.666666666667
0.329993002221 6.133333333333
0.329993002221 6.600000000000
0.329993002221 7.066666666667
0.329993002221 7.533333333333
0.329993002221 8.000000000000
0.329993002221 10.000000000000
0.329993002221 12.000000000000
0.329993002221 14.000000000000
0.329993002221 16.000000000000
0.329993002221 18.000000000000
0.329993002221 20.000000000000
0.329993002221 22.000000000000
0.329993002221 24.000000000000
0.329993002221 30.000000000000
0.329993002221 36.000000000000
0.329993002221 42.000000000000
0.329993002221 48.000000000000
0.375363924425 -48.000000000000
0.375363924425 -42.000000000000
0.375363924425 -36.000000000000
0.375363924425 -30.000000000000
0.375363924425 -24.000000000000
0.375363924425 -22.000000000000
0.375363924425 -20.000000000000
0.375363924425 -18.000000000000
0.375363924425 -16.000000000000
0.375363924425 -14.000000000000
0.375363924425 -12.000000000000
0.375363924425 -10.000000000000
0.375363924425 -8.000000000000
0.375363924425 -7.533333333333
0.375363924425 -7.066666666667
0.375363924425 -6.600000000000
0.375363924425 -6.133333333333
0.375363924425 -5.666666666667
0.375363924425 -5.200000000000
0.375363924425 -4.733333333333
0.375363924425 -4.266666666667
0.375363924425 -3.800000000000
0.375363924425 -3.333333333333
0.375363924425 -2.866666666667
0.375363924425 -2.400000000000
0.375363924425 -1.933333333333
0.375363924425 -1.466666666667
0.375363924425 -1.000000000000
0.375363924425 -0.950214989876
0.375363924425 -0.900666572453
0.375363924425 -0.851365376462
0.375363924425 -0.802323092133
0.375363924425 -0.753552642079
0.375363924425 -0.705068391357
0.375363924425 -0.656886408743
0.375363924425 -0.609024795931
0.375363924425 -0.561504108464
0.375363924425 -0.514347903027
0.375363924425 -0.467583462777
0.375363924425 -0.421242780245
0.375363924425 -0.375363924425
0.375363924425 -0.329993002221
0.375363924425 -0.285187080642
0.375363924425 -0.241018748334
0.375363924425 -0.197583672716
0.375363924425 -0.155014146033
0.375363924425 -0.113506188896
0.375363924425 -0.073383623210
0.375363924425 -0.035301637755
0.375363924425 -0.002000000000
0.375363924425 -0.001952380952
0.375363924425 -0.001904761905
0.375363924425 -0.001857142857
0.375363924425 -0.001809523810
0.375363924425 -0.001761904762
0.375363924425 -0.001714285714
0.375363924425 -0.001666666667
0.375363924425 -0.001619047619
0.375363924425 -0.001571428571
0.375363924425 -0.001523809524
0.375363924425 -0.001476190476
0.375363924425 -0.001428571429
0.375363924425 -0.001380952381
0.375363924425 -0.001333333333
0.375363924425 -0.001285714286
0.375363924425 -0.001238095238
0.375363924425 -0.001190476190
0.375363924425 -0.001142857143
0.375363924425 -0.001095238095
0.375363924425 -0.001047619048
0.375363924425 -0.001000000000
0.375363924425 -0.000952380952
0.375363924425 -0.000904761905
0.375363924425 -0.000857142857
0.375363924425 -0.000809523810
0.375363924425 -0.000761904762
0.375363924425 -0.000714285714
0.375363924425 -0.000666666667
0.375363924425 -0.000619047619
0.375363924425 -0.000571428571
0.375363924425 -0.000523809524
0.375363924425 -0.000476190476
0.375363924425 -0.000428571429
0.375363924425 -0.000380952381
0.375363924425 -0.000333333333
0.375363924425 -0.000285714286
0.375363924425 -0.000238095238
0.375363924425 -0.000190476190
0.375363924425 -0.000142857143
0.375363924425 -0.000095238095
0.375363924425 -0.000047619048
0.375363924425 0.000000000000
0.375363924425 0.000047619048
0.375363924425 0.000095238095
0.375363924425 0.000142857143
0.375363924425 0.000190476190
0.375363924425 0.000238095238
0.375363924425 0.000285714286
0.375363924425 0.000333333333
0.375363924425 0.000380952381
0.375363924425 0.000428571429
0.375363924425 0.000476190476
0.375363924425 0.000523809524
0.375363924425 0.000571428571
0.375363924425 0.000619047619
0.375363924425 0.000666666667
0.375363924425 0.000714285714
0.375363924425 0.000761904762
0.375363924425 0.000809523810
0.375363924425 0.000857142857
0.375363924425 0.000904761905
0.375363924425 0.000952380952
0.375363924425 0.001000000000
0.375363924425 0.001047619048
0.375363924425 0.001095238095
0.375363924425 0.001142857143
0.375363924425 0.001190476190
0.375363924425 0.001238095238
0.375363924425 0.001285714286
0.375363924425 0.001333333333
0.375363924425 0.001380952381
0.375363924425 0.001428571429
0.375363924425 0.001476190476
0.375363924425 0.001523809524
0.375363924425 0.001571428571
0.375363924425 0.001619047619
0.375363924425 0.001666666667
0.375363924425 0.001714285714
0.375363924425 0.001761904762
0.375363924425 0.001809523810
0.375363924425 0.001857142857
0.375363924425 0.001904761905
0.375363924425 0.001952380952
0.375363924425 0.002000000000
0.375363924425 0.035301637755
0.375363924425 0.073383623210
0.375363924425 0.113506188896
0.375363924425 0.155014146033
0.375363924425 0.197583672716
0.375363924425 0.241018748334
0.375363924425 0.285187080642
0.375363924425 0.329993002221
0.375363924425 0.375363924425
0.375363924425 0.421242780245
0.375363924425 0.467583462777
0.375363924425 0.514347903027
0.375363924425 0.561504108464
0.375363924425 0.609024795931
0.375363924425 0.656886408743
0.375363924425 0.705068391357
0.375363924425 0.753552642079
0.375363924425 0.802323092133
0.375363924425 0.851365376462
0.375363924425 0.900666572453
0.375363924425 0.950214989876
0.375363924425 1.000000000000
0.375363924425 1.466666666667
0.375363924425 1.933333333333
0.375363924425 2.400000000000
0.375363924425 2.866666666667
0.375363924425 3.333333333333
0.375363924425 3.800000000000
0.375363924425 4.266666666667
0.375363924425 4.733333333333
0.375363924425 5.200000000000
0.375363924425 5.666666666667
0.375363924425 6.133333333333
0.375363924425 6.600000000000
0.375363924425 7.066666666667
0.375363924425 7.533333333333
0.375363924425 8.000000000000
0.375363924425 10.000000000000
0.375363924425 12.000000000000
0.375363924425 14.000000000000
0.375363924425 16.000000000000
0.375363924425 18.000000000000
0.375363924425 20.000000000000
0.375363924425 22.000000000000
0.375363924425 24.000000000000
0.375363924425 30.000000000000
0.375363924425 36.000000000000
0.375363924425 42.000000000000
0.375363924425 48.000000000000
0.421242780245 -48.000000000000
0.421242780245 -42.000000000000
0.421242780245 -36.000000000000
0.421242780245 -30.000000000000
0.421242780245 -24.000000000000
0.421242780245 -22.000000000000
0.421242780245 -20.000000000000
0.421242780245 -18.000000000000
0.421242780245 -16.000000000000
0.421242780245 -14.000000000000
0.421242780245 -12.000000000000
0.421242780245 -10.000000000000
0.421242780245 -8.000000000000
0.421242780245 -7.533333333333
0.421242780245 -7.066666666667
0.421242780245 -6.600000000000
0.421242780245 -6.133333333333
0.421242780245 -5.666666666667
0.421242780245 -5.200000000000
0.421242780245 -4.733333333333
0.421242780245 -4.266666666667
0.421242780245 -3.800000000000
0.421242780245 -3.333333333333
0.421242780245 -2.866666666667
0.421242780245 -2.400000000000
0.421242780245 -1.933333333333
0.421242780245 -1.466666666667
0.421242780245 -1.000000000000
0.421242780245 -0.950214989876
0.421242780245 -0.900666572453
0.421242780245 -0.851365376462
0.421242780245 -0.802323092133
0.421242780245 -0.753552642079
0.421242780245 -0.705068391357
0.421242780245 -0.656886408743
0.421242780245 -0.609024795931
0.421242780245 -0.561504108464
0.421242780245 -0.514347903027
0.421242780245 -0.467583462777
0.421242780245 -0.421242780245
0.421242780245 -0.375363924425
0.421242780245 -0.329993002221
0.421242780245 -0.285187080642
0.421242780245 -0.241018748334
0.421242780245 -0.197583672716
0.421242780245 -0.155014146033
0.421242780245 -0.113506188896
0.421242780245 -0.073383623210
0.421242780245 -0.035301637755
0.421242780245 -0.002000000000
0.421242780245 -0.001952380952
0.421242780245 -0.001904761905
0.421242780245 -0.001857142857
0.421242780245 -0.001809523810
0.421242780245 -0.001761904762
0.421242780245 -0.001714285714
0.421242780245 -0.001666666667
0.421242780245 -0.001619047619
0.421242780245 -0.001571428571
0.421242780245 -0.001523809524
0.421242780245 -0.001476190476
0.421242780245 -0.001428571429
0.421242780245 -0.001380952381
0.421242780245 -0.001333333333
0.421242780245 -0.001285714286
0.421242780245 -0.001238095238
0.421242780245 -0.001190476190
0.421242780245 -0.001142857143
0.421242780245 -0.001095238095
0.421242780245 -0.001047619048
0.421242780245 -0.001000000000
0.421242780245 -0.000952380952
0.421242780245 -0.000904761905
0.421242780245 -0.000857142857
0.421242780245 -0.000809523810
0.421242780245 -0.000761904762
0.421242780245 -0.000714285714
0.421242780245 -0.000666666667
0.421242780245 -0.000619047619
0.421242780245 -0.000571428571
0.421242780245 -0.000523809524
0.421242780245 -0.000476190476
0.421242780245 -0.000428571429
0.421242780245 -0.000380952381
0.421242780245 -0.000333333333
0.421242780245 -0.000285714286
0.421242780245 -0.000238095238
0.421242780245 -0.000190476190
0.421242780245 -0.000142857143
0.421242780245 -0.000095238095
0.421242780245 -0.000047619048
0.421242780245 0.000000000000
0.421242780245 0.000047619048
0.421242780245 0.000095238095
0.421242780245 0.000142857143
0.421242780245 0.000190476190
0.421242780245 0.000238095238
0.421242780245 0.000285714286
0.421242780245 0.000333333333
0.421242780245 0.000380952381
0.421242780245 0.000428571429
0.421242780245 0.000476190476
0.421242780245 0.000523809524
0.421242780245 0.000571428571
0.421242780245 0.000619047619
0.421242780245 0.000666666667
0.421242780245 0.000714285714
0.421242780245 0.000761904762
0.421242780245 0.000809523810
0.421242780245 0.000857142857
0.421242780245 0.000904761905
0.421242780245 0.000952380952
0.421242780245 0.001000000000
0.421242780245 0.001047619048
0.421242780245 0.001095238095
0.421242780245 0.001142857143
0.421242780245 0.001190476190
0.421242780245 0.001238095238
0.421242780245 0.001285714286
0.421242780245 0.001333333333
0.421242780245 0.001380952381
0.421242780245 0.001428571429
0.421242780245 0.001476190476
0.421242780245 0.001523809524
0.421242780245 0.001571428571
0.421242780245 0.001619047619
0.421242780245 0.001666666667
0.421242780245 0.001714285714
0.421242780245 0.001761904762
0.421242780245 0.001809523810
0.421242780245 0.001857142857
0.421242780245 0.001904761905
0.421242780245 0.001952380952
0.421242780245 0.002000000000
0.421242780245 0.035301637755
0.421242780245 0.073383623210
0.421242780245 0.113506188896
0.421242780245 0.155014146033
0.421242780245 0.197583672716
0.421242780245 0.241018748334
0.421242780245 0.285187080642
0.421242780245 0.329993002221
0.421242780245 0.375363924425
0.421242780245 0.421242780245
0.421242780245 0.467583462777
0.421242780245 0.514347903027
0.421242780245 0.561504108464
0.421242780245 0.609024795931
0.421242780245 0.656886408743
0.421242780245 0.705068391357
0.421242780245 0.753552642079
0.421242780245 0.802323092133
0.421242780245 0.851365376462
0.421242780245 0.900666572453
0.421242780245 0.950214989876
0.421242780245 1.000000000000
0.421242780245 1.466666666667
0.421242780245 1.933333333333
0.421242780245 2.400000000000
0.421242780245 2.866666666667
0.421242780245 3.333333333333
0.421242780245 3.800000000000
0.421242780245 4.266666666667
0.421242780245 4.733333333333
0.421242780245 5.200000000000
0.421242780245 5.666666666667
0.421242780245 6.133333333333
0.421242780245 6.600000000000
0.421242780245 7.066666666667
0.421242780245 7.533333333333
0.421242780245 8.000000000000
0.421242780245 10.000000000000
0.421242780245 12.000000000000
0.421242780245 14.000000000000
0.421242780245 16.000000000000
0.421242780245 18.000000000000
0.421242780245 20.000000000000
0.421242780245 22.000000000000
0.421242780245 24.000000000000
0.421242780245 30.000000000000
0.421242780245 36.000000000000
0.421242780245 42.000000000000
0.421242780245 48.000000000000
0.467583462777 -48.000000000000
0.467583462777 -42.000000000000
0.467583462777 -36.000000000000
0.467583462777 -30.000000000000
0.467583462777 -24.000000000000
0.467583462777 -22.000000000000
0.467583462777 -20.000000000000
0.467583462777 -18.000000000000
0.467583462777 -16.000000000000
0.467583462777 -14.000000000000
0.467583462777 -12.000000000000
0.467583462777 -10.000000000000
0.467583462777 -8.000000000000
0.467583462777 -7.533333333333
0.467583462777 -7.066666666667
0.467583462777 -6.600000000000
0.467583462777 -6.133333333333
0.467583462777 -5.666666666667
0.467583462777 -5.200000000000
0.467583462777 -4.733333333333
0.467583462777 -4.266666666667
0.467583462777 -3.800000000000
0.467583462777 -3.333333333333
0.467583462777 -2.866666666667
0.467583462777 -2.400000000000
0.467583462777 -1.933333333333
0.467583462777 -1.466666666667
0.467583462777 -1.000000000000
0.467583462777 -0.950214989876
0.467583462777 -0.900666572453
0.467583462777 -0.851365376462
0.467583462777 -0.802323092133
0.467583462777 -0.753552642079
0.467583462777 -0.705068391357
0.467583462777 -0.656886408743
0.467583462777 -0.609024795931
0.467583462777 -0.561504108464
0.467583462777 -0.514347903027
0.467583462777 -0.467583462777
0.467583462777 -0.421242780245
0.467583462777 -0.375363924425
0.467583462777 -0.329993002221
0.467583462777 -0.285187080642
0.467583462777 -0.241018748334
0.467583462777 -0.197583672716
0.467583462777 -0.155014146033
0.467583462777 -0.113506188896
0.467583462777 -0.073383623210
0.467583462777 -0.035301637755
0.467583462777 -0.002000000000
0.467583462777 -0.001952380952
0.467583462777 -0.001904761905
0.467583462777 -0.001857142857
0.467583462777 -0.001809523810
0.467583462777 -0.001761904762
0.467583462777 -0.001714285714
0.467583462777 -0.001666666667
0.467583462777 -0.001619047619
0.467583462777 -0.001571428571
0.467583462777 -0.001523809524
0.467583462777 -0.001476190476
0.467583462777 -0.001428571429
0.467583462777 -0.001380952381
0.467583462777 -0.001333333333
0.467583462777 -0.001285714286
0.467583462777 -0.001238095238
0.467583462777 -0.001190476190
0.467583462777 -0.001142857143
0.467583462777 -0.001095238095
0.467583462777 -0.001047619048
0.467583462777 -0.001000000000
0.467583462777 -0.000952380952
0.467583462777 -0.000904761905
0.467583462777 -0.000857142857
0.467583462777 -0.000809523810
0.467583462777 -0.000761904762
0.467583462777 -0.000714285714
0.467583462777 -0.000666666667
0.467583462777 -0.000619047619
0.467583462777 -0.000571428571
0.467583462777 -0.000523809524
0.467583462777 -0.000476190476
0.467583462777 -0.000428571429
0.467583462777 -0.000380952381
0.467583462777 -0.000333333333
0.467583462777 -0.000285714286
0.467583462777 -0.000238095238
0.467583462777 -0.000190476190
0.467583462777 -0.000142857143
0.467583462777 -0.000095238095
0.467583462777 -0.000047619048
0.467583462777 0.000000000000
0.467583462777 0.000047619048
0.467583462777 0.000095238095
0.467583462777 0.000142857143
0.467583462777 0.000190476190
0.467583462777 0.000238095238
0.467583462777 0.000285714286
0.467583462777 0.000333333333
0.467583462777 0.000380952381
0.467583462777 0.000428571429
0.467583462777 0.000476190476
0.467583462777 0.000523809524
0.467583462777 0.000571428571
0.467583462777 0.000619047619
0.467583462777 0.000666666667
0.467583462777 0.000714285714
0.467583462777 0.000761904762
0.467583462777 0.000809523810
0.467583462777 0.000857142857
0.467583462777 0.000904761905
0.467583462777 0.000952380952
0.467583462777 0.001000000000
0.467583462777 0.001047619048
0.467583462777 0.001095238095
0.467583462777 0.001142857143
0.467583462777 0.001190476190
0.467583462777 0.001238095238
0.467583462777 0.001285714286
0.467583462777 0.001333333333
0.467583462777 0.001380952381
0.467583462777 0.001428571429
0.467583462777 0.001476190476
0.467583462777 0.001523809524
0.467583462777 0.001571428571
0.467583462777 0.001619047619
0.467583462777 0.001666666667
0.467583462777 0.001714285714
0.467583462777 0.001761904762
0.467583462777 0.001809523810
0.467583462777 0.001857142857
0.467583462777 0.001904761905
0.467583462777 0.001952380952
0.467583462777 0.002000000000
0.467583462777 0.035301637755
0.467583462777 0.073383623210
0.467583462777 0.113506188896
0.467583462777 0.155014146033
0.467583462777 0.197583672716
0.467583462777 0.241018748334
0.467583462777 0.285187080642
0.467583462777 0.329993002221
0.467583462777 0.375363924425
0.467583462777 0.421242780245
0.467583462777 0.467583462777
0.467583462777 0.514347903027
0.467583462777 0.561504108464
0.467583462777 0.609024795931
0.467583462777 0.656886408743
0.467583462777 0.705068391357
0.467583462777 0.753552642079
0.467583462777 0.802323092133
0.467583462777 0.851365376462
0.467583462777 0.900666572453
0.467583462777 0.950214989876
0.467583462777 1.000000000000
0.467583462777 1.466666666667
0.467583462777 1.933333333333
0.467583462777 2.400000000000
0.467583462777 2.866666666667
0.467583462777 3.333333333333
0.467583462777 3.800000000000
0.467583462777 4.266666666667
0.467583462777 4.733333333333
0.467583462777 5.200000000000
0.467583462777 5.666666666667
0.467583462777 6.133333333333
0.467583462777 6.600000000000
0.467583462777 7.066666666667
0.467583462777 7.533333333333
0.467583462777 8.000000000000
0.467583462777 10.000000000000
0.467583462777 12.000000000000
0.467583462777 14.000000000000
0.467583462777 16.000000000000
0.467583462777 18.000000000000
0.467583462777 20.000000000000
0.467583462777 22.000000000000
0.467583462777 24.000000000000
0.467583462777 30.000000000000
0.467583462777 36.000000000000
0.467583462777 42.000000000000
0.467583462777 48.000000000000
0.514347903027 -48.000000000000
0.514347903027 -42.000000000000
0.514347903027 -36.000000000000
0.514347903027 -30.000000000000
0.514347903027 -24.000000000000
0.514347903027 -22.000000000000
0.514347903027 -20.000000000000
0.514347903027 -18.000000000000
0.514347903027 -16.000000000000
0.514347903027 -14.000000000000
0.514347903027 -12.000000000000
0.514347903027 -10.000000000000
0.514347903027 -8.000000000000
0.514347903027 -7.533333333333
0.514347903027 -7.066666666667
0.514347903027 -6.600000000000
0.514347903027 -6.133333333333
0.514347903027 -5.666666666667
0.514347903027 -5.200000000000
0.514347903027 -4.733333333333
0.514347903027 -4.266666666667
0.514347903027 -3.800000000000
0.514347903027 -3.333333333333
0.514347903027 -2.866666666667
0.514347903027 -2.400000000000
0.514347903027 -1.933333333333
0.514347903027 -1.466666666667
0.514347903027 -1.000000000000
0.514347903027 -0.950214989876
0.514347903027 -0.900666572453
0.514347903027 -0.851365376462
0.514347903027 -0.802323092133
0.514347903027 -0.753552642079
0.514347903027 -0.705068391357
0.514347903027 -0.656886408743
0.514347903027 -0.609024795931
0.514347903027 -0.561504108464
0.514347903027 -0.514347903027
0.514347903027 -0.467583462777
0.514347903027 -0.421242780245
0.514347903027 -0.375363924425
0.514347903027 -0.329993002221
0.514347903027 -0.285187080642
0.514347903027 -0.241018748334
0.514347903027 -0.197583672716
0.514347903027 -0.155014146033
0.514347903027 -0.113506188896
0.514347903027 -0.073383623210
0.514347903027 -0.035301637755
0.514347903027 -0.002000000000
0.514347903027 -0.001952380952
0.514347903027 -0.001904761905
0.514347903027 -0.001857142857
0.514347903027 -0.001809523810
0.514347903027 -0.001761904762
0.514347903027 -0.001714285714
0.514347903027 -0.001666666667
0.514347903027 -0.001619047619
0.514347903027 -0.001571428571
0.514347903027 -0.001523809524
0.514347903027 -0.001476190476
0.514347903027 -0.001428571429
0.514347903027 -0.001380952381
0.514347903027 -0.001333333333
0.514347903027 -0.001285714286
0.514347903027 -0.001238095238
0.514347903027 -0.001190476190
0.514347903027 -0.001142857143
0.514347903027 -0.001095238095
0.514347903027 -0.001047619048
0.514347903027 -0.001000000000
0.514347903027 -0.000952380952
0.514347903027 -0.000904761905
0.514347903027 -0.000857142857
0.514347903027 -0.000809523810
0.514347903027 -0.000761904762
0.514347903027 -0.000714285714
0.514347903027 -0.000666666667
0.514347903027 -0.000619047619
0.514347903027 -0.000571428571
0.514347903027 -0.000523809524
0.514347903027 -0.000476190476
0.514347903027 -0.000428571429
0.514347903027 -0.000380952381
0.514347903027 -0.000333333333
0.514347903027 -0.000285714286
0.514347903027 -0.000238095238
0.514347903027 -0.000190476190
0.514347903027 -0.000142857143
0.514347903027 -0.000095238095
0.514347903027 -0.000047619048
0.514347903027 0.000000000000
0.514347903027 0.000047619048
0.514347903027 0.000095238095
0.514347903027 0.000142857143
0.514347903027 0.000190476190
0.514347903027 0.000238095238
0.514347903027 0.000285714286
0.514347903027 0.000333333333
0.514347903027 0.000380952381
0.514347903027 0.000428571429
0.514347903027 0.000476190476
0.514347903027 0.000523809524
0.514347903027 0.000571428571
0.514347903027 0.000619047619
0.514347903027 0.000666666667
0.514347903027 0.000714285714
0.514347903027 0.000761904762
0.514347903027 0.000809523810
0.514347903027 0.000857142857
0.514347903027 0.000904761905
0.514347903027 0.000952380952
0.514347903027 0.001000000000
0.514347903027 0.001047619048
0.514347903027 0.001095238095
0.514347903027 0.001142857143
0.514347903027 0.001190476190
0.514347903027 0.001238095238
0.514347903027 0.001285714286
0.514347903027 0.001333333333
0.514347903027 0.001380952381
0.514347903027 0.001428571429
0.514347903027 0.001476190476
0.514347903027 0.001523809524
0.514347903027 0.001571428571
0.514347903027 0.001619047619
0.514347903027 0.001666666667
0.514347903027 0.001714285714
0.514347903027 0.001761904762
0.514347903027 0.001809523810
0.514347903027 0.001857142857
0.514347903027 0.001904761905
0.514347903027 0.001952380952
0.514347903027 0.002000000000
0.514347903027 0.035301637755
0.514347903027 0.073383623210
0.514347903027 0.113506188896
0.514347903027 0.155014146033
0.514347903027 0.197583672716
0.514347903027 0.241018748334
0.514347903027 0.285187080642
0.514347903027 0.329993002221
0.514347903027 0.375363924425
0.514347903027 0.421242780245
0.514347903027 0.467583462777
0.514347903027 0.514347903027
0.514347903027 0.561504108464
0.514347903027 0.609024795931
0.514347903027 0.656886408743
0.514347903027 0.705068391357
0.514347903027 0.753552642079
0.514347903027 0.802323092133
0.514347903027 0.851365376462
0.514347903027 0.900666572453
0.514347903027 0.950214989876
0.514347903027 1.000000000000
0.514347903027 1.466666666667
0.514347903027 1.933333333333
0.514347903027 2.400000000000
0.514347903027 2.866666666667
0.514347903027 3.333333333333
0.514347903027 3.800000000000
0.514347903027 4.266666666667
0.514347903027 4.733333333333
0.514347903027 5.200000000000
0.514347903027 5.666666666667
0.514347903027 6.133333333333
0.514347903027 6.600000000000
0.514347903027 7.066666666667
0.514347903027 7.533333333333
0.514347903027 8.000000000000
0.514347903027 10.000000000000
0.514347903027 12.000000000000
0.514347903027 14.000000000000
0.514347903027 16.000000000000
0.514347903027 18.000000000000
0.514347903027 20.000000000000
0.514347903027 22.000000000000
0.514347903027 24.000000000000
0.514347903027 30.000000000000
0.514347903027 36.000000000000
0.514347903027 42.000000000000
0.514347903027 48.000000000000
0.561504108464 -48.000000000000
0.561504108464 -42.000000000000
0.561504108464 -36.000000000000
0.561504108464 -30.000000000000
0.561504108464 -24.000000000000
0.561504108464 -22.000000000000
0.561504108464 -20.000000000000
0.561504108464 -18.000000000000
0.561504108464 -16.000000000000
0.561504108464 -14.000000000000
0.561504108464 -12.000000000000
0.561504108464 -10.000000000000
0.561504108464 -8.000000000000
0.561504108464 -7.533333333333
0.561504108464 -7.066666666667
0.561504108464 -6.600000000000
0.561504108464 -6.133333333333
0.561504108464 -5.666666666667
0.561504108464 -5.200000000000
0.561504108464 -4.733333333333
0.561504108464 -4.266666666667
0.561504108464 -3.800000000000
0.561504108464 -3.333333333333
0.561504108464 -2.866666666667
0.561504108464 -2.400000000000
0.561504108464 -1.933333333333
0.561504108464 -1.466666666667
0.561504108464 -1.000000000000
0.561504108464 -0.950214989876
0.561504108464 -0.900666572453
0.561504108464 -0.851365376462
0.561504108464 -0.802323092133
0.561504108464 -0.753552642079
0.561504108464 -0.705068391357
0.561504108464 -0.656886408743
0.561504108464 -0.609024795931
0.561504108464 -0.561504108464
0.561504108464 -0.514347903027
0.561504108464 -0.467583462777
0.561504108464 -0.421242780245
0.561504108464 -0.375363924425
0.561504108464 -0.329993002221
0.561504108464 -0.285187080642
0.561504108464 -0.241018748334
0.561504108464 -0.197583672716
0.561504108464 -0.155014146033
0.561504108464 -0.113506188896
0.561504108464 -0.073383623210
0.561504108464 -0.035301637755
0.561504108464 -0.002000000000
0.561504108464 -0.001952380952
0.561504108464 -0.001904761905
0.561504108464 -0.001857142857
0.561504108464 -0.001809523810
0.561504108464 -0.001761904762
0.561504108464 -0.001714285714
0.561504108464 -0.001666666667
0.561504108464 -0.001619047619
0.561504108464 -0.001571428571
0.561504108464 -0.001523809524
0.561504108464 -0.001476190476
0.561504108464 -0.001428571429
0.561504108464 -0.001380952381
0.561504108464 -0.001333333333
0.561504108464 -0.001285714286
0.561504108464 -0.001238095238
0.561504108464 -0.001190476190
0.561504108464 -0.001142857143
0.561504108464 -0.001095238095
0.561504108464 -0.001047619048
0.561504108464 -0.001000000000
0.561504108464 -0.000952380952
0.561504108464 -0.000904761905
0.561504108464 -0.000857142857
0.561504108464 -0.000809523810
0.561504108464 -0.000761904762
0.561504108464 -0.000714285714
0.561504108464 -0.000666666667
0.561504108464 -0.000619047619
0.561504108464 -0.000571428571
0.561504108464 -0.000523809524
0.561504108464 -0.000476190476
0.561504108464 -0.000428571429
0.561504108464 -0.000380952381
0.561504108464 -0.000333333333
0.561504108464 -0.000285714286
0.561504108464 -0.000238095238
0.561504108464 -0.000190476190
0.561504108464 -0.000142857143
0.561504108464 -0.000095238095
0.561504108464 -0.000047619048
0.561504108464 0.000000000000
0.561504108464 0.000047619048
0.561504108464 0.000095238095
0.561504108464 0.000142857143
0.561504108464 0.000190476190
0.561504108464 0.000238095238
0.561504108464 0.000285714286
0.561504108464 0.000333333333
0.561504108464 0.000380952381
0.561504108464 0.000428571429
0.561504108464 0.000476190476
0.561504108464 0.000523809524
0.561504108464 0.000571428571
0.561504108464 0.000619047619
0.561504108464 0.000666666667
0.561504108464 0.000714285714
0.561504108464 0.000761904762
0.561504108464 0.000809523810
0.561504108464 0.000857142857
0.561504108464 0.000904761905
0.561504108464 0.000952380952
0.561504108464 0.001000000000
0.561504108464 0.001047619048
0.561504108464 0.001095238095
0.561504108464 0.001142857143
0.561504108464 0.001190476190
0.561504108464 0.001238095238
0.561504108464 0.001285714286
0.561504108464 0.001333333333
0.561504108464 0.001380952381
0.561504108464 0.001428571429
0.561504108464 0.001476190476
0.561504108464 0.001523809524
0.561504108464 0.001571428571
0.561504108464 0.001619047619
0.561504108464 0.001666666667
0.561504108464 0.001714285714
0.561504108464 0.001761904762
0.561504108464 0.001809523810
0.561504108464 0.001857142857
0.561504108464 0.001904761905
0.561504108464 0.001952380952
0.561504108464 0.002000000000
0.561504108464 0.035301637755
0.561504108464 0.073383623210
0.561504108464 0.113506188896
0.561504108464 0.155014146033
0.561504108464 0.197583672716
0.561504108464 0.241018748334
0.561504108464 0.285187080642
0.561504108464 0.329993002221
0.561504108464 0.375363924425
0.561504108464 0.421242780245
0.561504108464 0.467583462777
0.561504108464 0.514347903027
0.561504108464 0.561504108464
0.561504108464 0.609024795931
0.561504108464 0.656886408743
0.561504108464 0.705068391357
0.561504108464 0.753552642079
0.561504108464 0.802323092133
0.561504108464 0.851365376462
0.561504108464 0.900666572453
0.561504108464 0.950214989876
0.561504108464 1.000000000000
0.561504108464 1.466666666667
0.561504108464 1.933333333333
0.561504108464 2.400000000000
0.561504108464 2.866666666667
0.561504108464 3.333333333333
0.561504108464 3.800000000000
0.561504108464 4.266666666667
0.561504108464 4.733333333333
0.561504108464 5.200000000000
0.561504108464 5.666666666667
0.561504108464 6.133333333333
0.561504108464 6.600000000000
0.561504108464 7.066666666667
0.561504108464 7.533333333333
0.561504108464 8.000000000000
0.561504108464 10.000000000000
0.561504108464 12.000000000000
0.561504108464 14.000000000000
0.561504108464 16.000000000000
0.561504108464 18.000000000000
0.561504108464 20.000000000000
0.561504108464 22.000000000000
0.561504108464 24.000000000000
0.561504108464 30.000000000000
0.561504108464 36.000000000000
0.561504108464 42.000000000000
0.561504108464 48.000000000000
0.609024795931 -48.000000000000
0.609024795931 -42.000000000000
0.609024795931 -36.000000000000
0.609024795931 -30.000000000000
0.609024795931 -24.000000000000
0.609024795931 -22.000000000000
0.609024795931 -20.000000000000
0.609024795931 -18.000000000000
0.609024795931 -16.000000000000
0.609024795931 -14.000000000000
0.609024795931 -12.000000000000
0.609024795931 -10.000000000000
0.609024795931 -8.000000000000
0.609024795931 -7.533333333333
0.609024795931 -7.066666666667
0.609024795931 -6.600000000000
0.609024795931 -6.133333333333
0.609024795931 -5.666666666667
0.609024795931 -5.200000000000
0.609024795931 -4.733333333333
0.609024795931 -4.266666666667
0.609024795931 -3.800000000000
0.609024795931 -3.333333333333
0.609024795931 -2.866666666667
0.609024795931 -2.400000000000
0.609024795931 -1.933333333333
0.609024795931 -1.466666666667
0.609024795931 -1.000000000000
0.609024795931 -0.950214989876
0.609024795931 -0.900666572453
0.609024795931 -0.851365376462
0.609024795931 -0.802323092133
0.609024795931 -0.753552642079
0.609024795931 -0.705068391357
0.609024795931 -0.656886408743
0.609024795931 -0.609024795931
0.609024795931 -0.561504108464
0.609024795931 -0.514347903027
0.609024795931 -0.467583462777
0.609024795931 -0.421242780245
0.609024795931 -0.375363924425
0.609024795931 -0.329993002221
0.609024795931 -0.285187080642
0.609024795931 -0.241018748334
0.609024795931 -0.197583672716
0.609024795931 -0.155014146033
0.609024795931 -0.113506188896
0.609024795931 -0.073383623210
0.609024795931 -0.035301637755
0.609024795931 -0.002000000000
0.609024795931 -0.001952380952
0.609024795931 -0.001904761905
0.609024795931 -0.001857142857
0.609024795931 -0.001809523810
0.609024795931 -0.001761904762
0.609024795931 -0.001714285714
0.609024795931 -0.001666666667
0.609024795931 -0.001619047619
0.609024795931 -0.001571428571
0.609024795931 -0.001523809524
0.609024795931 -0.001476190476
0.609024795931 -0.001428571429
0.609024795931 -0.001380952381
0.609024795931 -0.001333333333
0.609024795931 -0.001285714286
0.609024795931 -0.001238095238
0.609024795931 -0.001190476190
0.609024795931 -0.001142857143
0.609024795931 -0.001095238095
0.609024795931 -0.001047619048
0.609024795931 -0.001000000000
0.609024795931 -0.000952380952
0.609024795931 -0.000904761905
0.609024795931 -0.000857142857
0.609024795931 -0.000809523810
0.609024795931 -0.000761904762
0.609024795931 -0.000714285714
0.609024795931 -0.000666666667
0.609024795931 -0.000619047619
0.609024795931 -0.000571428571
0.609024795931 -0.000523809524
0.609024795931 -0.000476190476
0.609024795931 -0.000428571429
0.609024795931 -0.000380952381
0.609024795931 -0.000333333333
0.609024795931 -0.000285714286
0.609024795931 -0.000238095238
0.609024795931 -0.000190476190
0.609024795931 -0.000142857143
0.609024795931 -0.000095238095
0.609024795931 -0.000047619048
0.609024795931 0.000000000000
0.609024795931 0.000047619048
0.609024795931 0.000095238095
0.609024795931 0.000142857143
0.609024795931 0.000190476190
0.609024795931 0.000238095238
0.609024795931 0.000285714286
0.609024795931 0.000333333333
0.609024795931 0.000380952381
0.609024795931 0.000428571429
0.609024795931 0.000476190476
0.609024795931 0.000523809524
0.609024795931 0.000571428571
0.609024795931 0.000619047619
0.609024795931 0.000666666667
0.609024795931 0.000714285714
0.609024795931 0.000761904762
0.609024795931 0.000809523810
0.609024795931 0.000857142857
0.609024795931 0.000904761905
0.609024795931 0.000952380952
0.609024795931 0.001000000000
0.609024795931 0.001047619048
0.609024795931 0.001095238095
0.609024795931 0.001142857143
0.609024795931 0.001190476190
0.609024795931 0.001238095238
0.609024795931 0.001285714286
0.609024795931 0.001333333333
0.609024795931 0.001380952381
0.609024795931 0.001428571429
0.609024795931 0.001476190476
0.609024795931 0.001523809524
0.609024795931 0.001571428571
0.609024795931 0.001619047619
0.609024795931 0.001666666667
0.609024795931 0.001714285714
0.609024795931 0.001761904762
0.609024795931 0.001809523810
0.609024795931 0.001857142857
0.609024795931 0.001904761905
0.609024795931 0.001952380952
0.609024795931 0.002000000000
0.609024795931 0.035301637755
0.609024795931 0.073383623210
0.609024795931 0.113506188896
0.609024795931 0.155014146033
0.609024795931 0.197583672716
0.609024795931 0.241018748334
0.609024795931 0.285187080642
0.609024795931 0.329993002221
0.609024795931 0.375363924425
0.609024795931 0.421242780245
0.609024795931 0.467583462777
0.609024795931 0.514347903027
0.609024795931 0.561504108464
0.609024795931 0.609024795931
0.609024795931 0.656886408743
0.609024795931 0.705068391357
0.609024795931 0.753552642079
0.609024795931 0.802323092133
0.609024795931 0.851365376462
0.609024795931 0.900666572453
0.609024795931 0.950214989876
0.609024795931 1.000000000000
0.609024795931 1.466666666667
0.609024795931 1.933333333333
0.609024795931 2.400000000000
0.609024795931 2.866666666667
0.609024795931 3.333333333333
0.609024795931 3.800000000000
0.609024795931 4.266666666667
0.609024795931 4.733333333333
0.609024795931 5.200000000000
0.609024795931 5.666666666667
0.609024795931 6.133333333333
0.609024795931 6.600000000000
0.609024795931 7.066666666667
0.609024795931 7.533333333333
0.609024795931 8.000000000000
0.609024795931 10.000000000000
0.609024795931 12.000000000000
0.609024795931 14.000000000000
0.609024795931 16.000000000000
0.609024795931 18.000000000000
0.609024795931 20.000000000000
0.609024795931 22.000000000000
0.609024795931 24.000000000000
0.609024795931 30.000000000000
0.609024795931 36.000000000000
0.609024795931 42.000000000000
0.609024795931 48.000000000000
0.656886408743 -48.000000000000
0.656886408743 -42.000000000000
0.656886408743 -36.000000000000
0.656886408743 -30.000000000000
0.656886408743 -24.000000000000
0.656886408743 -22.000000000000
0.656886408743 -20.000000000000
0.656886408743 -18.000000000000
0.656886408743 -16.000000000000
0.656886408743 -14.000000000000
0.656886408743 -12.000000000000
0.656886408743 -10.000000000000
0.656886408743 -8.000000000000
0.656886408743 -7.533333333333
0.656886408743 -7.066666666667
0.656886408743 -6.600000000000
0.656886408743 -6.133333333333
0.656886408743 -5.666666666667
0.656886408743 -5.200000000000
0.656886408743 -4.733333333333
0.656886408743 -4.266666666667
0.656886408743 -3.800000000000
0.656886408743 -3.333333333333
0.656886408743 -2.866666666667
0.656886408743 -2.400000000000
0.656886408743 -1.933333333333
0.656886408743 -1.466666666667
0.656886408743 -1.000000000000
0.656886408743 -0.950214989876
0.656886408743 -0.900666572453
0.656886408743 -0.851365376462
0.656886408743 -0.802323092133
0.656886408743 -0.753552642079
0.656886408743 -0.705068391357
0.656886408743 -0.656886408743
0.656886408743 -0.609024795931
0.656886408743 -0.561504108464
0.656886408743 -0.514347903027
0.656886408743 -0.467583462777
0.656886408743 -0.421242780245
0.656886408743 -0.375363924425
0.656886408743 -0.329993002221
0.656886408743 -0.285187080642
0.656886408743 -0.241018748334
0.656886408743 -0.197583672716
0.656886408743 -0.155014146033
0.656886408743 -0.113506188896
0.656886408743 -0.073383623210
0.656886408743 -0.035301637755
0.656886408743 -0.002000000000
0.656886408743 -0.001952380952
0.656886408743 -0.001904761905
0.656886408743 -0.001857142857
0.656886408743 -0.001809523810
0.656886408743 -0.001761904762
0.656886408743 -0.001714285714
0.656886408743 -0.001666666667
0.656886408743 -0.001619047619
0.656886408743 -0.001571428571
0.656886408743 -0.001523809524
0.656886408743 -0.001476190476
0.656886408743 -0.001428571429
0.656886408743 -0.001380952381
0.656886408743 -0.001333333333
0.656886408743 -0.001285714286
0.656886408743 -0.001238095238
0.656886408743 -0.001190476190
0.656886408743 -0.001142857143
0.656886408743 -0.001095238095
0.656886408743 -0.001047619048
0.656886408743 -0.001000000000
0.656886408743 -0.000952380952
0.656886408743 -0.000904761905
0.656886408743 -0.000857142857
0.656886408743 -0.000809523810
0.656886408743 -0.000761904762
0.656886408743 -0.000714285714
0.656886408743 -0.000666666667
0.656886408743 -0.000619047619
0.656886408743 -0.000571428571
0.656886408743 -0.000523809524
0.656886408743 -0.000476190476
0.656886408743 -0.000428571429
0.656886408743 -0.000380952381
0.656886408743 -0.000333333333
0.656886408743 -0.000285714286
0.656886408743 -0.000238095238
0.656886408743 -0.000190476190
0.656886408743 -0.000142857143
0.656886408743 -0.000095238095
0.656886408743 -0.000047619048
0.656886408743 0.000000000000
0.656886408743 0.000047619048
0.656886408743 0.000095238095
0.656886408743 0.000142857143
0.656886408743 0.000190476190
0.656886408743 0.000238095238
0.656886408743 0.000285714286
0.656886408743 0.000333333333
0.656886408743 0.000380952381
0.656886408743 0.000428571429
0.656886408743 0.000476190476
0.656886408743 0.000523809524
0.656886408743 0.000571428571
0.656886408743 0.000619047619
0.656886408743 0.000666666667
0.656886408743 0.000714285714
0.656886408743 0.000761904762
0.656886408743 0.000809523810
0.656886408743 0.000857142857
0.656886408743 0.000904761905
0.656886408743 0.000952380952
0.656886408743 0.001000000000
0.656886408743 0.001047619048
0.656886408743 0.001095238095
0.656886408743 0.001142857143
0.656886408743 0.001190476190
0.656886408743 0.001238095238
0.656886408743 0.001285714286
0.656886408743 0.001333333333
0.656886408743 0.001380952381
0.656886408743 0.001428571429
0.656886408743 0.001476190476
0.656886408743 0.001523809524
0.656886408743 0.001571428571
0.656886408743 0.001619047619
0.656886408743 0.001666666667
0.656886408743 0.001714285714
0.656886408743 0.001761904762
0.656886408743 0.001809523810
0.656886408743 0.001857142857
0.656886408743 0.001904761905
0.656886408743 0.001952380952
0.656886408743 0.002000000000
0.656886408743 0.035301637755
0.656886408743 0.073383623210
0.656886408743 0.113506188896
0.656886408743 0.155014146033
0.656886408743 0.197583672716
0.656886408743 0.241018748334
0.656886408743 0.285187080642
0.656886408743 0.329993002221
0.656886408743 0.375363924425
0.656886408743 0.421242780245
0.656886408743 0.467583462777
0.656886408743 0.514347903027
0.656886408743 0.561504108464
0.656886408743 0.609024795931
0.656886408743 0.656886408743
0.656886408743 0.705068391357
0.656886408743 0.753552642079
0.656886408743 0.802323092133
0.656886408743 0.851365376462
0.656886408743 0.900666572453
0.656886408743 0.950214989876
0.656886408743 1.000000000000
0.656886408743 1.466666666667
0.656886408743 1.933333333333
0.656886408743 2.400000000000
0.656886408743 2.866666666667
0.656886408743 3.333333333333
0.656886408743 3.800000000000
0.656886408743 4.266666666667
0.656886408743 4.733333333333
0.656886408743 5.200000000000
0.656886408743 5.666666666667
0.656886408743 6.133333333333
0.656886408743 6.600000000000
0.656886408743 7.066666666667
0.656886408743 7.533333333333
0.656886408743 8.000000000000
0.656886408743 10.000000000000
0.656886408743 12.000000000000
0.656886408743 14.000000000000
0.656886408743 16.000000000000
0.656886408743 18.000000000000
0.656886408743 20.000000000000
0.656886408743 22.000000000000
0.656886408743 24.000000000000
0.656886408743 30.000000000000
0.656886408743 36.000000000000
0.656886408743 42.000000000000
0.656886408743 48.000000000000
0.705068391357 -48.000000000000
0.705068391357 -42.000000000000
0.705068391357 -36.000000000000
0.705068391357 -30.000000000000
0.705068391357 -24.000000000000
0.705068391357 -22.000000000000
0.705068391357 -20.000000000000
0.705068391357 -18.000000000000
0.705068391357 -16.000000000000
0.705068391357 -14.000000000000
0.705068391357 -12.000000000000
0.705068391357 -10.000000000000
0.705068391357 -8.000000000000
0.705068391357 -7.533333333333
0.705068391357 -7.066666666667
0.705068391357 -6.600000000000
0.705068391357 -6.133333333333
0.705068391357 -5.666666666667
0.705068391357 -5.200000000000
0.705068391357 -4.733333333333
0.705068391357 -4.266666666667
0.705068391357 -3.800000000000
0.705068391357 -3.333333333333
0.705068391357 -2.866666666667
0.705068391357 -2.400000000000
0.705068391357 -1.933333333333
0.705068391357 -1.466666666667
0.705068391357 -1.000000000000
0.705068391357 -0.950214989876
0.705068391357 -0.900666572453
0.705068391357 -0.851365376462
0.705068391357 -0.802323092133
0.705068391357 -0.753552642079
0.705068391357 -0.705068391357
0.705068391357 -0.656886408743
0.705068391357 -0.609024795931
0.705068391357 -0.561504108464
0.705068391357 -0.514347903027
0.705068391357 -0.467583462777
0.705068391357 -0.421242780245
0.705068391357 -0.375363924425
0.705068391357 -0.329993002221
0.705068391357 -0.285187080642
0.705068391357 -0.241018748334
0.705068391357 -0.197583672716
0.705068391357 -0.155014146033
0.705068391357 -0.113506188896
0.705068391357 -0.073383623210
0.705068391357 -0.035301637755
0.705068391357 -0.002000000000
0.705068391357 -0.001952380952
0.705068391357 -0.001904761905
0.705068391357 -0.001857142857
0.705068391357 -0.001809523810
0.705068391357 -0.001761904762
0.705068391357 -0.001714285714
0.705068391357 -0.001666666667
0.705068391357 -0.001619047619
0.705068391357 -0.001571428571
0.705068391357 -0.001523809524
0.705068391357 -0.001476190476
0.705068391357 -0.001428571429
0.705068391357 -0.001380952381
0.705068391357 -0.001333333333
0.705068391357 -0.001285714286
0.705068391357 -0.001238095238
0.705068391357 -0.001190476190
0.705068391357 -0.001142857143
0.705068391357 -0.001095238095
0.705068391357 -0.001047619048
0.705068391357 -0.001000000000
0.705068391357 -0.000952380952
0.705068391357 -0.000904761905
0.705068391357 -0.000857142857
0.705068391357 -0.000809523810
0.705068391357 -0.000761904762
0.705068391357 -0.000714285714
0.705068391357 -0.000666666667
0.705068391357 -0.000619047619
0.705068391357 -0.000571428571
0.705068391357 -0.000523809524
0.705068391357 -0.000476190476
0.705068391357 -0.000428571429
0.705068391357 -0.000380952381
0.705068391357 -0.000333333333
0.705068391357 -0.000285714286
0.705068391357 -0.000238095238
0.705068391357 -0.000190476190
0.705068391357 -0.000142857143
0.705068391357 -0.000095238095
0.705068391357 -0.000047619048
0.705068391357 0.000000000000
0.705068391357 0.000047619048
0.705068391357 0.000095238095
0.705068391357 0.000142857143
0.705068391357 0.000190476190
0.705068391357 0.000238095238
0.705068391357 0.000285714286
0.705068391357 0.000333333333
0.705068391357 0.000380952381
0.705068391357 0.000428571429
0.705068391357 0.000476190476
0.705068391357 0.000523809524
0.705068391357 0.000571428571
0.705068391357 0.000619047619
0.705068391357 0.000666666667
0.705068391357 0.000714285714
0.705068391357 0.000761904762
0.705068391357 0.000809523810
0.705068391357 0.000857142857
0.705068391357 0.000904761905
0.705068391357 0.000952380952
0.705068391357 0.001000000000
0.705068391357 0.001047619048
0.705068391357 0.001095238095
0.705068391357 0.001142857143
0.705068391357 0.001190476190
0.705068391357 0.001238095238
0.705068391357 0.001285714286
0.705068391357 0.001333333333
0.705068391357 0.001380952381
0.705068391357 0.001428571429
0.705068391357 0.001476190476
0.705068391357 0.001523809524
0.705068391357 0.001571428571
0.705068391357 0.001619047619
0.705068391357 0.001666666667
0.705068391357 0.001714285714
0.705068391357 0.001761904762
0.705068391357 0.001809523810
0.705068391357 0.001857142857
0.705068391357 0.001904761905
0.705068391357 0.001952380952
0.705068391357 0.002000000000
0.705068391357 0.035301637755
0.705068391357 0.073383623210
0.705068391357 0.113506188896
0.705068391357 0.155014146033
0.705068391357 0.197583672716
0.705068391357 0.241018748334
0.705068391357 0.285187080642
0.705068391357 0.329993002221
0.705068391357 0.375363924425
0.705068391357 0.421242780245
0.705068391357 0.467583462777
0.705068391357 0.514347903027
0.705068391357 0.561504108464
0.705068391357 0.609024795931
0.705068391357 0.656886408743
0.705068391357 0.705068391357
0.705068391357 0.753552642079
0.705068391357 0.802323092133
0.705068391357 0.851365376462
0.705068391357 0.900666572453
0.705068391357 0.950214989876
0.705068391357 1.000000000000
0.705068391357 1.466666666667
0.705068391357 1.933333333333
0.705068391357 2.400000000000
0.705068391357 2.866666666667
0.705068391357 3.333333333333
0.705068391357 3.800000000000
0.705068391357 4.266666666667
0.705068391357 4.733333333333
0.705068391357 5.200000000000
0.705068391357 5.666666666667
0.705068391357 6.133333333333
0.705068391357 6.600000000000
0.705068391357 7.066666666667
0.705068391357 7.533333333333
0.705068391357 8.000000000000
0.705068391357 10.000000000000
0.705068391357 12.000000000000
0.705068391357 14.000000000000
0.705068391357 16.000000000000
0.705068391357 18.000000000000
0.705068391357 20.000000000000
0.705068391357 22.000000000000
0.705068391357 24.000000000000
0.705068391357 30.000000000000
0.705068391357 36.000000000000
0.705068391357 42.000000000000
0.705068391357 48.000000000000
0.753552642079 -48.000000000000
0.753552642079 -42.000000000000
0.753552642079 -36.000000000000
0.753552642079 -30.000000000000
0.753552642079 -24.000000000000
0.753552642079 -22.000000000000
0.753552642079 -20.000000000000
0.753552642079 -18.000000000000
0.753552642079 -16.000000000000
0.753552642079 -14.000000000000
0.753552642079 -12.000000000000
0.753552642079 -10.000000000000
0.753552642079 -8.000000000000
0.753552642079 -7.533333333333
0.753552642079 -7.066666666667
0.753552642079 -6.600000000000
0.753552642079 -6.133333333333
0.753552642079 -5.666666666667
0.753552642079 -5.200000000000
0.753552642079 -4.733333333333
0.753552642079 -4.266666666667
0.753552642079 -3.800000000000
0.753552642079 -3.333333333333
0.753552642079 -2.866666666667
0.753552642079 -2.400000000000
0.753552642079 -1.933333333333
0.753552642079 -1.466666666667
0.753552642079 -1.000000000000
0.753552642079 -0.950214989876
0.753552642079 -0.900666572453
0.753552642079 -0.851365376462
0.753552642079 -0.802323092133
0.753552642079 -0.753552642079
0.753552642079 -0.705068391357
0.753552642079 -0.656886408743
0.753552642079 -0.609024795931
0.753552642079 -0.561504108464
0.753552642079 -0.514347903027
0.753552642079 -0.467583462777
0.753552642079 -0.421242780245
0.753552642079 -0.375363924425
0.753552642079 -0.329993002221
0.753552642079 -0.285187080642
0.753552642079 -0.241018748334
0.753552642079 -0.197583672716
0.753552642079 -0.155014146033
0.753552642079 -0.113506188896
0.753552642079 -0.073383623210
0.753552642079 -0.035301637755
0.753552642079 -0.002000000000
0.753552642079 -0.001952380952
0.753552642079 -0.001904761905
0.753552642079 -0.001857142857
0.753552642079 -0.001809523810
0.753552642079 -0.001761904762
0.753552642079 -0.001714285714
0.753552642079 -0.001666666667
0.753552642079 -0.001619047619
0.753552642079 -0.001571428571
0.753552642079 -0.001523809524
0.753552642079 -0.001476190476
0.753552642079 -0.001428571429
0.753552642079 -0.001380952381
0.753552642079 -0.001333333333
0.753552642079 -0.001285714286
0.753552642079 -0.001238095238
0.753552642079 -0.001190476190
0.753552642079 -0.001142857143
0.753552642079 -0.001095238095
0.753552642079 -0.001047619048
0.753552642079 -0.001000000000
0.753552642079 -0.000952380952
0.753552642079 -0.000904761905
0.753552642079 -0.000857142857
0.753552642079 -0.000809523810
0.753552642079 -0.000761904762
0.753552642079 -0.000714285714
0.753552642079 -0.000666666667
0.753552642079 -0.000619047619
0.753552642079 -0.000571428571
0.753552642079 -0.000523809524
0.753552642079 -0.000476190476
0.753552642079 -0.000428571429
0.753552642079 -0.000380952381
0.753552642079 -0.000333333333
0.753552642079 -0.000285714286
0.753552642079 -0.000238095238
0.753552642079 -0.000190476190
0.753552642079 -0.000142857143
0.753552642079 -0.000095238095
0.753552642079 -0.000047619048
0.753552642079 0.000000000000
0.753552642079 0.000047619048
0.753552642079 0.000095238095
0.753552642079 0.000142857143
0.753552642079 0.000190476190
0.753552642079 0.000238095238
0.753552642079 0.000285714286
0.753552642079 0.000333333333
0.753552642079 0.000380952381
0.753552642079 0.000428571429
0.753552642079 0.000476190476
0.753552642079 0.000523809524
0.753552642079 0.000571428571
0.753552642079 0.000619047619
0.753552642079 0.000666666667
0.753552642079 0.000714285714
0.753552642079 0.000761904762
0.753552642079 0.000809523810
0.753552642079 0.000857142857
0.753552642079 0.000904761905
0.753552642079 0.000952380952
0.753552642079 0.001000000000
0.753552642079 0.001047619048
0.753552642079 0.001095238095
0.753552642079 0.001142857143
0.753552642079 0.001190476190
0.753552642079 0.001238095238
0.753552642079 0.001285714286
0.753552642079 0.001333333333
0.753552642079 0.001380952381
0.753552642079 0.001428571429
0.753552642079 0.001476190476
0.753552642079 0.001523809524
0.753552642079 0.001571428571
0.753552642079 0.001619047619
0.753552642079 0.001666666667
0.753552642079 0.001714285714
0.753552642079 0.001761904762
0.753552642079 0.001809523810
0.753552642079 0.001857142857
0.753552642079 0.001904761905
0.753552642079 0.001952380952
0.753552642079 0.002000000000
0.753552642079 0.035301637755
0.753552642079 0.073383623210
0.753552642079 0.113506188896
0.753552642079 0.155014146033
0.753552642079 0.197583672716
0.753552642079 0.241018748334
0.753552642079 0.285187080642
0.753552642079 0.329993002221
0.753552642079 0.375363924425
0.753552642079 0.421242780245
0.753552642079 0.467583462777
0.753552642079 0.514347903027
0.753552642079 0.561504108464
0.753552642079 0.609024795931
0.753552642079 0.656886408743
0.753552642079 0.705068391357
0.753552642079 0.753552642079
0.753552642079 0.802323092133
0.753552642079 0.851365376462
0.753552642079 0.900666572453
0.753552642079 0.950214989876
0.753552642079 1.000000000000
0.753552642079 1.466666666667
0.753552642079 1.933333333333
0.753552642079 2.400000000000
0.753552642079 2.866666666667
0.753552642079 3.333333333333
0.753552642079 3.800000000000
0.753552642079 4.266666666667
0.753552642079 4.733333333333
0.753552642079 5.200000000000
0.753552642079 5.666666666667
0.753552642079 6.133333333333
0.753552642079 6.600000000000
0.753552642079 7.066666666667
0.753552642079 7.533333333333
0.753552642079 8.000000000000
0.753552642079 10.000000000000
0.753552642079 12.000000000000
0.753552642079 14.000000000000
0.753552642079 16.000000000000
0.753552642079 18.000000000000
0.753552642079 20.000000000000
0.753552642079 22.000000000000
0.753552642079 24.000000000000
0.753552642079 30.000000000000
0.753552642079 36.000000000000
0.753552642079 42.000000000000
0.753552642079 48.000000000000
0.802323092133 -48.000000000000
0.802323092133 -42.000000000000
0.802323092133 -36.000000000000
0.802323092133 -30.000000000000
0.802323092133 -24.000000000000
0.802323092133 -22.000000000000
0.802323092133 -20.000000000000
0.802323092133 -18.000000000000
0.802323092133 -16.000000000000
0.802323092133 -14.000000000000
0.802323092133 -12.000000000000
0.802323092133 -10.000000000000
0.802323092133 -8.000000000000
0.802323092133 -7.533333333333
0.802323092133 -7.066666666667
0.802323092133 -6.600000000000
0.802323092133 -6.133333333333
0.802323092133 -5.666666666667
0.802323092133 -5.200000000000
0.802323092133 -4.733333333333
0.802323092133 -4.266666666667
0.802323092133 -3.800000000000
0.802323092133 -3.333333333333
0.802323092133 -2.866666666667
0.802323092133 -2.400000000000
0.802323092133 -1.933333333333
0.802323092133 -1.466666666667
0.802323092133 -1.000000000000
0.802323092133 -0.950214989876
0.802323092133 -0.900666572453
0.802323092133 -0.851365376462
0.802323092133 -0.802323092133
0.802323092133 -0.753552642079
0.802323092133 -0.705068391357
0.802323092133 -0.656886408743
0.802323092133 -0.609024795931
0.802323092133 -0.561504108464
0.802323092133 -0.514347903027
0.802323092133 -0.467583462777
0.802323092133 -0.421242780245
0.802323092133 -0.375363924425
0.802323092133 -0.329993002221
0.802323092133 -0.285187080642
0.802323092133 -0.241018748334
0.802323092133 -0.197583672716
0.802323092133 -0.155014146033
0.802323092133 -0.113506188896
0.802323092133 -0.073383623210
0.802323092133 -0.035301637755
0.802323092133 -0.002000000000
0.802323092133 -0.001952380952
0.802323092133 -0.001904761905
0.802323092133 -0.001857142857
0.802323092133 -0.001809523810
0.802323092133 -0.001761904762
0.802323092133 -0.001714285714
0.802323092133 -0.001666666667
0.802323092133 -0.001619047619
0.802323092133 -0.001571428571
0.802323092133 -0.001523809524
0.802323092133 -0.001476190476
0.802323092133 -0.001428571429
0.802323092133 -0.001380952381
0.802323092133 -0.001333333333
0.802323092133 -0.001285714286
0.802323092133 -0.001238095238
0.802323092133 -0.001190476190
0.802323092133 -0.001142857143
0.802323092133 -0.001095238095
0.802323092133 -0.001047619048
0.802323092133 -0.001000000000
0.802323092133 -0.000952380952
0.802323092133 -0.000904761905
0.802323092133 -0.000857142857
0.802323092133 -0.000809523810
0.802323092133 -0.000761904762
0.802323092133 -0.000714285714
0.802323092133 -0.000666666667
0.802323092133 -0.000619047619
0.802323092133 -0.000571428571
0.802323092133 -0.000523809524
0.802323092133 -0.000476190476
0.802323092133 -0.000428571429
0.802323092133 -0.000380952381
0.802323092133 -0.000333333333
0.802323092133 -0.000285714286
0.802323092133 -0.000238095238
0.802323092133 -0.000190476190
0.802323092133 -0.000142857143
0.802323092133 -0.000095238095
0.802323092133 -0.000047619048
0.802323092133 0.000000000000
0.802323092133 0.000047619048
0.802323092133 0.000095238095
0.802323092133 0.000142857143
0.802323092133 0.000190476190
0.802323092133 0.000238095238
0.802323092133 0.000285714286
0.802323092133 0.000333333333
0.802323092133 0.000380952381
0.802323092133 0.000428571429
0.802323092133 0.000476190476
0.802323092133 0.000523809524
0.802323092133 0.000571428571
0.802323092133 0.000619047619
0.802323092133 0.000666666667
0.802323092133 0.000714285714
0.802323092133 0.000761904762
0.802323092133 0.000809523810
0.802323092133 0.000857142857
0.802323092133 0.000904761905
0.802323092133 0.000952380952
0.802323092133 0.001000000000
0.802323092133 0.001047619048
0.802323092133 0.001095238095
0.802323092133 0.001142857143
0.802323092133 0.001190476190
0.802323092133 0.001238095238
0.802323092133 0.001285714286
0.802323092133 0.001333333333
0.802323092133 0.001380952381
0.802323092133 0.001428571429
0.802323092133 0.001476190476
0.802323092133 0.001523809524
0.802323092133 0.001571428571
0.802323092133 0.001619047619
0.802323092133 0.001666666667
0.802323092133 0.001714285714
0.802323092133 0.001761904762
0.802323092133 0.001809523810
0.802323092133 0.001857142857
0.802323092133 0.001904761905
0.802323092133 0.001952380952
0.802323092133 0.002000000000
0.802323092133 0.035301637755
0.802323092133 0.073383623210
0.802323092133 0.113506188896
0.802323092133 0.155014146033
0.802323092133 0.197583672716
0.802323092133 0.241018748334
0.802323092133 0.285187080642
0.802323092133 0.329993002221
0.802323092133 0.375363924425
0.802323092133 0.421242780245
0.802323092133 0.467583462777
0.802323092133 0.514347903027
0.802323092133 0.561504108464
0.802323092133 0.609024795931
0.802323092133 0.656886408743
0.802323092133 0.705068391357
0.802323092133 0.753552642079
0.802323092133 0.802323092133
0.802323092133 0.851365376462
0.802323092133 0.900666572453
0.802323092133 0.950214989876
0.802323092133 1.000000000000
0.802323092133 1.466666666667
0.802323092133 1.933333333333
0.802323092133 2.400000000000
0.802323092133 2.866666666667
0.802323092133 3.333333333333
0.802323092133 3.800000000000
0.802323092133 4.266666666667
0.802323092133 4.733333333333
0.802323092133 5.200000000000
0.802323092133 5.666666666667
0.802323092133 6.133333333333
0.802323092133 6.600000000000
0.802323092133 7.066666666667
0.802323092133 7.533333333333
0.802323092133 8.000000000000
0.802323092133 10.000000000000
0.802323092133 12.000000000000
0.802323092133 14.000000000000
0.802323092133 16.000000000000
0.802323092133 18.000000000000
0.802323092133 20.000000000000
0.802323092133 22.000000000000
0.802323092133 24.000000000000
0.802323092133 30.000000000000
0.802323092133 36.000000000000
0.802323092133 42.000000000000
0.802323092133 48.000000000000
0.851365376462 -48.000000000000
0.851365376462 -42.000000000000
0.851365376462 -36.000000000000
0.851365376462 -30.000000000000
0.851365376462 -24.000000000000
0.851365376462 -22.000000000000
0.851365376462 -20.000000000000
0.851365376462 -18.000000000000
0.851365376462 -16.000000000000
0.851365376462 -14.000000000000
0.851365376462 -12.000000000000
0.851365376462 -10.000000000000
0.851365376462 -8.000000000000
0.851365376462 -7.533333333333
0.851365376462 -7.066666666667
0.851365376462 -6.600000000000
0.851365376462 -6.133333333333
0.851365376462 -5.666666666667
0.851365376462 -5.200000000000
0.851365376462 -4.733333333333
0.851365376462 -4.266666666667
0.851365376462 -3.800000000000
0.851365376462 -3.333333333333
0.851365376462 -2.866666666667
0.851365376462 -2.400000000000
0.851365376462 -1.933333333333
0.851365376462 -1.466666666667
0.851365376462 -1.000000000000
0.851365376462 -0.950214989876
0.851365376462 -0.900666572453
0.851365376462 -0.851365376462
0.851365376462 -0.802323092133
0.851365376462 -0.753552642079
0.851365376462 -0.705068391357
0.851365376462 -0.656886408743
0.851365376462 -0.609024795931
0.851365376462 -0.561504108464
0.851365376462 -0.514347903027
0.851365376462 -0.467583462777
0.851365376462 -0.421242780245
0.851365376462 -0.375363924425
0.851365376462 -0.329993002221
0.851365376462 -0.285187080642
0.851365376462 -0.241018748334
0.851365376462 -0.197583672716
0.851365376462 -0.155014146033
0.851365376462 -0.113506188896
0.851365376462 -0.073383623210
0.851365376462 -0.035301637755
0.851365376462 -0.002000000000
0.851365376462 -0.001952380952
0.851365376462 -0.001904761905
0.851365376462 -0.001857142857
0.851365376462 -0.001809523810
0.851365376462 -0.001761904762
0.851365376462 -0.001714285714
0.851365376462 -0.001666666667
0.851365376462 -0.001619047619
0.851365376462 -0.001571428571
0.851365376462 -0.001523809524
0.851365376462 -0.001476190476
0.851365376462 -0.001428571429
0.851365376462 -0.001380952381
0.851365376462 -0.001333333333
0.851365376462 -0.001285714286
0.851365376462 -0.001238095238
0.851365376462 -0.001190476190
0.851365376462 -0.001142857143
0.851365376462 -0.001095238095
0.851365376462 -0.001047619048
0.851365376462 -0.001000000000
0.851365376462 -0.000952380952
0.851365376462 -0.000904761905
0.851365376462 -0.000857142857
0.851365376462 -0.000809523810
0.851365376462 -0.000761904762
0.851365376462 -0.000714285714
0.851365376462 -0.000666666667
0.851365376462 -0.000619047619
0.851365376462 -0.000571428571
0.851365376462 -0.000523809524
0.851365376462 -0.000476190476
0.851365376462 -0.000428571429
0.851365376462 -0.000380952381
0.851365376462 -0.000333333333
0.851365376462 -0.000285714286
0.851365376462 -0.000238095238
0.851365376462 -0.000190476190
0.851365376462 -0.000142857143
0.851365376462 -0.000095238095
0.851365376462 -0.000047619048
0.851365376462 0.000000000000
0.851365376462 0.000047619048
0.851365376462 0.000095238095
0.851365376462 0.000142857143
0.851365376462 0.000190476190
0.851365376462 0.000238095238
0.851365376462 0.000285714286
0.851365376462 0.000333333333
0.851365376462 0.000380952381
0.851365376462 0.000428571429
0.851365376462 0.000476190476
0.851365376462 0.000523809524
0.851365376462 0.000571428571
0.851365376462 0.000619047619
0.851365376462 0.000666666667
0.851365376462 0.000714285714
0.851365376462 0.000761904762
0.851365376462 0.000809523810
0.851365376462 0.000857142857
0.851365376462 0.000904761905
0.851365376462 0.000952380952
0.851365376462 0.001000000000
0.851365376462 0.001047619048
0.851365376462 0.001095238095
0.851365376462 0.001142857143
0.851365376462 0.001190476190
0.851365376462 0.001238095238
0.851365376462 0.001285714286
0.851365376462 0.001333333333
0.851365376462 0.001380952381
0.851365376462 0.001428571429
0.851365376462 0.001476190476
0.851365376462 0.001523809524
0.851365376462 0.001571428571
0.851365376462 0.001619047619
0.851365376462 0.001666666667
0.851365376462 0.001714285714
0.851365376462 0.001761904762
0.851365376462 0.001809523810
0.851365376462 0.001857142857
0.851365376462 0.001904761905
0.851365376462 0.001952380952
0.851365376462 0.002000000000
0.851365376462 0.035301637755
0.851365376462 0.073383623210
0.851365376462 0.113506188896
0.851365376462 0.155014146033
0.851365376462 0.197583672716
0.851365376462 0.241018748334
0.851365376462 0.285187080642
0.851365376462 0.329993002221
0.851365376462 0.375363924425
0.851365376462 0.421242780245
0.851365376462 0.467583462777
0.851365376462 0.514347903027
0.851365376462 0.561504108464
0.851365376462 0.609024795931
0.851365376462 0.656886408743
0.851365376462 0.705068391357
0.851365376462 0.753552642079
0.851365376462 0.802323092133
0.851365376462 0.851365376462
0.851365376462 0.900666572453
0.851365376462 0.950214989876
0.851365376462 1.000000000000
0.851365376462 1.466666666667
0.851365376462 1.933333333333
0.851365376462 2.400000000000
0.851365376462 2.866666666667
0.851365376462 3.333333333333
0.851365376462 3.800000000000
0.851365376462 4.266666666667
0.851365376462 4.733333333333
0.851365376462 5.200000000000
0.851365376462 5.666666666667
0.851365376462 6.133333333333
0.851365376462 6.600000000000
0.851365376462 7.066666666667
0.851365376462 7.533333333333
0.851365376462 8.000000000000
0.851365376462 10.000000000000
0.851365376462 12.000000000000
0.851365376462 14.000000000000
0.851365376462 16.000000000000
0.851365376462 18.000000000000
0.851365376462 20.000000000000
0.851365376462 22.000000000000
0.851365376462 24.000000000000
0.851365376462 30.000000000000
0.851365376462 36.000000000000
0.851365376462 42.000000000000
0.851365376462 48.000000000000
0.900666572453 -48.000000000000
0.900666572453 -42.000000000000
0.900666572453 -36.000000000000
0.900666572453 -30.000000000000
0.900666572453 -24.000000000000
0.900666572453 -22.000000000000
0.900666572453 -20.000000000000
0.900666572453 -18.000000000000
0.900666572453 -16.000000000000
0.900666572453 -14.000000000000
0.900666572453 -12.000000000000
0.900666572453 -10.000000000000
0.900666572453 -8.000000000000
0.900666572453 -7.533333333333
0.900666572453 -7.066666666667
0.900666572453 -6.600000000000
0.900666572453 -6.133333333333
0.900666572453 -5.666666666667
0.900666572453 -5.200000000000
0.900666572453 -4.733333333333
0.900666572453 -4.266666666667
0.900666572453 -3.800000000000
0.900666572453 -3.333333333333
0.900666572453 -2.866666666667
0.900666572453 -2.400000000000
0.900666572453 -1.933333333333
0.900666572453 -1.466666666667
0.900666572453 -1.000000000000
0.900666572453 -0.950214989876
0.900666572453 -0.900666572453
0.900666572453 -0.851365376462
0.900666572453 -0.802323092133
0.900666572453 -0.753552642079
0.900666572453 -0.705068391357
0.900666572453 -0.656886408743
0.900666572453 -0.609024795931
0.900666572453 -0.561504108464
0.900666572453 -0.514347903027
0.900666572453 -0.467583462777
0.900666572453 -0.421242780245
0.900666572453 -0.375363924425
0.900666572453 -0.329993002221
0.900666572453 -0.285187080642
0.900666572453 -0.241018748334
0.900666572453 -0.197583672716
0.900666572453 -0.155014146033
0.900666572453 -0.113506188896
0.900666572453 -0.073383623210
0.900666572453 -0.035301637755
0.900666572453 -0.002000000000
0.900666572453 -0.001952380952
0.900666572453 -0.001904761905
0.900666572453 -0.001857142857
0.900666572453 -0.001809523810
0.900666572453 -0.001761904762
0.900666572453 -0.001714285714
0.900666572453 -0.001666666667
0.900666572453 -0.001619047619
0.900666572453 -0.001571428571
0.900666572453 -0.001523809524
0.900666572453 -0.001476190476
0.900666572453 -0.001428571429
0.900666572453 -0.001380952381
0.900666572453 -0.001333333333
0.900666572453 -0.001285714286
0.900666572453 -0.001238095238
0.900666572453 -0.001190476190
0.900666572453 -0.001142857143
0.900666572453 -0.001095238095
0.900666572453 -0.001047619048
0.900666572453 -0.001000000000
0.900666572453 -0.000952380952
0.900666572453 -0.000904761905
0.900666572453 -0.000857142857
0.900666572453 -0.000809523810
0.900666572453 -0.000761904762
0.900666572453 -0.000714285714
0.900666572453 -0.000666666667
0.900666572453 -0.000619047619
0.900666572453 -0.000571428571
0.900666572453 -0.000523809524
0.900666572453 -0.000476190476
0.900666572453 -0.000428571429
0.900666572453 -0.000380952381
0.900666572453 -0.000333333333
0.900666572453 -0.000285714286
0.900666572453 -0.000238095238
0.900666572453 -0.000190476190
0.900666572453 -0.000142857143
0.900666572453 -0.000095238095
0.900666572453 -0.000047619048
0.900666572453 0.000000000000
0.900666572453 0.000047619048
0.900666572453 0.000095238095
0.900666572453 0.000142857143
0.900666572453 0.000190476190
0.900666572453 0.000238095238
0.900666572453 0.000285714286
0.900666572453 0.000333333333
0.900666572453 0.000380952381
0.900666572453 0.000428571429
0.900666572453 0.000476190476
0.900666572453 0.000523809524
0.900666572453 0.000571428571
0.900666572453 0.000619047619
0.900666572453 0.000666666667
0.900666572453 0.000714285714
0.900666572453 0.000761904762
0.900666572453 0.000809523810
0.900666572453 0.000857142857
0.900666572453 0.000904761905
0.900666572453 0.000952380952
0.900666572453 0.001000000000
0.900666572453 0.001047619048
0.900666572453 0.001095238095
0.900666572453 0.001142857143
0.900666572453 0.001190476190
0.900666572453 0.001238095238
0.900666572453 0.001285714286
0.900666572453 0.001333333333
0.900666572453 0.001380952381
0.900666572453 0.001428571429
0.900666572453 0.001476190476
0.900666572453 0.001523809524
0.900666572453 0.001571428571
0.900666572453 0.001619047619
0.900666572453 0.001666666667
0.900666572453 0.001714285714
0.900666572453 0.001761904762
0.900666572453 0.001809523810
0.900666572453 0.001857142857
0.900666572453 0.001904761905
0.900666572453 0.001952380952
0.900666572453 0.002000000000
0.900666572453 0.035301637755
0.900666572453 0.073383623210
0.900666572453 0.113506188896
0.900666572453 0.155014146033
0.900666572453 0.197583672716
0.900666572453 0.241018748334
0.900666572453 0.285187080642
0.900666572453 0.329993002221
0.900666572453 0.375363924425
0.900666572453 0.421242780245
0.900666572453 0.467583462777
0.900666572453 0.514347903027
0.900666572453 0.561504108464
0.900666572453 0.609024795931
0.900666572453 0.656886408743
0.900666572453 0.705068391357
0.900666572453 0.753552642079
0.900666572453 0.802323092133
0.900666572453 0.851365376462
0.900666572453 0.900666572453
0.900666572453 0.950214989876
0.900666572453 1.000000000000
0.900666572453 1.466666666667
0.900666572453 1.933333333333
0.900666572453 2.400000000000
0.900666572453 2.866666666667
0.900666572453 3.333333333333
0.900666572453 3.800000000000
0.900666572453 4.266666666667
0.900666572453 4.733333333333
0.900666572453 5.200000000000
0.900666572453 5.666666666667
0.900666572453 6.133333333333
0.900666572453 6.600000000000
0.900666572453 7.066666666667
0.900666572453 7.533333333333
0.900666572453 8.000000000000
0.900666572453 10.000000000000
0.900666572453 12.000000000000
0.900666572453 14.000000000000
0.900666572453 16.000000000000
0.900666572453 18.000000000000
0.900666572453 20.000000000000
0.900666572453 22.000000000000
0.900666572453 24.000000000000
0.900666572453 30.000000000000
0.900666572453 36.000000000000
0.900666572453 42.000000000000
0.900666572453 48.000000000000
0.950214989876 -48.000000000000
0.950214989876 -42.000000000000
0.950214989876 -36.000000000000
0.950214989876 -30.000000000000
0.950214989876 -24.000000000000
0.950214989876 -22.000000000000
0.950214989876 -20.000000000000
0.950214989876 -18.000000000000
0.950214989876 -16.000000000000
0.950214989876 -14.000000000000
0.950214989876 -12.000000000000
0.950214989876 -10.000000000000
0.950214989876 -8.000000000000
0.950214989876 -7.533333333333
0.950214989876 -7.066666666667
0.950214989876 -6.600000000000
0.950214989876 -6.133333333333
0.950214989876 -5.666666666667
0.950214989876 -5.200000000000
0.950214989876 -4.733333333333
0.950214989876 -4.266666666667
0.950214989876 -3.800000000000
0.950214989876 -3.333333333333
0.950214989876 -2.866666666667
0.950214989876 -2.400000000000
0.950214989876 -1.933333333333
0.950214989876 -1.466666666667
0.950214989876 -1.000000000000
0.950214989876 -0.950214989876
0.950214989876 -0.900666572453
0.950214989876 -0.851365376462
0.950214989876 -0.802323092133
0.950214989876 -0.753552642079
0.950214989876 -0.705068391357
0.950214989876 -0.656886408743
0.950214989876 -0.609024795931
0.950214989876 -0.561504108464
0.950214989876 -0.514347903027
0.950214989876 -0.467583462777
0.950214989876 -0.421242780245
0.950214989876 -0.375363924425
0.950214989876 -0.329993002221
0.950214989876 -0.285187080642
0.950214989876 -0.241018748334
0.950214989876 -0.197583672716
0.950214989876 -0.155014146033
0.950214989876 -0.113506188896
0.950214989876 -0.073383623210
0.950214989876 -0.035301637755
0.950214989876 -0.002000000000
0.950214989876 -0.001952380952
0.950214989876 -0.001904761905
0.950214989876 -0.001857142857
0.950214989876 -0.001809523810
0.950214989876 -0.001761904762
0.950214989876 -0.001714285714
0.950214989876 -0.001666666667
0.950214989876 -0.001619047619
0.950214989876 -0.001571428571
0.950214989876 -0.001523809524
0.950214989876 -0.001476190476
0.950214989876 -0.001428571429
0.950214989876 -0.001380952381
0.950214989876 -0.001333333333
0.950214989876 -0.001285714286
0.950214989876 -0.001238095238
0.950214989876 -0.001190476190
0.950214989876 -0.001142857143
0.950214989876 -0.001095238095
0.950214989876 -0.001047619048
0.950214989876 -0.001000000000
0.950214989876 -0.000952380952
0.950214989876 -0.000904761905
0.950214989876 -0.000857142857
0.950214989876 -0.000809523810
0.950214989876 -0.000761904762
0.950214989876 -0.000714285714
0.950214989876 -0.000666666667
0.950214989876 -0.000619047619
0.950214989876 -0.000571428571
0.950214989876 -0.000523809524
0.950214989876 -0.000476190476
0.950214989876 -0.000428571429
0.950214989876 -0.000380952381
0.950214989876 -0.000333333333
0.950214989876 -0.000285714286
0.950214989876 -0.000238095238
0.950214989876 -0.000190476190
0.950214989876 -0.000142857143
0.950214989876 -0.000095238095
0.950214989876 -0.000047619048
0.950214989876 0.000000000000
0.950214989876 0.000047619048
0.950214989876 0.000095238095
0.950214989876 0.000142857143
0.950214989876 0.000190476190
0.950214989876 0.000238095238
0.950214989876 0.000285714286
0.950214989876 0.000333333333
0.950214989876 0.000380952381
0.950214989876 0.000428571429
0.950214989876 0.000476190476
0.950214989876 0.000523809524
0.950214989876 0.000571428571
0.950214989876 0.000619047619
0.950214989876 0.000666666667
0.950214989876 0.000714285714
0.950214989876 0.000761904762
0.950214989876 0.000809523810
0.950214989876 0.000857142857
0.950214989876 0.000904761905
0.950214989876 0.000952380952
0.950214989876 0.001000000000
0.950214989876 0.001047619048
0.950214989876 0.001095238095
0.950214989876 0.001142857143
0.950214989876 0.001190476190
0.950214989876 0.001238095238
0.950214989876 0.001285714286
0.950214989876 0.001333333333
0.950214989876 0.001380952381
0.950214989876 0.001428571429
0.950214989876 0.001476190476
0.950214989876 0.001523809524
0.950214989876 0.001571428571
0.950214989876 0.001619047619
0.950214989876 0.001666666667
0.950214989876 0.001714285714
0.950214989876 0.001761904762
0.950214989876 0.001809523810
0.950214989876 0.001857142857
0.950214989876 0.001904761905
0.950214989876 0.001952380952
0.950214989876 0.002000000000
0.950214989876 0.035301637755
0.950214989876 0.073383623210
0.950214989876 0.113506188896
0.950214989876 0.155014146033
0.950214989876 0.197583672716
0.950214989876 0.241018748334
0.950214989876 0.285187080642
0.950214989876 0.329993002221
0.950214989876 0.375363924425
0.950214989876 0.421242780245
0.950214989876 0.467583462777
0.950214989876 0.514347903027
0.950214989876 0.561504108464
0.950214989876 0.609024795931
0.950214989876 0.656886408743
0.950214989876 0.705068391357
0.950214989876 0.753552642079
0.950214989876 0.802323092133
0.950214989876 0.851365376462
0.950214989876 0.900666572453
0.950214989876 0.950214989876
0.950214989876 1.000000000000
0.950214989876 1.466666666667
0.950214989876 1.933333333333
0.950214989876 2.400000000000
0.950214989876 2.866666666667
0.950214989876 3.333333333333
0.950214989876 3.800000000000
0.950214989876 4.266666666667
0.950214989876 4.733333333333
0.950214989876 5.200000000000
0.950214989876 5.666666666667
0.950214989876 6.133333333333
0.950214989876 6.600000000000
0.950214989876 7.066666666667
0.950214989876 7.533333333333
0.950214989876 8.000000000000
0.950214989876 10.000000000000
0.950214989876 12.000000000000
0.950214989876 14.000000000000
0.950214989876 16.000000000000
0.950214989876 18.000000000000
0.950214989876 20.000000000000
0.950214989876 22.000000000000
0.950214989876 24.000000000000
0.950214989876 30.000000000000
0.950214989876 36.000000000000
0.950214989876 42.000000000000
0.950214989876 48.000000000000
1.000000000000 -48.000000000000
1.000000000000 -42.000000000000
1.000000000000 -36.000000000000
1.000000000000 -30.000000000000
1.000000000000 -24.000000000000
1.000000000000 -22.000000000000
1.000000000000 -20.000000000000
1.000000000000 -18.000000000000
1.000000000000 -16.000000000000
1.000000000000 -14.000000000000
1.000000000000 -12.000000000000
1.000000000000 -10.000000000000
1.000000000000 -8.000000000000
1.000000000000 -7.533333333333
1.000000000000 -7.066666666667
1.000000000000 -6.600000000000
1.000000000000 -6.133333333333
1.000000000000 -5.666666666667
1.000000000000 -5.200000000000
1.000000000000 -4.733333333333
1.000000000000 -4.266666666667
1.000000000000 -3.800000000000
1.000000000000 -3.333333333333
1.000000000000 -2.866666666667
1.000000000000 -2.400000000000
1.000000000000 -1.933333333333
1.000000000000 -1.466666666667
1.000000000000 -1.000000000000
1.000000000000 -0.950214989876
1.000000000000 -0.900666572453
1.000000000000 -0.851365376462
1.000000000000 -0.802323092133
1.000000000000 -0.753552642079
1.000000000000 -0.705068391357
1.000000000000 -0.656886408743
1.000000000000 -0.609024795931
1.000000000000 -0.561504108464
1.000000000000 -0.514347903027
1.000000000000 -0.467583462777
1.000000000000 -0.421242780245
1.000000000000 -0.375363924425
1.000000000000 -0.329993002221
1.000000000000 -0.285187080642
1.000000000000 -0.241018748334
1.000000000000 -0.197583672716
1.000000000000 -0.155014146033
1.000000000000 -0.113506188896
1.000000000000 -0.073383623210
1.000000000000 -0.035301637755
1.000000000000 -0.002000000000
1.000000000000 -0.001952380952
1.000000000000 -0.001904761905
1.000000000000 -0.001857142857
1.000000000000 -0.001809523810
1.000000000000 -0.001761904762
1.000000000000 -0.001714285714
1.000000000000 -0.001666666667
1.000000000000 -0.001619047619
1.000000000000 -0.001571428571
1.000000000000 -0.001523809524
1.000000000000 -0.001476190476
1.000000000000 -0.001428571429
1.000000000000 -0.001380952381
1.000000000000 -0.001333333333
1.000000000000 -0.001285714286
1.000000000000 -0.001238095238
1.000000000000 -0.001190476190
1.000000000000 -0.001142857143
1.000000000000 -0.001095238095
1.000000000000 -0.001047619048
1.000000000000 -0.001000000000
1.000000000000 -0.000952380952
1.000000000000 -0.000904761905
1.000000000000 -0.000857142857
1.000000000000 -0.000809523810
1.000000000000 -0.000761904762
1.000000000000 -0.000714285714
1.000000000000 -0.000666666667
1.000000000000 -0.000619047619
1.000000000000 -0.000571428571
1.000000000000 -0.000523809524
1.000000000000 -0.000476190476
1.000000000000 -0.000428571429
1.000000000000 -0.000380952381
1.000000000000 -0.000333333333
1.000000000000 -0.000285714286
1.000000000000 -0.000238095238
1.000000000000 -0.000190476190
1.000000000000 -0.000142857143
1.000000000000 -0.000095238095
1.000000000000 -0.000047619048
1.000000000000 0.000000000000
1.000000000000 0.000047619048
1.000000000000 0.000095238095
1.000000000000 0.000142857143
1.000000000000 0.000190476190
1.000000000000 0.000238095238
1.000000000000 0.000285714286
1.000000000000 0.000333333333
1.000000000000 0.000380952381
1.000000000000 0.000428571429
1.000000000000 0.000476190476
1.000000000000 0.000523809524
1.000000000000 0.000571428571
1.000000000000 0.000619047619
1.000000000000 0.000666666667
1.000000000000 0.000714285714
1.000000000000 0.000761904762
1.000000000000 0.000809523810
1.000000000000 0.000857142857
1.000000000000 0.000904761905
1.000000000000 0.000952380952
1.000000000000 0.001000000000
1.000000000000 0.001047619048
1.000000000000 0.001095238095
1.000000000000 0.001142857143
1.000000000000 0.001190476190
1.000000000000 0.001238095238
1.000000000000 0.001285714286
1.000000000000 0.001333333333
1.000000000000 0.001380952381
1.000000000000 0.001428571429
1.000000000000 0.001476190476
1.000000000000 0.001523809524
1.000000000000 0.001571428571
1.000000000000 0.001619047619
1.000000000000 0.001666666667
1.000000000000 0.001714285714
1.000000000000 0.001761904762
1.000000000000 0.001809523810
1.000000000000 0.001857142857
1.000000000000 0.001904761905
1.000000000000 0.001952380952
1.000000000000 0.002000000000
1.000000000000 0.035301637755
1.000000000000 0.073383623210
1.000000000000 0.113506188896
1.000000000000 0.155014146033
1.000000000000 0.197583672716
1.000000000000 0.241018748334
1.000000000000 0.285187080642
1.000000000000 0.329993002221
1.000000000000 0.375363924425
1.000000000000 0.421242780245
1.000000000000 0.467583462777
1.000000000000 0.514347903027
1.000000000000 0.561504108464
1.000000000000 0.609024795931
1.000000000000 0.656886408743
1.000000000000 0.705068391357
1.000000000000 0.753552642079
1.000000000000 0.802323092133
1.000000000000 0.851365376462
1.000000000000 0.900666572453
1.000000000000 0.950214989876
1.000000000000 1.000000000000
1.000000000000 1.466666666667
1.000000000000 1.933333333333
1.000000000000 2.400000000000
1.000000000000 2.866666666667
1.000000000000 3.333333333333
1.000000000000 3.800000000000
1.000000000000 4.266666666667
1.000000000000 4.733333333333
1.000000000000 5.200000000000
1.000000000000 5.666666666667
1.000000000000 6.133333333333
1.000000000000 6.600000000000
1.000000000000 7.066666666667
1.000000000000 7.533333333333
1.000000000000 8.000000000000
1.000000000000 10.000000000000
1.000000000000 12.000000000000
1.000000000000 14.000000000000
1.000000000000 16.000000000000
1.000000000000 18.000000000000
1.000000000000 20.000000000000
1.000000000000 22.000000000000
1.000000000000 24.000000000000
1.000000000000 30.000000000000
1.000000000000 36.000000000000
1.000000000000 42.000000000000
1.000000000000 48.000000000000
1.466666666667 -48.000000000000
1.466666666667 -42.000000000000
1.466666666667 -36.000000000000
1.466666666667 -30.000000000000
1.466666666667 -24.000000000000
1.466666666667 -22.000000000000
1.466666666667 -20.000000000000
1.466666666667 -18.000000000000
1.466666666667 -16.000000000000
1.466666666667 -14.000000000000
1.466666666667 -12.000000000000
1.466666666667 -10.000000000000
1.466666666667 -8.000000000000
1.466666666667 -7.533333333333
1.466666666667 -7.066666666667
1.466666666667 -6.600000000000
1.466666666667 -6.133333333333
1.466666666667 -5.666666666667
1.466666666667 -5.200000000000
1.466666666667 -4.733333333333
1.466666666667 -4.266666666667
1.466666666667 -3.800000000000
1.466666666667 -3.333333333333
1.466666666667 -2.866666666667
1.466666666667 -2.400000000000
1.466666666667 -1.933333333333
1.466666666667 -1.466666666667
1.466666666667 -1.000000000000
1.466666666667 -0.950214989876
1.466666666667 -0.900666572453
1.466666666667 -0.851365376462
1.466666666667 -0.802323092133
1.466666666667 -0.753552642079
1.466666666667 -0.705068391357
1.466666666667 -0.656886408743
1.466666666667 -0.609024795931
1.466666666667 -0.561504108464
1.466666666667 -0.514347903027
1.466666666667 -0.467583462777
1.466666666667 -0.421242780245
1.466666666667 -0.375363924425
1.466666666667 -0.329993002221
1.466666666667 -0.285187080642
1.466666666667 -0.241018748334
1.466666666667 -0.197583672716
1.466666666667 -0.155014146033
1.466666666667 -0.113506188896
1.466666666667 -0.073383623210
1.466666666667 -0.035301637755
1.466666666667 -0.002000000000
1.466666666667 -0.001952380952
1.466666666667 -0.001904761905
1.466666666667 -0.001857142857
1.466666666667 -0.001809523810
1.466666666667 -0.001761904762
1.466666666667 -0.001714285714
1.466666666667 -0.001666666667
1.466666666667 -0.001619047619
1.466666666667 -0.001571428571
1.466666666667 -0.001523809524
1.466666666667 -0.001476190476
1.466666666667 -0.001428571429
1.466666666667 -0.001380952381
1.466666666667 -0.001333333333
1.466666666667 -0.001285714286
1.466666666667 -0.001238095238
1.466666666667 -0.001190476190
1.466666666667 -0.001142857143
1.466666666667 -0.001095238095
1.466666666667 -0.001047619048
1.466666666667 -0.001000000000
1.466666666667 -0.000952380952
1.466666666667 -0.000904761905
1.466666666667 -0.000857142857
1.466666666667 -0.000809523810
1.466666666667 -0.000761904762
1.466666666667 -0.000714285714
1.466666666667 -0.000666666667
1.466666666667 -0.000619047619
1.466666666667 -0.000571428571
1.466666666667 -0.000523809524
1.466666666667 -0.000476190476
1.466666666667 -0.000428571429
1.466666666667 -0.000380952381
1.466666666667 -0.000333333333
1.466666666667 -0.000285714286
1.466666666667 -0.000238095238
1.466666666667 -0.000190476190
1.466666666667 -0.000142857143
1.466666666667 -0.000095238095
1.466666666667 -0.000047619048
1.466666666667 0.000000000000
1.466666666667 0.000047619048
1.466666666667 0.000095238095
1.466666666667 0.000142857143
1.466666666667 0.000190476190
1.466666666667 0.000238095238
1.466666666667 0.000285714286
1.466666666667 0.000333333333
1.466666666667 0.000380952381
1.466666666667 0.000428571429
1.466666666667 0.000476190476
1.466666666667 0.000523809524
1.466666666667 0.000571428571
1.466666666667 0.000619047619
1.466666666667 0.000666666667
1.466666666667 0.000714285714
1.466666666667 0.000761904762
1.466666666667 0.000809523810
1.466666666667 0.000857142857
1.466666666667 0.000904761905
1.466666666667 0.000952380952
1.466666666667 0.001000000000
1.466666666667 0.001047619048
1.466666666667 0.001095238095
1.466666666667 0.001142857143
1.466666666667 0.001190476190
1.466666666667 0.001238095238
1.466666666667 0.001285714286
1.466666666667 0.001333333333
1.466666666667 0.001380952381
1.466666666667 0.001428571429
1.466666666667 0.001476190476
1.466666666667 0.001523809524
1.466666666667 0.001571428571
1.466666666667 0.001619047619
1.466666666667 0.001666666667
1.466666666667 0.001714285714
1.466666666667 0.001761904762
1.466666666667 0.001809523810
1.466666666667 0.001857142857
1.466666666667 0.001904761905
1.466666666667 0.001952380952
1.466666666667 0.002000000000
1.466666666667 0.035301637755
1.466666666667 0.073383623210
1.466666666667 0.113506188896
1.466666666667 0.155014146033
1.466666666667 0.197583672716
1.466666666667 0.241018748334
1.466666666667 0.285187080642
1.466666666667 0.329993002221
1.466666666667 0.375363924425
1.466666666667 0.421242780245
1.466666666667 0.467583462777
1.466666666667 0.514347903027
1.466666666667 0.561504108464
1.466666666667 0.609024795931
1.466666666667 0.656886408743
1.466666666667 0.705068391357
1.466666666667 0.753552642079
1.466666666667 0.802323092133
1.466666666667 0.851365376462
1.466666666667 0.900666572453
1.466666666667 0.950214989876
1.466666666667 1.000000000000
1.466666666667 1.466666666667
1.466666666667 1.933333333333
1.466666666667 2.400000000000
1.466666666667 2.866666666667
1.466666666667 3.333333333333
1.466666666667 3.800000000000
1.466666666667 4.266666666667
1.466666666667 4.733333333333
1.466666666667 5.200000000000
1.466666666667 5.666666666667
1.466666666667 6.133333333333
1.466666666667 6.600000000000
1.466666666667 7.066666666667
1.466666666667 7.533333333333
1.466666666667 8.000000000000
1.466666666667 10.000000000000
1.466666666667 12.000000000000
1.466666666667 14.000000000000
1.466666666667 16.000000000000
1.466666666667 18.000000000000
1.466666666667 20.000000000000
1.466666666667 22.000000000000
1.466666666667 24.000000000000
1.466666666667 30.000000000000
1.466666666667 36.000000000000
1.466666666667 42.000000000000
1.466666666667 48.000000000000
1.933333333333 -48.000000000000
1.933333333333 -42.000000000000
1.933333333333 -36.000000000000
1.933333333333 -30.000000000000
1.933333333333 -24.000000000000
1.933333333333 -22.000000000000
1.933333333333 -20.000000000000
1.933333333333 -18.000000000000
1.933333333333 -16.000000000000
1.933333333333 -14.000000000000
1.933333333333 -12.000000000000
1.933333333333 -10.000000000000
1.933333333333 -8.000000000000
1.933333333333 -7.533333333333
1.933333333333 -7.066666666667
1.933333333333 -6.600000000000
1.933333333333 -6.133333333333
1.933333333333 -5.666666666667
1.933333333333 -5.200000000000
1.933333333333 -4.733333333333
1.933333333333 -4.266666666667
1.933333333333 -3.800000000000
1.933333333333 -3.333333333333
1.933333333333 -2.866666666667
1.933333333333 -2.400000000000
1.933333333333 -1.933333333333
1.933333333333 -1.466666666667
1.933333333333 -1.000000000000
1.933333333333 -0.950214989876
1.933333333333 -0.900666572453
1.933333333333 -0.851365376462
1.933333333333 -0.802323092133
1.933333333333 -0.753552642079
1.933333333333 -0.705068391357
1.933333333333 -0.656886408743
1.933333333333 -0.609024795931
1.933333333333 -0.561504108464
1.933333333333 -0.514347903027
1.933333333333 -0.467583462777
1.933333333333 -0.421242780245
1.933333333333 -0.375363924425
1.933333333333 -0.329993002221
1.933333333333 -0.285187080642
1.933333333333 -0.241018748334
1.933333333333 -0.197583672716
1.933333333333 -0.155014146033
1.933333333333 -0.113506188896
1.933333333333 -0.073383623210
1.933333333333 -0.035301637755
1.933333333333 -0.002000000000
1.933333333333 -0.001952380952
1.933333333333 -0.001904761905
1.933333333333 -0.001857142857
1.933333333333 -0.001809523810
1.933333333333 -0.001761904762
1.933333333333 -0.001714285714
1.933333333333 -0.001666666667
1.933333333333 -0.001619047619
1.933333333333 -0.001571428571
1.933333333333 -0.001523809524
1.933333333333 -0.001476190476
1.933333333333 -0.001428571429
1.933333333333 -0.001380952381
1.933333333333 -0.001333333333
1.933333333333 -0.001285714286
1.933333333333 -0.001238095238
1.933333333333 -0.001190476190
1.933333333333 -0.001142857143
1.933333333333 -0.001095238095
1.933333333333 -0.001047619048
1.933333333333 -0.001000000000
1.933333333333 -0.000952380952
1.933333333333 -0.000904761905
1.933333333333 -0.000857142857
1.933333333333 -0.000809523810
1.933333333333 -0.000761904762
1.933333333333 -0.000714285714
1.933333333333 -0.000666666667
1.933333333333 -0.000619047619
1.933333333333 -0.000571428571
1.933333333333 -0.000523809524
1.933333333333 -0.000476190476
1.933333333333 -0.000428571429
1.933333333333 -0.000380952381
1.933333333333 -0.000333333333
1.933333333333 -0.000285714286
1.933333333333 -0.000238095238
1.933333333333 -0.000190476190
1.933333333333 -0.000142857143
1.933333333333 -0.000095238095
1.933333333333 -0.000047619048
1.933333333333 0.000000000000
1.933333333333 0.000047619048
1.933333333333 0.000095238095
1.933333333333 0.000142857143
1.933333333333 0.000190476190
1.933333333333 0.000238095238
1.933333333333 0.000285714286
1.933333333333 0.000333333333
1.933333333333 0.000380952381
1.933333333333 0.000428571429
1.933333333333 0.000476190476
1.933333333333 0.000523809524
1.933333333333 0.000571428571
1.933333333333 0.000619047619
1.933333333333 0.000666666667
1.933333333333 0.000714285714
1.933333333333 0.000761904762
1.933333333333 0.000809523810
1.933333333333 0.000857142857
1.933333333333 0.000904761905
1.933333333333 0.000952380952
1.933333333333 0.001000000000
1.933333333333 0.001047619048
1.933333333333 0.001095238095
1.933333333333 0.001142857143
1.933333333333 0.001190476190
1.933333333333 0.001238095238
1.933333333333 0.001285714286
1.933333333333 0.001333333333
1.933333333333 0.001380952381
1.933333333333 0.001428571429
1.933333333333 0.001476190476
1.933333333333 0.001523809524
1.933333333333 0.001571428571
1.933333333333 0.001619047619
1.933333333333 0.001666666667
1.933333333333 0.001714285714
1.933333333333 0.001761904762
1.933333333333 0.001809523810
1.933333333333 0.001857142857
1.933333333333 0.001904761905
1.933333333333 0.001952380952
1.933333333333 0.002000000000
1.933333333333 0.035301637755
1.933333333333 0.073383623210
1.933333333333 0.113506188896
1.933333333333 0.155014146033
1.933333333333 0.197583672716
1.933333333333 0.241018748334
1.933333333333 0.285187080642
1.933333333333 0.329993002221
1.933333333333 0.375363924425
1.933333333333 0.421242780245
1.933333333333 0.467583462777
1.933333333333 0.514347903027
1.933333333333 0.561504108464
1.933333333333 0.609024795931
1.933333333333 0.656886408743
1.933333333333 0.705068391357
1.933333333333 0.753552642079
1.933333333333 0.802323092133
1.933333333333 0.851365376462
1.933333333333 0.900666572453
1.933333333333 0.950214989876
1.933333333333 1.000000000000
1.933333333333 1.466666666667
1.933333333333 1.933333333333
1.933333333333 2.400000000000
1.933333333333 2.866666666667
1.933333333333 3.333333333333
1.933333333333 3.800000000000
1.933333333333 4.266666666667
1.933333333333 4.733333333333
1.933333333333 5.200000000000
1.933333333333 5.666666666667
1.933333333333 6.133333333333
1.933333333333 6.600000000000
1.933333333333 7.066666666667
1.933333333333 7.533333333333
1.933333333333 8.000000000000
1.933333333333 10.000000000000
1.933333333333 12.000000000000
1.933333333333 14.000000000000
1.933333333333 16.000000000000
1.933333333333 18.000000000000
1.933333333333 20.000000000000
1.933333333333 22.000000000000
1.933333333333 24.000000000000
1.933333333333 30.000000000000
1.933333333333 36.000000000000
1.933333333333 42.000000000000
1.933333333333 48.000000000000
2.400000000000 -48.000000000000
2.400000000000 -42.000000000000
2.400000000000 -36.000000000000
2.400000000000 -30.000000000000
2.400000000000 -24.000000000000
2.400000000000 -22.000000000000
2.400000000000 -20.000000000000
2.400000000000 -18.000000000000
2.400000000000 -16.000000000000
2.400000000000 -14.000000000000
2.400000000000 -12.000000000000
2.400000000000 -10.000000000000
2.400000000000 -8.000000000000
2.400000000000 -7.533333333333
2.400000000000 -7.066666666667
2.400000000000 -6.600000000000
2.400000000000 -6.133333333333
2.400000000000 -5.666666666667
2.400000000000 -5.200000000000
2.400000000000 -4.733333333333
2.400000000000 -4.266666666667
2.400000000000 -3.800000000000
2.400000000000 -3.333333333333
2.400000000000 -2.866666666667
2.400000000000 -2.400000000000
2.400000000000 -1.933333333333
2.400000000000 -1.466666666667
2.400000000000 -1.000000000000
2.400000000000 -0.950214989876
2.400000000000 -0.900666572453
2.400000000000 -0.851365376462
2.400000000000 -0.802323092133
2.400000000000 -0.753552642079
2.400000000000 -0.705068391357
2.400000000000 -0.656886408743
2.400000000000 -0.609024795931
2.400000000000 -0.561504108464
2.400000000000 -0.514347903027
2.400000000000 -0.467583462777
2.400000000000 -0.421242780245
2.400000000000 -0.375363924425
2.400000000000 -0.329993002221
2.400000000000 -0.285187080642
2.400000000000 -0.241018748334
2.400000000000 -0.197583672716
2.400000000000 -0.155014146033
2.400000000000 -0.113506188896
2.400000000000 -0.073383623210
2.400000000000 -0.035301637755
2.400000000000 -0.002000000000
2.400000000000 -0.001952380952
2.400000000000 -0.001904761905
2.400000000000 -0.001857142857
2.400000000000 -0.001809523810
2.400000000000 -0.001761904762
2.400000000000 -0.001714285714
2.400000000000 -0.001666666667
2.400000000000 -0.001619047619
2.400000000000 -0.001571428571
2.400000000000 -0.001523809524
2.400000000000 -0.001476190476
2.400000000000 -0.001428571429
2.400000000000 -0.001380952381
2.400000000000 -0.001333333333
2.400000000000 -0.001285714286
2.400000000000 -0.001238095238
2.400000000000 -0.001190476190
2.400000000000 -0.001142857143
2.400000000000 -0.001095238095
2.400000000000 -0.001047619048
2.400000000000 -0.001000000000
2.400000000000 -0.000952380952
2.400000000000 -0.000904761905
2.400000000000 -0.000857142857
2.400000000000 -0.000809523810
2.400000000000 -0.000761904762
2.400000000000 -0.000714285714
2.400000000000 -0.000666666667
2.400000000000 -0.000619047619
2.400000000000 -0.000571428571
2.400000000000 -0.000523809524
2.400000000000 -0.000476190476
2.400000000000 -0.000428571429
2.400000000000 -0.000380952381
2.400000000000 -0.000333333333
2.400000000000 -0.000285714286
2.400000000000 -0.000238095238
2.400000000000 -0.000190476190
2.400000000000 -0.000142857143
2.400000000000 -0.000095238095
2.400000000000 -0.000047619048
2.400000000000 0.000000000000
2.400000000000 0.000047619048
2.400000000000 0.000095238095
2.400000000000 0.000142857143
2.400000000000 0.000190476190
2.400000000000 0.000238095238
2.400000000000 0.000285714286
2.400000000000 0.000333333333
2.400000000000 0.000380952381
2.400000000000 0.000428571429
2.400000000000 0.000476190476
2.400000000000 0.000523809524
2.400000000000 0.000571428571
2.400000000000 0.000619047619
2.400000000000 0.000666666667
2.400000000000 0.000714285714
2.400000000000 0.000761904762
2.400000000000 0.000809523810
2.400000000000 0.000857142857
2.400000000000 0.000904761905
2.400000000000 0.000952380952
2.400000000000 0.001000000000
2.400000000000 0.001047619048
2.400000000000 0.001095238095
2.400000000000 0.001142857143
2.400000000000 0.001190476190
2.400000000000 0.001238095238
2.400000000000 0.001285714286
2.400000000000 0.001333333333
2.400000000000 0.001380952381
2.400000000000 0.001428571429
2.400000000000 0.001476190476
2.400000000000 0.001523809524
2.400000000000 0.001571428571
2.400000000000 0.001619047619
2.400000000000 0.001666666667
2.400000000000 0.001714285714
2.400000000000 0.001761904762
2.400000000000 0.001809523810
2.400000000000 0.001857142857
2.400000000000 0.001904761905
2.400000000000 0.001952380952
2.400000000000 0.002000000000
2.400000000000 0.035301637755
2.400000000000 0.073383623210
2.400000000000 0.113506188896
2.400000000000 0.155014146033
2.400000000000 0.197583672716
2.400000000000 0.241018748334
2.400000000000 0.285187080642
2.400000000000 0.329993002221
2.400000000000 0.375363924425
2.400000000000 0.421242780245
2.400000000000 0.467583462777
2.400000000000 0.514347903027
2.400000000000 0.561504108464
2.400000000000 0.609024795931
2.400000000000 0.656886408743
2.400000000000 0.705068391357
2.400000000000 0.753552642079
2.400000000000 0.802323092133
2.400000000000 0.851365376462
2.400000000000 0.900666572453
2.400000000000 0.950214989876
2.400000000000 1.000000000000
2.400000000000 1.466666666667
2.400000000000 1.933333333333
2.400000000000 2.400000000000
2.400000000000 2.866666666667
2.400000000000 3.333333333333
2.400000000000 3.800000000000
2.400000000000 4.266666666667
2.400000000000 4.733333333333
2.400000000000 5.200000000000
2.400000000000 5.666666666667
2.400000000000 6.133333333333
2.400000000000 6.600000000000
2.400000000000 7.066666666667
2.400000000000 7.533333333333
2.400000000000 8.000000000000
2.400000000000 10.000000000000
2.400000000000 12.000000000000
2.400000000000 14.000000000000
2.400000000000 16.000000000000
2.400000000000 18.000000000000
2.400000000000 20.000000000000
2.400000000000 22.000000000000
2.400000000000 24.000000000000
2.400000000000 30.000000000000
2.400000000000 36.000000000000
2.400000000000 42.000000000000
2.400000000000 48.000000000000
2.866666666667 -48.000000000000
2.866666666667 -42.000000000000
2.866666666667 -36.000000000000
2.866666666667 -30.000000000000
2.866666666667 -24.000000000000
2.866666666667 -22.000000000000
2.866666666667 -20.000000000000
2.866666666667 -18.000000000000
2.866666666667 -16.000000000000
2.866666666667 -14.000000000000
2.866666666667 -12.000000000000
2.866666666667 -10.000000000000
2.866666666667 -8.000000000000
2.866666666667 -7.533333333333
2.866666666667 -7.066666666667
2.866666666667 -6.600000000000
2.866666666667 -6.133333333333
2.866666666667 -5.666666666667
2.866666666667 -5.200000000000
2.866666666667 -4.733333333333
2.866666666667 -4.266666666667
2.866666666667 -3.800000000000
2.866666666667 -3.333333333333
2.866666666667 -2.866666666667
2.866666666667 -2.400000000000
2.866666666667 -1.933333333333
2.866666666667 -1.466666666667
2.866666666667 -1.000000000000
2.866666666667 -0.950214989876
2.866666666667 -0.900666572453
2.866666666667 -0.851365376462
2.866666666667 -0.802323092133
2.866666666667 -0.753552642079
2.866666666667 -0.705068391357
2.866666666667 -0.656886408743
2.866666666667 -0.609024795931
2.866666666667 -0.561504108464
2.866666666667 -0.514347903027
2.866666666667 -0.467583462777
2.866666666667 -0.421242780245
2.866666666667 -0.375363924425
2.866666666667 -0.329993002221
2.866666666667 -0.285187080642
2.866666666667 -0.241018748334
2.866666666667 -0.197583672716
2.866666666667 -0.155014146033
2.866666666667 -0.113506188896
2.866666666667 -0.073383623210
2.866666666667 -0.035301637755
2.866666666667 -0.002000000000
2.866666666667 -0.001952380952
2.866666666667 -0.001904761905
2.866666666667 -0.001857142857
2.866666666667 -0.001809523810
2.866666666667 -0.001761904762
2.866666666667 -0.001714285714
2.866666666667 -0.001666666667
2.866666666667 -0.001619047619
2.866666666667 -0.001571428571
2.866666666667 -0.001523809524
2.866666666667 -0.001476190476
2.866666666667 -0.001428571429
2.866666666667 -0.001380952381
2.866666666667 -0.001333333333
2.866666666667 -0.001285714286
2.866666666667 -0.001238095238
2.866666666667 -0.001190476190
2.866666666667 -0.001142857143
2.866666666667 -0.001095238095
2.866666666667 -0.001047619048
2.866666666667 -0.001000000000
2.866666666667 -0.000952380952
2.866666666667 -0.000904761905
2.866666666667 -0.000857142857
2.866666666667 -0.000809523810
2.866666666667 -0.000761904762
2.866666666667 -0.000714285714
2.866666666667 -0.000666666667
2.866666666667 -0.000619047619
2.866666666667 -0.000571428571
2.866666666667 -0.000523809524
2.866666666667 -0.000476190476
2.866666666667 -0.000428571429
2.866666666667 -0.000380952381
2.866666666667 -0.000333333333
2.866666666667 -0.000285714286
2.866666666667 -0.000238095238
2.866666666667 -0.000190476190
2.866666666667 -0.000142857143
2.866666666667 -0.000095238095
2.866666666667 -0.000047619048
2.866666666667 0.000000000000
2.866666666667 0.000047619048
2.866666666667 0.000095238095
2.866666666667 0.000142857143
2.866666666667 0.000190476190
2.866666666667 0.000238095238
2.866666666667 0.000285714286
2.866666666667 0.000333333333
2.866666666667 0.000380952381
2.866666666667 0.000428571429
2.866666666667 0.000476190476
2.866666666667 0.000523809524
2.866666666667 0.000571428571
2.866666666667 0.000619047619
2.866666666667 0.000666666667
2.866666666667 0.000714285714
2.866666666667 0.000761904762
2.866666666667 0.000809523810
2.866666666667 0.000857142857
2.866666666667 0.000904761905
2.866666666667 0.000952380952
2.866666666667 0.001000000000
2.866666666667 0.001047619048
2.866666666667 0.001095238095
2.866666666667 0.001142857143
2.866666666667 0.001190476190
2.866666666667 0.001238095238
2.866666666667 0.001285714286
2.866666666667 0.001333333333
2.866666666667 0.001380952381
2.866666666667 0.001428571429
2.866666666667 0.001476190476
2.866666666667 0.001523809524
2.866666666667 0.001571428571
2.866666666667 0.001619047619
2.866666666667 0.001666666667
2.866666666667 0.001714285714
2.866666666667 0.001761904762
2.866666666667 0.001809523810
2.866666666667 0.001857142857
2.866666666667 0.001904761905
2.866666666667 0.001952380952
2.866666666667 0.002000000000
2.866666666667 0.035301637755
2.866666666667 0.073383623210
2.866666666667 0.113506188896
2.866666666667 0.155014146033
2.866666666667 0.197583672716
2.866666666667 0.241018748334
2.866666666667 0.285187080642
2.866666666667 0.329993002221
2.866666666667 0.375363924425
2.866666666667 0.421242780245
2.866666666667 0.467583462777
2.866666666667 0.514347903027
2.866666666667 0.561504108464
2.866666666667 0.609024795931
2.866666666667 0.656886408743
2.866666666667 0.705068391357
2.866666666667 0.753552642079
2.866666666667 0.802323092133
2.866666666667 0.851365376462
2.866666666667 0.900666572453
2.866666666667 0.950214989876
2.866666666667 1.000000000000
2.866666666667 1.466666666667
2.866666666667 1.933333333333
2.866666666667 2.400000000000
2.866666666667 2.866666666667
2.866666666667 3.333333333333
2.866666666667 3.800000000000
2.866666666667 4.266666666667
2.866666666667 4.733333333333
2.866666666667 5.200000000000
2.866666666667 5.666666666667
2.866666666667 6.133333333333
2.866666666667 6.600000000000
2.866666666667 7.066666666667
2.866666666667 7.533333333333
2.866666666667 8.000000000000
2.866666666667 10.000000000000
2.866666666667 12.000000000000
2.866666666667 14.000000000000
2.866666666667 16.000000000000
2.866666666667 18.000000000000
2.866666666667 20.000000000000
2.866666666667 22.000000000000
2.866666666667 24.000000000000
2.866666666667 30.000000000000
2.866666666667 36.000000000000
2.866666666667 42.000000000000
2.866666666667 48.000000000000
3.333333333333 -48.000000000000
3.333333333333 -42.000000000000
3.333333333333 -36.000000000000
3.333333333333 -30.000000000000
3.333333333333 -24.000000000000
3.333333333333 -22.000000000000
3.333333333333 -20.000000000000
3.333333333333 -18.000000000000
3.333333333333 -16.000000000000
3.333333333333 -14.000000000000
3.333333333333 -12.000000000000
3.333333333333 -10.000000000000
3.333333333333 -8.000000000000
3.333333333333 -7.533333333333
3.333333333333 -7.066666666667
3.333333333333 -6.600000000000
3.333333333333 -6.133333333333
3.333333333333 -5.666666666667
3.333333333333 -5.200000000000
3.333333333333 -4.733333333333
3.333333333333 -4.266666666667
3.333333333333 -3.800000000000
3.333333333333 -3.333333333333
3.333333333333 -2.866666666667
3.333333333333 -2.400000000000
3.333333333333 -1.933333333333
3.333333333333 -1.466666666667
3.333333333333 -1.000000000000
3.333333333333 -0.950214989876
3.333333333333 -0.900666572453
3.333333333333 -0.851365376462
3.333333333333 -0.802323092133
3.333333333333 -0.753552642079
3.333333333333 -0.705068391357
3.333333333333 -0.656886408743
3.333333333333 -0.609024795931
3.333333333333 -0.561504108464
3.333333333333 -0.514347903027
3.333333333333 -0.467583462777
3.333333333333 -0.421242780245
3.333333333333 -0.375363924425
3.333333333333 -0.329993002221
3.333333333333 -0.285187080642
3.333333333333 -0.241018748334
3.333333333333 -0.197583672716
3.333333333333 -0.155014146033
3.333333333333 -0.113506188896
3.333333333333 -0.073383623210
3.333333333333 -0.035301637755
3.333333333333 -0.002000000000
3.333333333333 -0.001952380952
3.333333333333 -0.001904761905
3.333333333333 -0.001857142857
3.333333333333 -0.001809523810
3.333333333333 -0.001761904762
3.333333333333 -0.001714285714
3.333333333333 -0.001666666667
3.333333333333 -0.001619047619
3.333333333333 -0.001571428571
3.333333333333 -0.001523809524
3.333333333333 -0.001476190476
3.333333333333 -0.001428571429
3.333333333333 -0.001380952381
3.333333333333 -0.001333333333
3.333333333333 -0.001285714286
3.333333333333 -0.001238095238
3.333333333333 -0.001190476190
3.333333333333 -0.001142857143
3.333333333333 -0.001095238095
3.333333333333 -0.001047619048
3.333333333333 -0.001000000000
3.333333333333 -0.000952380952
3.333333333333 -0.000904761905
3.333333333333 -0.000857142857
3.333333333333 -0.000809523810
3.333333333333 -0.000761904762
3.333333333333 -0.000714285714
3.333333333333 -0.000666666667
3.333333333333 -0.000619047619
3.333333333333 -0.000571428571
3.333333333333 -0.000523809524
3.333333333333 -0.000476190476
3.333333333333 -0.000428571429
3.333333333333 -0.000380952381
3.333333333333 -0.000333333333
3.333333333333 -0.000285714286
3.333333333333 -0.000238095238
3.333333333333 -0.000190476190
3.333333333333 -0.000142857143
3.333333333333 -0.000095238095
3.333333333333 -0.000047619048
3.333333333333 0.000000000000
3.333333333333 0.000047619048
3.333333333333 0.000095238095
3.333333333333 0.000142857143
3.333333333333 0.000190476190
3.333333333333 0.000238095238
3.333333333333 0.000285714286
3.333333333333 0.000333333333
3.333333333333 0.000380952381
3.333333333333 0.000428571429
3.333333333333 0.000476190476
3.333333333333 0.000523809524
3.333333333333 0.000571428571
3.333333333333 0.000619047619
3.333333333333 0.000666666667
3.333333333333 0.000714285714
3.333333333333 0.000761904762
3.333333333333 0.000809523810
3.333333333333 0.000857142857
3.333333333333 0.000904761905
3.333333333333 0.000952380952
3.333333333333 0.001000000000
3.333333333333 0.001047619048
3.333333333333 0.001095238095
3.333333333333 0.001142857143
3.333333333333 0.001190476190
3.333333333333 0.001238095238
3.333333333333 0.001285714286
3.333333333333 0.001333333333
3.333333333333 0.001380952381
3.333333333333 0.001428571429
3.333333333333 0.001476190476
3.333333333333 0.001523809524
3.333333333333 0.001571428571
3.333333333333 0.001619047619
3.333333333333 0.001666666667
3.333333333333 0.001714285714
3.333333333333 0.001761904762
3.333333333333 0.001809523810
3.333333333333 0.001857142857
3.333333333333 0.001904761905
3.333333333333 0.001952380952
3.333333333333 0.002000000000
3.333333333333 0.035301637755
3.333333333333 0.073383623210
3.333333333333 0.113506188896
3.333333333333 0.155014146033
3.333333333333 0.197583672716
3.333333333333 0.241018748334
3.333333333333 0.285187080642
3.333333333333 0.329993002221
3.333333333333 0.375363924425
3.333333333333 0.421242780245
3.333333333333 0.467583462777
3.333333333333 0.514347903027
3.333333333333 0.561504108464
3.333333333333 0.609024795931
3.333333333333 0.656886408743
3.333333333333 0.705068391357
3.333333333333 0.753552642079
3.333333333333 0.802323092133
3.333333333333 0.851365376462
3.333333333333 0.900666572453
3.333333333333 0.950214989876
3.333333333333 1.000000000000
3.333333333333 1.466666666667
3.333333333333 1.933333333333
3.333333333333 2.400000000000
3.333333333333 2.866666666667
3.333333333333 3.333333333333
3.333333333333 3.800000000000
3.333333333333 4.266666666667
3.333333333333 4.733333333333
3.333333333333 5.200000000000
3.333333333333 5.666666666667
3.333333333333 6.133333333333
3.333333333333 6.600000000000
3.333333333333 7.066666666667
3.333333333333 7.533333333333
3.333333333333 8.000000000000
3.333333333333 10.000000000000
3.333333333333 12.000000000000
3.333333333333 14.000000000000
3.333333333333 16.000000000000
3.333333333333 18.000000000000
3.333333333333 20.000000000000
3.333333333333 22.000000000000
3.333333333333 24.000000000000
3.333333333333 30.000000000000
3.333333333333 36.000000000000
3.333333333333 42.000000000000
3.333333333333 48.000000000000
3.800000000000 -48.000000000000
3.800000000000 -42.000000000000
3.800000000000 -36.000000000000
3.800000000000 -30.000000000000
3.800000000000 -24.000000000000
3.800000000000 -22.000000000000
3.800000000000 -20.000000000000
3.800000000000 -18.000000000000
3.800000000000 -16.000000000000
3.800000000000 -14.000000000000
3.800000000000 -12.000000000000
3.800000000000 -10.000000000000
3.800000000000 -8.000000000000
3.800000000000 -7.533333333333
3.800000000000 -7.066666666667
3.800000000000 -6.600000000000
3.800000000000 -6.133333333333
3.800000000000 -5.666666666667
3.800000000000 -5.200000000000
3.800000000000 -4.733333333333
3.800000000000 -4.266666666667
3.800000000000 -3.800000000000
3.800000000000 -3.333333333333
3.800000000000 -2.866666666667
3.800000000000 -2.400000000000
3.800000000000 -1.933333333333
3.800000000000 -1.466666666667
3.800000000000 -1.000000000000
3.800000000000 -0.950214989876
3.800000000000 -0.900666572453
3.800000000000 -0.851365376462
3.800000000000 -0.802323092133
3.800000000000 -0.753552642079
3.800000000000 -0.705068391357
3.800000000000 -0.656886408743
3.800000000000 -0.609024795931
3.800000000000 -0.561504108464
3.800000000000 -0.514347903027
3.800000000000 -0.467583462777
3.800000000000 -0.421242780245
3.800000000000 -0.375363924425
3.800000000000 -0.329993002221
3.800000000000 -0.285187080642
3.800000000000 -0.241018748334
3.800000000000 -0.197583672716
3.800000000000 -0.155014146033
3.800000000000 -0.113506188896
3.800000000000 -0.073383623210
3.800000000000 -0.035301637755
3.800000000000 -0.002000000000
3.800000000000 -0.001952380952
3.800000000000 -0.001904761905
3.800000000000 -0.001857142857
3.800000000000 -0.001809523810
3.800000000000 -0.001761904762
3.800000000000 -0.001714285714
3.800000000000 -0.001666666667
3.800000000000 -0.001619047619
3.800000000000 -0.001571428571
3.800000000000 -0.001523809524
3.800000000000 -0.001476190476
3.800000000000 -0.001428571429
3.800000000000 -0.001380952381
3.800000000000 -0.001333333333
3.800000000000 -0.001285714286
3.800000000000 -0.001238095238
3.800000000000 -0.001190476190
3.800000000000 -0.001142857143
3.800000000000 -0.001095238095
3.800000000000 -0.001047619048
3.800000000000 -0.001000000000
3.800000000000 -0.000952380952
3.800000000000 -0.000904761905
3.800000000000 -0.000857142857
3.800000000000 -0.000809523810
3.800000000000 -0.000761904762
3.800000000000 -0.000714285714
3.800000000000 -0.000666666667
3.800000000000 -0.000619047619
3.800000000000 -0.000571428571
3.800000000000 -0.000523809524
3.800000000000 -0.000476190476
3.800000000000 -0.000428571429
3.800000000000 -0.000380952381
3.800000000000 -0.000333333333
3.800000000000 -0.000285714286
3.800000000000 -0.000238095238
3.800000000000 -0.000190476190
3.800000000000 -0.000142857143
3.800000000000 -0.000095238095
3.800000000000 -0.000047619048
3.800000000000 0.000000000000
3.800000000000 0.000047619048
3.800000000000 0.000095238095
3.800000000000 0.000142857143
3.800000000000 0.000190476190
3.800000000000 0.000238095238
3.800000000000 0.000285714286
3.800000000000 0.000333333333
3.800000000000 0.000380952381
3.800000000000 0.000428571429
3.800000000000 0.000476190476
3.800000000000 0.000523809524
3.800000000000 0.000571428571
3.800000000000 0.000619047619
3.800000000000 0.000666666667
3.800000000000 0.000714285714
3.800000000000 0.000761904762
3.800000000000 0.000809523810
3.800000000000 0.000857142857
3.800000000000 0.000904761905
3.800000000000 0.000952380952
3.800000000000 0.001000000000
3.800000000000 0.001047619048
3.800000000000 0.001095238095
3.800000000000 0.001142857143
3.800000000000 0.001190476190
3.800000000000 0.001238095238
3.800000000000 0.001285714286
3.800000000000 0.001333333333
3.800000000000 0.001380952381
3.800000000000 0.001428571429
3.800000000000 0.001476190476
3.800000000000 0.001523809524
3.800000000000 0.001571428571
3.800000000000 0.001619047619
3.800000000000 0.001666666667
3.800000000000 0.001714285714
3.800000000000 0.001761904762
3.800000000000 0.001809523810
3.800000000000 0.001857142857
3.800000000000 0.001904761905
3.800000000000 0.001952380952
3.800000000000 0.002000000000
3.800000000000 0.035301637755
3.800000000000 0.073383623210
3.800000000000 0.113506188896
3.800000000000 0.155014146033
3.800000000000 0.197583672716
3.800000000000 0.241018748334
3.800000000000 0.285187080642
3.800000000000 0.329993002221
3.800000000000 0.375363924425
3.800000000000 0.421242780245
3.800000000000 0.467583462777
3.800000000000 0.514347903027
3.800000000000 0.561504108464
3.800000000000 0.609024795931
3.800000000000 0.656886408743
3.800000000000 0.705068391357
3.800000000000 0.753552642079
3.800000000000 0.802323092133
3.800000000000 0.851365376462
3.800000000000 0.900666572453
3.800000000000 0.950214989876
3.800000000000 1.000000000000
3.800000000000 1.466666666667
3.800000000000 1.933333333333
3.800000000000 2.400000000000
3.800000000000 2.866666666667
3.800000000000 3.333333333333
3.800000000000 3.800000000000
3.800000000000 4.266666666667
3.800000000000 4.733333333333
3.800000000000 5.200000000000
3.800000000000 5.666666666667
3.800000000000 6.133333333333
3.800000000000 6.600000000000
3.800000000000 7.066666666667
3.800000000000 7.533333333333
3.800000000000 8.000000000000
3.800000000000 10.000000000000
3.800000000000 12.000000000000
3.800000000000 14.000000000000
3.800000000000 16.000000000000
3.800000000000 18.000000000000
3.800000000000 20.000000000000
3.800000000000 22.000000000000
3.800000000000 24.000000000000
3.800000000000 30.000000000000
3.800000000000 36.000000000000
3.800000000000 42.000000000000
3.800000000000 48.000000000000
4.266666666667 -48.000000000000
4.266666666667 -42.000000000000
4.266666666667 -36.000000000000
4.266666666667 -30.000000000000
4.266666666667 -24.000000000000
4.266666666667 -22.000000000000
4.266666666667 -20.000000000000
4.266666666667 -18.000000000000
4.266666666667 -16.000000000000
4.266666666667 -14.000000000000
4.266666666667 -12.000000000000
4.266666666667 -10.000000000000
4.266666666667 -8.000000000000
4.266666666667 -7.533333333333
4.266666666667 -7.066666666667
4.266666666667 -6.600000000000
4.266666666667 -6.133333333333
4.266666666667 -5.666666666667
4.266666666667 -5.200000000000
4.266666666667 -4.733333333333
4.266666666667 -4.266666666667
4.266666666667 -3.800000000000
4.266666666667 -3.333333333333
4.266666666667 -2.866666666667
4.266666666667 -2.400000000000
4.266666666667 -1.933333333333
4.266666666667 -1.466666666667
4.266666666667 -1.000000000000
4.266666666667 -0.950214989876
4.266666666667 -0.900666572453
4.266666666667 -0.851365376462
4.266666666667 -0.802323092133
4.266666666667 -0.753552642079
4.266666666667 -0.705068391357
4.266666666667 -0.656886408743
4.266666666667 -0.609024795931
4.266666666667 -0.561504108464
4.266666666667 -0.514347903027
4.266666666667 -0.467583462777
4.266666666667 -0.421242780245
4.266666666667 -0.375363924425
4.266666666667 -0.329993002221
4.266666666667 -0.285187080642
4.266666666667 -0.241018748334
4.266666666667 -0.197583672716
4.266666666667 -0.155014146033
4.266666666667 -0.113506188896
4.266666666667 -0.073383623210
4.266666666667 -0.035301637755
4.266666666667 -0.002000000000
4.266666666667 -0.001952380952
4.266666666667 -0.001904761905
4.266666666667 -0.001857142857
4.266666666667 -0.001809523810
4.266666666667 -0.001761904762
4.266666666667 -0.001714285714
4.266666666667 -0.001666666667
4.266666666667 -0.001619047619
4.266666666667 -0.001571428571
4.266666666667 -0.001523809524
4.266666666667 -0.001476190476
4.266666666667 -0.001428571429
4.266666666667 -0.001380952381
4.266666666667 -0.001333333333
4.266666666667 -0.001285714286
4.266666666667 -0.001238095238
4.266666666667 -0.001190476190
4.266666666667 -0.001142857143
4.266666666667 -0.001095238095
4.266666666667 -0.001047619048
4.266666666667 -0.001000000000
4.266666666667 -0.000952380952
4.266666666667 -0.000904761905
4.266666666667 -0.000857142857
4.266666666667 -0.000809523810
4.266666666667 -0.000761904762
4.266666666667 -0.000714285714
4.266666666667 -0.000666666667
4.266666666667 -0.000619047619
4.266666666667 -0.000571428571
4.266666666667 -0.000523809524
4.266666666667 -0.000476190476
4.266666666667 -0.000428571429
4.266666666667 -0.000380952381
4.266666666667 -0.000333333333
4.266666666667 -0.000285714286
4.266666666667 -0.000238095238
4.266666666667 -0.000190476190
4.266666666667 -0.000142857143
4.266666666667 -0.000095238095
4.266666666667 -0.000047619048
4.266666666667 0.000000000000
4.266666666667 0.000047619048
4.266666666667 0.000095238095
4.266666666667 0.000142857143
4.266666666667 0.000190476190
4.266666666667 0.000238095238
4.266666666667 0.000285714286
4.266666666667 0.000333333333
4.266666666667 0.000380952381
4.266666666667 0.000428571429
4.266666666667 0.000476190476
4.266666666667 0.000523809524
4.266666666667 0.000571428571
4.266666666667 0.000619047619
4.266666666667 0.000666666667
4.266666666667 0.000714285714
4.266666666667 0.000761904762
4.266666666667 0.000809523810
4.266666666667 0.000857142857
4.266666666667 0.000904761905
4.266666666667 0.000952380952
4.266666666667 0.001000000000
4.266666666667 0.001047619048
4.266666666667 0.001095238095
4.266666666667 0.001142857143
4.266666666667 0.001190476190
4.266666666667 0.001238095238
4.266666666667 0.001285714286
4.266666666667 0.001333333333
4.266666666667 0.001380952381
4.266666666667 0.001428571429
4.266666666667 0.001476190476
4.266666666667 0.001523809524
4.266666666667 0.001571428571
4.266666666667 0.001619047619
4.266666666667 0.001666666667
4.266666666667 0.001714285714
4.266666666667 0.001761904762
4.266666666667 0.001809523810
4.266666666667 0.001857142857
4.266666666667 0.001904761905
4.266666666667 0.001952380952
4.266666666667 0.002000000000
4.266666666667 0.035301637755
4.266666666667 0.073383623210
4.266666666667 0.113506188896
4.266666666667 0.155014146033
4.266666666667 0.197583672716
4.266666666667 0.241018748334
4.266666666667 0.285187080642
4.266666666667 0.329993002221
4.266666666667 0.375363924425
4.266666666667 0.421242780245
4.266666666667 0.467583462777
4.266666666667 0.514347903027
4.266666666667 0.561504108464
4.266666666667 0.609024795931
4.266666666667 0.656886408743
4.266666666667 0.705068391357
4.266666666667 0.753552642079
4.266666666667 0.802323092133
4.266666666667 0.851365376462
4.266666666667 0.900666572453
4.266666666667 0.950214989876
4.266666666667 1.000000000000
4.266666666667 1.466666666667
4.266666666667 1.933333333333
4.266666666667 2.400000000000
4.266666666667 2.866666666667
4.266666666667 3.333333333333
4.266666666667 3.800000000000
4.266666666667 4.266666666667
4.266666666667 4.733333333333
4.266666666667 5.200000000000
4.266666666667 5.666666666667
4.266666666667 6.133333333333
4.266666666667 6.600000000000
4.266666666667 7.066666666667
4.266666666667 7.533333333333
4.266666666667 8.000000000000
4.266666666667 10.000000000000
4.266666666667 12.000000000000
4.266666666667 14.000000000000
4.266666666667 16.000000000000
4.266666666667 18.000000000000
4.266666666667 20.000000000000
4.266666666667 22.000000000000
4.266666666667 24.000000000000
4.266666666667 30.000000000000
4.266666666667 36.000000000000
4.266666666667 42.000000000000
4.266666666667 48.000000000000
4.733333333333 -48.000000000000
4.733333333333 -42.000000000000
4.733333333333 -36.000000000000
4.733333333333 -30.000000000000
4.733333333333 -24.000000000000
4.733333333333 -22.000000000000
4.733333333333 -20.000000000000
4.733333333333 -18.000000000000
4.733333333333 -16.000000000000
4.733333333333 -14.000000000000
4.733333333333 -12.000000000000
4.733333333333 -10.000000000000
4.733333333333 -8.000000000000
4.733333333333 -7.533333333333
4.733333333333 -7.066666666667
4.733333333333 -6.600000000000
4.733333333333 -6.133333333333
4.733333333333 -5.666666666667
4.733333333333 -5.200000000000
4.733333333333 -4.733333333333
4.733333333333 -4.266666666667
4.733333333333 -3.800000000000
4.733333333333 -3.333333333333
4.733333333333 -2.866666666667
4.733333333333 -2.400000000000
4.733333333333 -1.933333333333
4.733333333333 -1.466666666667
4.733333333333 -1.000000000000
4.733333333333 -0.950214989876
4.733333333333 -0.900666572453
4.733333333333 -0.851365376462
4.733333333333 -0.802323092133
4.733333333333 -0.753552642079
4.733333333333 -0.705068391357
4.733333333333 -0.656886408743
4.733333333333 -0.609024795931
4.733333333333 -0.561504108464
4.733333333333 -0.514347903027
4.733333333333 -0.467583462777
4.733333333333 -0.421242780245
4.733333333333 -0.375363924425
4.733333333333 -0.329993002221
4.733333333333 -0.285187080642
4.733333333333 -0.241018748334
4.733333333333 -0.197583672716
4.733333333333 -0.155014146033
4.733333333333 -0.113506188896
4.733333333333 -0.073383623210
4.733333333333 -0.035301637755
4.733333333333 -0.002000000000
4.733333333333 -0.001952380952
4.733333333333 -0.001904761905
4.733333333333 -0.001857142857
4.733333333333 -0.001809523810
4.733333333333 -0.001761904762
4.733333333333 -0.001714285714
4.733333333333 -0.001666666667
4.733333333333 -0.001619047619
4.733333333333 -0.001571428571
4.733333333333 -0.001523809524
4.733333333333 -0.001476190476
4.733333333333 -0.001428571429
4.733333333333 -0.001380952381
4.733333333333 -0.001333333333
4.733333333333 -0.001285714286
4.733333333333 -0.001238095238
4.733333333333 -0.001190476190
4.733333333333 -0.001142857143
4.733333333333 -0.001095238095
4.733333333333 -0.001047619048
4.733333333333 -0.001000000000
4.733333333333 -0.000952380952
4.733333333333 -0.000904761905
4.733333333333 -0.000857142857
4.733333333333 -0.000809523810
4.733333333333 -0.000761904762
4.733333333333 -0.000714285714
4.733333333333 -0.000666666667
4.733333333333 -0.000619047619
4.733333333333 -0.000571428571
4.733333333333 -0.000523809524
4.733333333333 -0.000476190476
4.733333333333 -0.000428571429
4.733333333333 -0.000380952381
4.733333333333 -0.000333333333
4.733333333333 -0.000285714286
4.733333333333 -0.000238095238
4.733333333333 -0.000190476190
4.733333333333 -0.000142857143
4.733333333333 -0.000095238095
4.733333333333 -0.000047619048
4.733333333333 0.000000000000
4.733333333333 0.000047619048
4.733333333333 0.000095238095
4.733333333333 0.000142857143
4.733333333333 0.000190476190
4.733333333333 0.000238095238
4.733333333333 0.000285714286
4.733333333333 0.000333333333
4.733333333333 0.000380952381
4.733333333333 0.000428571429
4.733333333333 0.000476190476
4.733333333333 0.000523809524
4.733333333333 0.000571428571
4.733333333333 0.000619047619
4.733333333333 0.000666666667
4.733333333333 0.000714285714
4.733333333333 0.000761904762
4.733333333333 0.000809523810
4.733333333333 0.000857142857
4.733333333333 0.000904761905
4.733333333333 0.000952380952
4.733333333333 0.001000000000
4.733333333333 0.001047619048
4.733333333333 0.001095238095
4.733333333333 0.001142857143
4.733333333333 0.001190476190
4.733333333333 0.001238095238
4.733333333333 0.001285714286
4.733333333333 0.001333333333
4.733333333333 0.001380952381
4.733333333333 0.001428571429
4.733333333333 0.001476190476
4.733333333333 0.001523809524
4.733333333333 0.001571428571
4.733333333333 0.001619047619
4.733333333333 0.001666666667
4.733333333333 0.001714285714
4.733333333333 0.001761904762
4.733333333333 0.001809523810
4.733333333333 0.001857142857
4.733333333333 0.001904761905
4.733333333333 0.001952380952
4.733333333333 0.002000000000
4.733333333333 0.035301637755
4.733333333333 0.073383623210
4.733333333333 0.113506188896
4.733333333333 0.155014146033
4.733333333333 0.197583672716
4.733333333333 0.241018748334
4.733333333333 0.285187080642
4.733333333333 0.329993002221
4.733333333333 0.375363924425
4.733333333333 0.421242780245
4.733333333333 0.467583462777
4.733333333333 0.514347903027
4.733333333333 0.561504108464
4.733333333333 0.609024795931
4.733333333333 0.656886408743
4.733333333333 0.705068391357
4.733333333333 0.753552642079
4.733333333333 0.802323092133
4.733333333333 0.851365376462
4.733333333333 0.900666572453
4.733333333333 0.950214989876
4.733333333333 1.000000000000
4.733333333333 1.466666666667
4.733333333333 1.933333333333
4.733333333333 2.400000000000
4.733333333333 2.866666666667
4.733333333333 3.333333333333
4.733333333333 3.800000000000
4.733333333333 4.266666666667
4.733333333333 4.733333333333
4.733333333333 5.200000000000
4.733333333333 5.666666666667
4.733333333333 6.133333333333
4.733333333333 6.600000000000
4.733333333333 7.066666666667
4.733333333333 7.533333333333
4.733333333333 8.000000000000
4.733333333333 10.000000000000
4.733333333333 12.000000000000
4.733333333333 14.000000000000
4.733333333333 16.000000000000
4.733333333333 18.000000000000
4.733333333333 20.000000000000
4.733333333333 22.000000000000
4.733333333333 24.000000000000
4.733333333333 30.000000000000
4.733333333333 36.000000000000
4.733333333333 42.000000000000
4.733333333333 48.000000000000
5.200000000000 -48.000000000000
5.200000000000 -42.000000000000
5.200000000000 -36.000000000000
5.200000000000 -30.000000000000
5.200000000000 -24.000000000000
5.200000000000 -22.000000000000
5.200000000000 -20.000000000000
5.200000000000 -18.000000000000
5.200000000000 -16.000000000000
5.200000000000 -14.000000000000
5.200000000000 -12.000000000000
5.200000000000 -10.000000000000
5.200000000000 -8.000000000000
5.200000000000 -7.533333333333
5.200000000000 -7.066666666667
5.200000000000 -6.600000000000
5.200000000000 -6.133333333333
5.200000000000 -5.666666666667
5.200000000000 -5.200000000000
5.200000000000 -4.733333333333
5.200000000000 -4.266666666667
5.200000000000 -3.800000000000
5.200000000000 -3.333333333333
5.200000000000 -2.866666666667
5.200000000000 -2.400000000000
5.200000000000 -1.933333333333
5.200000000000 -1.466666666667
5.200000000000 -1.000000000000
5.200000000000 -0.950214989876
5.200000000000 -0.900666572453
5.200000000000 -0.851365376462
5.200000000000 -0.802323092133
5.200000000000 -0.753552642079
5.200000000000 -0.705068391357
5.200000000000 -0.656886408743
5.200000000000 -0.609024795931
5.200000000000 -0.561504108464
5.200000000000 -0.514347903027
5.200000000000 -0.467583462777
5.200000000000 -0.421242780245
5.200000000000 -0.375363924425
5.200000000000 -0.329993002221
5.200000000000 -0.285187080642
5.200000000000 -0.241018748334
5.200000000000 -0.197583672716
5.200000000000 -0.155014146033
5.200000000000 -0.113506188896
5.200000000000 -0.073383623210
5.200000000000 -0.035301637755
5.200000000000 -0.002000000000
5.200000000000 -0.001952380952
5.200000000000 -0.001904761905
5.200000000000 -0.001857142857
5.200000000000 -0.001809523810
5.200000000000 -0.001761904762
5.200000000000 -0.001714285714
5.200000000000 -0.001666666667
5.200000000000 -0.001619047619
5.200000000000 -0.001571428571
5.200000000000 -0.001523809524
5.200000000000 -0.001476190476
5.200000000000 -0.001428571429
5.200000000000 -0.001380952381
5.200000000000 -0.001333333333
5.200000000000 -0.001285714286
5.200000000000 -0.001238095238
5.200000000000 -0.001190476190
5.200000000000 -0.001142857143
5.200000000000 -0.001095238095
5.200000000000 -0.001047619048
5.200000000000 -0.001000000000
5.200000000000 -0.000952380952
5.200000000000 -0.000904761905
5.200000000000 -0.000857142857
5.200000000000 -0.000809523810
5.200000000000 -0.000761904762
5.200000000000 -0.000714285714
5.200000000000 -0.000666666667
5.200000000000 -0.000619047619
5.200000000000 -0.000571428571
5.200000000000 -0.000523809524
5.200000000000 -0.000476190476
5.200000000000 -0.000428571429
5.200000000000 -0.000380952381
5.200000000000 -0.000333333333
5.200000000000 -0.000285714286
5.200000000000 -0.000238095238
5.200000000000 -0.000190476190
5.200000000000 -0.000142857143
5.200000000000 -0.000095238095
5.200000000000 -0.000047619048
5.200000000000 0.000000000000
5.200000000000 0.000047619048
5.200000000000 0.000095238095
5.200000000000 0.000142857143
5.200000000000 0.000190476190
5.200000000000 0.000238095238
5.200000000000 0.000285714286
5.200000000000 0.000333333333
5.200000000000 0.000380952381
5.200000000000 0.000428571429
5.200000000000 0.000476190476
5.200000000000 0.000523809524
5.200000000000 0.000571428571
5.200000000000 0.000619047619
5.200000000000 0.000666666667
5.200000000000 0.000714285714
5.200000000000 0.000761904762
5.200000000000 0.000809523810
5.200000000000 0.000857142857
5.200000000000 0.000904761905
5.200000000000 0.000952380952
5.200000000000 0.001000000000
5.200000000000 0.001047619048
5.200000000000 0.001095238095
5.200000000000 0.001142857143
5.200000000000 0.001190476190
5.200000000000 0.001238095238
5.200000000000 0.001285714286
5.200000000000 0.001333333333
5.200000000000 0.001380952381
5.200000000000 0.001428571429
5.200000000000 0.001476190476
5.200000000000 0.001523809524
5.200000000000 0.001571428571
5.200000000000 0.001619047619
5.200000000000 0.001666666667
5.200000000000 0.001714285714
5.200000000000 0.001761904762
5.200000000000 0.001809523810
5.200000000000 0.001857142857
5.200000000000 0.001904761905
5.200000000000 0.001952380952
5.200000000000 0.002000000000
5.200000000000 0.035301637755
5.200000000000 0.073383623210
5.200000000000 0.113506188896
5.200000000000 0.155014146033
5.200000000000 0.197583672716
5.200000000000 0.241018748334
5.200000000000 0.285187080642
5.200000000000 0.329993002221
5.200000000000 0.375363924425
5.200000000000 0.421242780245
5.200000000000 0.467583462777
5.200000000000 0.514347903027
5.200000000000 0.561504108464
5.200000000000 0.609024795931
5.200000000000 0.656886408743
5.200000000000 0.705068391357
5.200000000000 0.753552642079
5.200000000000 0.802323092133
5.200000000000 0.851365376462
5.200000000000 0.900666572453
5.200000000000 0.950214989876
5.200000000000 1.000000000000
5.200000000000 1.466666666667
5.200000000000 1.933333333333
5.200000000000 2.400000000000
5.200000000000 2.866666666667
5.200000000000 3.333333333333
5.200000000000 3.800000000000
5.200000000000 4.266666666667
5.200000000000 4.733333333333
5.200000000000 5.200000000000
5.200000000000 5.666666666667
5.200000000000 6.133333333333
5.200000000000 6.600000000000
5.200000000000 7.066666666667
5.200000000000 7.533333333333
5.200000000000 8.000000000000
5.200000000000 10.000000000000
5.200000000000 12.000000000000
5.200000000000 14.000000000000
5.200000000000 16.000000000000
5.200000000000 18.000000000000
5.200000000000 20.000000000000
5.200000000000 22.000000000000
5.200000000000 24.000000000000
5.200000000000 30.000000000000
5.200000000000 36.000000000000
5.200000000000 42.000000000000
5.200000000000 48.000000000000
5.666666666667 -48.000000000000
5.666666666667 -42.000000000000
5.666666666667 -36.000000000000
5.666666666667 -30.000000000000
5.666666666667 -24.000000000000
5.666666666667 -22.000000000000
5.666666666667 -20.000000000000
5.666666666667 -18.000000000000
5.666666666667 -16.000000000000
5.666666666667 -14.000000000000
5.666666666667 -12.000000000000
5.666666666667 -10.000000000000
5.666666666667 -8.000000000000
5.666666666667 -7.533333333333
5.666666666667 -7.066666666667
5.666666666667 -6.600000000000
5.666666666667 -6.133333333333
5.666666666667 -5.666666666667
5.666666666667 -5.200000000000
5.666666666667 -4.733333333333
5.666666666667 -4.266666666667
5.666666666667 -3.800000000000
5.666666666667 -3.333333333333
5.666666666667 -2.866666666667
5.666666666667 -2.400000000000
5.666666666667 -1.933333333333
5.666666666667 -1.466666666667
5.666666666667 -1.000000000000
5.666666666667 -0.950214989876
5.666666666667 -0.900666572453
5.666666666667 -0.851365376462
5.666666666667 -0.802323092133
5.666666666667 -0.753552642079
5.666666666667 -0.705068391357
5.666666666667 -0.656886408743
5.666666666667 -0.609024795931
5.666666666667 -0.561504108464
5.666666666667 -0.514347903027
5.666666666667 -0.467583462777
5.666666666667 -0.421242780245
5.666666666667 -0.375363924425
5.666666666667 -0.329993002221
5.666666666667 -0.285187080642
5.666666666667 -0.241018748334
5.666666666667 -0.197583672716
5.666666666667 -0.155014146033
5.666666666667 -0.113506188896
5.666666666667 -0.073383623210
5.666666666667 -0.035301637755
5.666666666667 -0.002000000000
5.666666666667 -0.001952380952
5.666666666667 -0.001904761905
5.666666666667 -0.001857142857
5.666666666667 -0.001809523810
5.666666666667 -0.001761904762
5.666666666667 -0.001714285714
5.666666666667 -0.001666666667
5.666666666667 -0.001619047619
5.666666666667 -0.001571428571
5.666666666667 -0.001523809524
5.666666666667 -0.001476190476
5.666666666667 -0.001428571429
5.666666666667 -0.001380952381
5.666666666667 -0.001333333333
5.666666666667 -0.001285714286
5.666666666667 -0.001238095238
5.666666666667 -0.001190476190
5.666666666667 -0.001142857143
5.666666666667 -0.001095238095
5.666666666667 -0.001047619048
5.666666666667 -0.001000000000
5.666666666667 -0.000952380952
5.666666666667 -0.000904761905
5.666666666667 -0.000857142857
5.666666666667 -0.000809523810
5.666666666667 -0.000761904762
5.666666666667 -0.000714285714
5.666666666667 -0.000666666667
5.666666666667 -0.000619047619
5.666666666667 -0.000571428571
5.666666666667 -0.000523809524
5.666666666667 -0.000476190476
5.666666666667 -0.000428571429
5.666666666667 -0.000380952381
5.666666666667 -0.000333333333
5.666666666667 -0.000285714286
5.666666666667 -0.000238095238
5.666666666667 -0.000190476190
5.666666666667 -0.000142857143
5.666666666667 -0.000095238095
5.666666666667 -0.000047619048
5.666666666667 0.000000000000
5.666666666667 0.000047619048
5.666666666667 0.000095238095
5.666666666667 0.000142857143
5.666666666667 0.000190476190
5.666666666667 0.000238095238
5.666666666667 0.000285714286
5.666666666667 0.000333333333
5.666666666667 0.000380952381
5.666666666667 0.000428571429
5.666666666667 0.000476190476
5.666666666667 0.000523809524
5.666666666667 0.000571428571
5.666666666667 0.000619047619
5.666666666667 0.000666666667
5.666666666667 0.000714285714
5.666666666667 0.000761904762
5.666666666667 0.000809523810
5.666666666667 0.000857142857
5.666666666667 0.000904761905
5.666666666667 0.000952380952
5.666666666667 0.001000000000
5.666666666667 0.001047619048
5.666666666667 0.001095238095
5.666666666667 0.001142857143
5.666666666667 0.001190476190
5.666666666667 0.001238095238
5.666666666667 0.001285714286
5.666666666667 0.001333333333
5.666666666667 0.001380952381
5.666666666667 0.001428571429
5.666666666667 0.001476190476
5.666666666667 0.001523809524
5.666666666667 0.001571428571
5.666666666667 0.001619047619
5.666666666667 0.001666666667
5.666666666667 0.001714285714
5.666666666667 0.001761904762
5.666666666667 0.001809523810
5.666666666667 0.001857142857
5.666666666667 0.001904761905
5.666666666667 0.001952380952
5.666666666667 0.002000000000
5.666666666667 0.035301637755
5.666666666667 0.073383623210
5.666666666667 0.113506188896
5.666666666667 0.155014146033
5.666666666667 0.197583672716
5.666666666667 0.241018748334
5.666666666667 0.285187080642
5.666666666667 0.329993002221
5.666666666667 0.375363924425
5.666666666667 0.421242780245
5.666666666667 0.467583462777
5.666666666667 0.514347903027
5.666666666667 0.561504108464
5.666666666667 0.609024795931
5.666666666667 0.656886408743
5.666666666667 0.705068391357
5.666666666667 0.753552642079
5.666666666667 0.802323092133
5.666666666667 0.851365376462
5.666666666667 0.900666572453
5.666666666667 0.950214989876
5.666666666667 1.000000000000
5.666666666667 1.466666666667
5.666666666667 1.933333333333
5.666666666667 2.400000000000
5.666666666667 2.866666666667
5.666666666667 3.333333333333
5.666666666667 3.800000000000
5.666666666667 4.266666666667
5.666666666667 4.733333333333
5.666666666667 5.200000000000
5.666666666667 5.666666666667
5.666666666667 6.133333333333
5.666666666667 6.600000000000
5.666666666667 7.066666666667
5.666666666667 7.533333333333
5.666666666667 8.000000000000
5.666666666667 10.000000000000
5.666666666667 12.000000000000
5.666666666667 14.000000000000
5.666666666667 16.000000000000
5.666666666667 18.000000000000
5.666666666667 20.000000000000
5.666666666667 22.000000000000
5.666666666667 24.000000000000
5.666666666667 30.000000000000
5.666666666667 36.000000000000
5.666666666667 42.000000000000
5.666666666667 48.000000000000
6.133333333333 -48.000000000000
6.133333333333 -42.000000000000
6.133333333333 -36.000000000000
6.133333333333 -30.000000000000
6.133333333333 -24.000000000000
6.133333333333 -22.000000000000
6.133333333333 -20.000000000000
6.133333333333 -18.000000000000
6.133333333333 -16.000000000000
6.133333333333 -14.000000000000
6.133333333333 -12.000000000000
6.133333333333 -10.000000000000
6.133333333333 -8.000000000000
6.133333333333 -7.533333333333
6.133333333333 -7.066666666667
6.133333333333 -6.600000000000
6.133333333333 -6.133333333333
6.133333333333 -5.666666666667
6.133333333333 -5.200000000000
6.133333333333 -4.733333333333
6.133333333333 -4.266666666667
6.133333333333 -3.800000000000
6.133333333333 -3.333333333333
6.133333333333 -2.866666666667
6.133333333333 -2.400000000000
6.133333333333 -1.933333333333
6.133333333333 -1.466666666667
6.133333333333 -1.000000000000
6.133333333333 -0.950214989876
6.133333333333 -0.900666572453
6.133333333333 -0.851365376462
6.133333333333 -0.802323092133
6.133333333333 -0.753552642079
6.133333333333 -0.705068391357
6.133333333333 -0.656886408743
6.133333333333 -0.609024795931
6.133333333333 -0.561504108464
6.133333333333 -0.514347903027
6.133333333333 -0.467583462777
6.133333333333 -0.421242780245
6.133333333333 -0.375363924425
6.133333333333 -0.329993002221
6.133333333333 -0.285187080642
6.133333333333 -0.241018748334
6.133333333333 -0.197583672716
6.133333333333 -0.155014146033
6.133333333333 -0.113506188896
6.133333333333 -0.073383623210
6.133333333333 -0.035301637755
6.133333333333 -0.002000000000
6.133333333333 -0.001952380952
6.133333333333 -0.001904761905
6.133333333333 -0.001857142857
6.133333333333 -0.001809523810
6.133333333333 -0.001761904762
6.133333333333 -0.001714285714
6.133333333333 -0.001666666667
6.133333333333 -0.001619047619
6.133333333333 -0.001571428571
6.133333333333 -0.001523809524
6.133333333333 -0.001476190476
6.133333333333 -0.001428571429
6.133333333333 -0.001380952381
6.133333333333 -0.001333333333
6.133333333333 -0.001285714286
6.133333333333 -0.001238095238
6.133333333333 -0.001190476190
6.133333333333 -0.001142857143
6.133333333333 -0.001095238095
6.133333333333 -0.001047619048
6.133333333333 -0.001000000000
6.133333333333 -0.000952380952
6.133333333333 -0.000904761905
6.133333333333 -0.000857142857
6.133333333333 -0.000809523810
6.133333333333 -0.000761904762
6.133333333333 -0.000714285714
6.133333333333 -0.000666666667
6.133333333333 -0.000619047619
6.133333333333 -0.000571428571
6.133333333333 -0.000523809524
6.133333333333 -0.000476190476
6.133333333333 -0.000428571429
6.133333333333 -0.000380952381
6.133333333333 -0.000333333333
6.133333333333 -0.000285714286
6.133333333333 -0.000238095238
6.133333333333 -0.000190476190
6.133333333333 -0.000142857143
6.133333333333 -0.000095238095
6.133333333333 -0.000047619048
6.133333333333 0.000000000000
6.133333333333 0.000047619048
6.133333333333 0.000095238095
6.133333333333 0.000142857143
6.133333333333 0.000190476190
6.133333333333 0.000238095238
6.133333333333 0.000285714286
6.133333333333 0.000333333333
6.133333333333 0.000380952381
6.133333333333 0.000428571429
6.133333333333 0.000476190476
6.133333333333 0.000523809524
6.133333333333 0.000571428571
6.133333333333 0.000619047619
6.133333333333 0.000666666667
6.133333333333 0.000714285714
6.133333333333 0.000761904762
6.133333333333 0.000809523810
6.133333333333 0.000857142857
6.133333333333 0.000904761905
6.133333333333 0.000952380952
6.133333333333 0.001000000000
6.133333333333 0.001047619048
6.133333333333 0.001095238095
6.133333333333 0.001142857143
6.133333333333 0.001190476190
6.133333333333 0.001238095238
6.133333333333 0.001285714286
6.133333333333 0.001333333333
6.133333333333 0.001380952381
6.133333333333 0.001428571429
6.133333333333 0.001476190476
6.133333333333 0.001523809524
6.133333333333 0.001571428571
6.133333333333 0.001619047619
6.133333333333 0.001666666667
6.133333333333 0.001714285714
6.133333333333 0.001761904762
6.133333333333 0.001809523810
6.133333333333 0.001857142857
6.133333333333 0.001904761905
6.133333333333 0.001952380952
6.133333333333 0.002000000000
6.133333333333 0.035301637755
6.133333333333 0.073383623210
6.133333333333 0.113506188896
6.133333333333 0.155014146033
6.133333333333 0.197583672716
6.133333333333 0.241018748334
6.133333333333 0.285187080642
6.133333333333 0.329993002221
6.133333333333 0.375363924425
6.133333333333 0.421242780245
6.133333333333 0.467583462777
6.133333333333 0.514347903027
6.133333333333 0.561504108464
6.133333333333 0.609024795931
6.133333333333 0.656886408743
6.133333333333 0.705068391357
6.133333333333 0.753552642079
6.133333333333 0.802323092133
6.133333333333 0.851365376462
6.133333333333 0.900666572453
6.133333333333 0.950214989876
6.133333333333 1.000000000000
6.133333333333 1.466666666667
6.133333333333 1.933333333333
6.133333333333 2.400000000000
6.133333333333 2.866666666667
6.133333333333 3.333333333333
6.133333333333 3.800000000000
6.133333333333 4.266666666667
6.133333333333 4.733333333333
6.133333333333 5.200000000000
6.133333333333 5.666666666667
6.133333333333 6.133333333333
6.133333333333 6.600000000000
6.133333333333 7.066666666667
6.133333333333 7.533333333333
6.133333333333 8.000000000000
6.133333333333 10.000000000000
6.133333333333 12.000000000000
6.133333333333 14.000000000000
6.133333333333 16.000000000000
6.133333333333 18.000000000000
6.133333333333 20.000000000000
6.133333333333 22.000000000000
6.133333333333 24.000000000000
6.133333333333 30.000000000000
6.133333333333 36.000000000000
6.133333333333 42.000000000000
6.133333333333 48.000000000000
6.600000000000 -48.000000000000
6.600000000000 -42.000000000000
6.600000000000 -36.000000000000
6.600000000000 -30.000000000000
6.600000000000 -24.000000000000
6.600000000000 -22.000000000000
6.600000000000 -20.000000000000
6.600000000000 -18.000000000000
6.600000000000 -16.000000000000
6.600000000000 -14.000000000000
6.600000000000 -12.000000000000
6.600000000000 -10.000000000000
6.600000000000 -8.000000000000
6.600000000000 -7.533333333333
6.600000000000 -7.066666666667
6.600000000000 -6.600000000000
6.600000000000 -6.133333333333
6.600000000000 -5.666666666667
6.600000000000 -5.200000000000
6.600000000000 -4.733333333333
6.600000000000 -4.266666666667
6.600000000000 -3.800000000000
6.600000000000 -3.333333333333
6.600000000000 -2.866666666667
6.600000000000 -2.400000000000
6.600000000000 -1.933333333333
6.600000000000 -1.466666666667
6.600000000000 -1.000000000000
6.600000000000 -0.950214989876
6.600000000000 -0.900666572453
6.600000000000 -0.851365376462
6.600000000000 -0.802323092133
6.600000000000 -0.753552642079
6.600000000000 -0.705068391357
6.600000000000 -0.656886408743
6.600000000000 -0.609024795931
6.600000000000 -0.561504108464
6.600000000000 -0.514347903027
6.600000000000 -0.467583462777
6.600000000000 -0.421242780245
6.600000000000 -0.375363924425
6.600000000000 -0.329993002221
6.600000000000 -0.285187080642
6.600000000000 -0.241018748334
6.600000000000 -0.197583672716
6.600000000000 -0.155014146033
6.600000000000 -0.113506188896
6.600000000000 -0.073383623210
6.600000000000 -0.035301637755
6.600000000000 -0.002000000000
6.600000000000 -0.001952380952
6.600000000000 -0.001904761905
6.600000000000 -0.001857142857
6.600000000000 -0.001809523810
6.600000000000 -0.001761904762
6.600000000000 -0.001714285714
6.600000000000 -0.001666666667
6.600000000000 -0.001619047619
6.600000000000 -0.001571428571
6.600000000000 -0.001523809524
6.600000000000 -0.001476190476
6.600000000000 -0.001428571429
6.600000000000 -0.001380952381
6.600000000000 -0.001333333333
6.600000000000 -0.001285714286
6.600000000000 -0.001238095238
6.600000000000 -0.001190476190
6.600000000000 -0.001142857143
6.600000000000 -0.001095238095
6.600000000000 -0.001047619048
6.600000000000 -0.001000000000
6.600000000000 -0.000952380952
6.600000000000 -0.000904761905
6.600000000000 -0.000857142857
6.600000000000 -0.000809523810
6.600000000000 -0.000761904762
6.600000000000 -0.000714285714
6.600000000000 -0.000666666667
6.600000000000 -0.000619047619
6.600000000000 -0.000571428571
6.600000000000 -0.000523809524
6.600000000000 -0.000476190476
6.600000000000 -0.000428571429
6.600000000000 -0.000380952381
6.600000000000 -0.000333333333
6.600000000000 -0.000285714286
6.600000000000 -0.000238095238
6.600000000000 -0.000190476190
6.600000000000 -0.000142857143
6.600000000000 -0.000095238095
6.600000000000 -0.000047619048
6.600000000000 0.000000000000
6.600000000000 0.000047619048
6.600000000000 0.000095238095
6.600000000000 0.000142857143
6.600000000000 0.000190476190
6.600000000000 0.000238095238
6.600000000000 0.000285714286
6.600000000000 0.000333333333
6.600000000000 0.000380952381
6.600000000000 0.000428571429
6.600000000000 0.000476190476
6.600000000000 0.000523809524
6.600000000000 0.000571428571
6.600000000000 0.000619047619
6.600000000000 0.000666666667
6.600000000000 0.000714285714
6.600000000000 0.000761904762
6.600000000000 0.000809523810
6.600000000000 0.000857142857
6.600000000000 0.000904761905
6.600000000000 0.000952380952
6.600000000000 0.001000000000
6.600000000000 0.001047619048
6.600000000000 0.001095238095
6.600000000000 0.001142857143
6.600000000000 0.001190476190
6.600000000000 0.001238095238
6.600000000000 0.001285714286
6.600000000000 0.001333333333
6.600000000000 0.001380952381
6.600000000000 0.001428571429
6.600000000000 0.001476190476
6.600000000000 0.001523809524
6.600000000000 0.001571428571
6.600000000000 0.001619047619
6.600000000000 0.001666666667
6.600000000000 0.001714285714
6.600000000000 0.001761904762
6.600000000000 0.001809523810
6.600000000000 0.001857142857
6.600000000000 0.001904761905
6.600000000000 0.001952380952
6.600000000000 0.002000000000
6.600000000000 0.035301637755
6.600000000000 0.073383623210
6.600000000000 0.113506188896
6.600000000000 0.155014146033
6.600000000000 0.197583672716
6.600000000000 0.241018748334
6.600000000000 0.285187080642
6.600000000000 0.329993002221
6.600000000000 0.375363924425
6.600000000000 0.421242780245
6.600000000000 0.467583462777
6.600000000000 0.514347903027
6.600000000000 0.561504108464
6.600000000000 0.609024795931
6.600000000000 0.656886408743
6.600000000000 0.705068391357
6.600000000000 0.753552642079
6.600000000000 0.802323092133
6.600000000000 0.851365376462
6.600000000000 0.900666572453
6.600000000000 0.950214989876
6.600000000000 1.000000000000
6.600000000000 1.466666666667
6.600000000000 1.933333333333
6.600000000000 2.400000000000
6.600000000000 2.866666666667
6.600000000000 3.333333333333
6.600000000000 3.800000000000
6.600000000000 4.266666666667
6.600000000000 4.733333333333
6.600000000000 5.200000000000
6.600000000000 5.666666666667
6.600000000000 6.133333333333
6.600000000000 6.600000000000
6.600000000000 7.066666666667
6.600000000000 7.533333333333
6.600000000000 8.000000000000
6.600000000000 10.000000000000
6.600000000000 12.000000000000
6.600000000000 14.000000000000
6.600000000000 16.000000000000
6.600000000000 18.000000000000
6.600000000000 20.000000000000
6.600000000000 22.000000000000
6.600000000000 24.000000000000
6.600000000000 30.000000000000
6.600000000000 36.000000000000
6.600000000000 42.000000000000
6.600000000000 48.000000000000
7.066666666667 -48.000000000000
7.066666666667 -42.000000000000
7.066666666667 -36.000000000000
7.066666666667 -30.000000000000
7.066666666667 -24.000000000000
7.066666666667 -22.000000000000
7.066666666667 -20.000000000000
7.066666666667 -18.000000000000
7.066666666667 -16.000000000000
7.066666666667 -14.000000000000
7.066666666667 -12.000000000000
7.066666666667 -10.000000000000
7.066666666667 -8.000000000000
7.066666666667 -7.533333333333
7.066666666667 -7.066666666667
7.066666666667 -6.600000000000
7.066666666667 -6.133333333333
7.066666666667 -5.666666666667
7.066666666667 -5.200000000000
7.066666666667 -4.733333333333
7.066666666667 -4.266666666667
7.066666666667 -3.800000000000
7.066666666667 -3.333333333333
7.066666666667 -2.866666666667
7.066666666667 -2.400000000000
7.066666666667 -1.933333333333
7.066666666667 -1.466666666667
7.066666666667 -1.000000000000
7.066666666667 -0.950214989876
7.066666666667 -0.900666572453
7.066666666667 -0.851365376462
7.066666666667 -0.802323092133
7.066666666667 -0.753552642079
7.066666666667 -0.705068391357
7.066666666667 -0.656886408743
7.066666666667 -0.609024795931
7.066666666667 -0.561504108464
7.066666666667 -0.514347903027
7.066666666667 -0.467583462777
7.066666666667 -0.421242780245
7.066666666667 -0.375363924425
7.066666666667 -0.329993002221
7.066666666667 -0.285187080642
7.066666666667 -0.241018748334
7.066666666667 -0.197583672716
7.066666666667 -0.155014146033
7.066666666667 -0.113506188896
7.066666666667 -0.073383623210
7.066666666667 -0.035301637755
7.066666666667 -0.002000000000
7.066666666667 -0.001952380952
7.066666666667 -0.001904761905
7.066666666667 -0.001857142857
7.066666666667 -0.001809523810
7.066666666667 -0.001761904762
7.066666666667 -0.001714285714
7.066666666667 -0.001666666667
7.066666666667 -0.001619047619
7.066666666667 -0.001571428571
7.066666666667 -0.001523809524
7.066666666667 -0.001476190476
7.066666666667 -0.001428571429
7.066666666667 -0.001380952381
7.066666666667 -0.001333333333
7.066666666667 -0.001285714286
7.066666666667 -0.001238095238
7.066666666667 -0.001190476190
7.066666666667 -0.001142857143
7.066666666667 -0.001095238095
7.066666666667 -0.001047619048
7.066666666667 -0.001000000000
7.066666666667 -0.000952380952
7.066666666667 -0.000904761905
7.066666666667 -0.000857142857
7.066666666667 -0.000809523810
7.066666666667 -0.000761904762
7.066666666667 -0.000714285714
7.066666666667 -0.000666666667
7.066666666667 -0.000619047619
7.066666666667 -0.000571428571
7.066666666667 -0.000523809524
7.066666666667 -0.000476190476
7.066666666667 -0.000428571429
7.066666666667 -0.000380952381
7.066666666667 -0.000333333333
7.066666666667 -0.000285714286
7.066666666667 -0.000238095238
7.066666666667 -0.000190476190
7.066666666667 -0.000142857143
7.066666666667 -0.000095238095
7.066666666667 -0.000047619048
7.066666666667 0.000000000000
7.066666666667 0.000047619048
7.066666666667 0.000095238095
7.066666666667 0.000142857143
7.066666666667 0.000190476190
7.066666666667 0.000238095238
7.066666666667 0.000285714286
7.066666666667 0.000333333333
7.066666666667 0.000380952381
7.066666666667 0.000428571429
7.066666666667 0.000476190476
7.066666666667 0.000523809524
7.066666666667 0.000571428571
7.066666666667 0.000619047619
7.066666666667 0.000666666667
7.066666666667 0.000714285714
7.066666666667 0.000761904762
7.066666666667 0.000809523810
7.066666666667 0.000857142857
7.066666666667 0.000904761905
7.066666666667 0.000952380952
7.066666666667 0.001000000000
7.066666666667 0.001047619048
7.066666666667 0.001095238095
7.066666666667 0.001142857143
7.066666666667 0.001190476190
7.066666666667 0.001238095238
7.066666666667 0.001285714286
7.066666666667 0.001333333333
7.066666666667 0.001380952381
7.066666666667 0.001428571429
7.066666666667 0.001476190476
7.066666666667 0.001523809524
7.066666666667 0.001571428571
7.066666666667 0.001619047619
7.066666666667 0.001666666667
7.066666666667 0.001714285714
7.066666666667 0.001761904762
7.066666666667 0.001809523810
7.066666666667 0.001857142857
7.066666666667 0.001904761905
7.066666666667 0.001952380952
7.066666666667 0.002000000000
7.066666666667 0.035301637755
7.066666666667 0.073383623210
7.066666666667 0.113506188896
7.066666666667 0.155014146033
7.066666666667 0.197583672716
7.066666666667 0.241018748334
7.066666666667 0.285187080642
7.066666666667 0.329993002221
7.066666666667 0.375363924425
7.066666666667 0.421242780245
7.066666666667 0.467583462777
7.066666666667 0.514347903027
7.066666666667 0.561504108464
7.066666666667 0.609024795931
7.066666666667 0.656886408743
7.066666666667 0.705068391357
7.066666666667 0.753552642079
7.066666666667 0.802323092133
7.066666666667 0.851365376462
7.066666666667 0.900666572453
7.066666666667 0.950214989876
7.066666666667 1.000000000000
7.066666666667 1.466666666667
7.066666666667 1.933333333333
7.066666666667 2.400000000000
7.066666666667 2.866666666667
7.066666666667 3.333333333333
7.066666666667 3.800000000000
7.066666666667 4.266666666667
7.066666666667 4.733333333333
7.066666666667 5.200000000000
7.066666666667 5.666666666667
7.066666666667 6.133333333333
7.066666666667 6.600000000000
7.066666666667 7.066666666667
7.066666666667 7.533333333333
7.066666666667 8.000000000000
7.066666666667 10.000000000000
7.066666666667 12.000000000000
7.066666666667 14.000000000000
7.066666666667 16.000000000000
7.066666666667 18.000000000000
7.066666666667 20.000000000000
7.066666666667 22.000000000000
7.066666666667 24.000000000000
7.066666666667 30.000000000000
7.066666666667 36.000000000000
7.066666666667 42.000000000000
7.066666666667 48.000000000000
7.533333333333 -48.000000000000
7.533333333333 -42.000000000000
7.533333333333 -36.000000000000
7.533333333333 -30.000000000000
7.533333333333 -24.000000000000
7.533333333333 -22.000000000000
7.533333333333 -20.000000000000
7.533333333333 -18.000000000000
7.533333333333 -16.000000000000
7.533333333333 -14.000000000000
7.533333333333 -12.000000000000
7.533333333333 -10.000000000000
7.533333333333 -8.000000000000
7.533333333333 -7.533333333333
7.533333333333 -7.066666666667
7.533333333333 -6.600000000000
7.533333333333 -6.133333333333
7.533333333333 -5.666666666667
7.533333333333 -5.200000000000
7.533333333333 -4.733333333333
7.533333333333 -4.266666666667
7.533333333333 -3.800000000000
7.533333333333 -3.333333333333
7.533333333333 -2.866666666667
7.533333333333 -2.400000000000
7.533333333333 -1.933333333333
7.533333333333 -1.466666666667
7.533333333333 -1.000000000000
7.533333333333 -0.950214989876
7.533333333333 -0.900666572453
7.533333333333 -0.851365376462
7.533333333333 -0.802323092133
7.533333333333 -0.753552642079
7.533333333333 -0.705068391357
7.533333333333 -0.656886408743
7.533333333333 -0.609024795931
7.533333333333 -0.561504108464
7.533333333333 -0.514347903027
7.533333333333 -0.467583462777
7.533333333333 -0.421242780245
7.533333333333 -0.375363924425
7.533333333333 -0.329993002221
7.533333333333 -0.285187080642
7.533333333333 -0.241018748334
7.533333333333 -0.197583672716
7.533333333333 -0.155014146033
7.533333333333 -0.113506188896
7.533333333333 -0.073383623210
7.533333333333 -0.035301637755
7.533333333333 -0.002000000000
7.533333333333 -0.001952380952
7.533333333333 -0.001904761905
7.533333333333 -0.001857142857
7.533333333333 -0.001809523810
7.533333333333 -0.001761904762
7.533333333333 -0.001714285714
7.533333333333 -0.001666666667
7.533333333333 -0.001619047619
7.533333333333 -0.001571428571
7.533333333333 -0.001523809524
7.533333333333 -0.001476190476
7.533333333333 -0.001428571429
7.533333333333 -0.001380952381
7.533333333333 -0.001333333333
7.533333333333 -0.001285714286
7.533333333333 -0.001238095238
7.533333333333 -0.001190476190
7.533333333333 -0.001142857143
7.533333333333 -0.001095238095
7.533333333333 -0.001047619048
7.533333333333 -0.001000000000
7.533333333333 -0.000952380952
7.533333333333 -0.000904761905
7.533333333333 -0.000857142857
7.533333333333 -0.000809523810
7.533333333333 -0.000761904762
7.533333333333 -0.000714285714
7.533333333333 -0.000666666667
7.533333333333 -0.000619047619
7.533333333333 -0.000571428571
7.533333333333 -0.000523809524
7.533333333333 -0.000476190476
7.533333333333 -0.000428571429
7.533333333333 -0.000380952381
7.533333333333 -0.000333333333
7.533333333333 -0.000285714286
7.533333333333 -0.000238095238
7.533333333333 -0.000190476190
7.533333333333 -0.000142857143
7.533333333333 -0.000095238095
7.533333333333 -0.000047619048
7.533333333333 0.000000000000
7.533333333333 0.000047619048
7.533333333333 0.000095238095
7.533333333333 0.000142857143
7.533333333333 0.000190476190
7.533333333333 0.000238095238
7.533333333333 0.000285714286
7.533333333333 0.000333333333
7.533333333333 0.000380952381
7.533333333333 0.000428571429
7.533333333333 0.000476190476
7.533333333333 0.000523809524
7.533333333333 0.000571428571
7.533333333333 0.000619047619
7.533333333333 0.000666666667
7.533333333333 0.000714285714
7.533333333333 0.000761904762
7.533333333333 0.000809523810
7.533333333333 0.000857142857
7.533333333333 0.000904761905
7.533333333333 0.000952380952
7.533333333333 0.001000000000
7.533333333333 0.001047619048
7.533333333333 0.001095238095
7.533333333333 0.001142857143
7.533333333333 0.001190476190
7.533333333333 0.001238095238
7.533333333333 0.001285714286
7.533333333333 0.001333333333
7.533333333333 0.001380952381
7.533333333333 0.001428571429
7.533333333333 0.001476190476
7.533333333333 0.001523809524
7.533333333333 0.001571428571
7.533333333333 0.001619047619
7.533333333333 0.001666666667
7.533333333333 0.001714285714
7.533333333333 0.001761904762
7.533333333333 0.001809523810
7.533333333333 0.001857142857
7.533333333333 0.001904761905
7.533333333333 0.001952380952
7.533333333333 0.002000000000
7.533333333333 0.035301637755
7.533333333333 0.073383623210
7.533333333333 0.113506188896
7.533333333333 0.155014146033
7.533333333333 0.197583672716
7.533333333333 0.241018748334
7.533333333333 0.285187080642
7.533333333333 0.329993002221
7.533333333333 0.375363924425
7.533333333333 0.421242780245
7.533333333333 0.467583462777
7.533333333333 0.514347903027
7.533333333333 0.561504108464
7.533333333333 0.609024795931
7.533333333333 0.656886408743
7.533333333333 0.705068391357
7.533333333333 0.753552642079
7.533333333333 0.802323092133
7.533333333333 0.851365376462
7.533333333333 0.900666572453
7.533333333333 0.950214989876
7.533333333333 1.000000000000
7.533333333333 1.466666666667
7.533333333333 1.933333333333
7.533333333333 2.400000000000
7.533333333333 2.866666666667
7.533333333333 3.333333333333
7.533333333333 3.800000000000
7.533333333333 4.266666666667
7.533333333333 4.733333333333
7.533333333333 5.200000000000
7.533333333333 5.666666666667
7.533333333333 6.133333333333
7.533333333333 6.600000000000
7.533333333333 7.066666666667
7.533333333333 7.533333333333
7.533333333333 8.000000000000
7.533333333333 10.000000000000
7.533333333333 12.000000000000
7.533333333333 14.000000000000
7.533333333333 16.000000000000
7.533333333333 18.000000000000
7.533333333333 20.000000000000
7.533333333333 22.000000000000
7.533333333333 24.000000000000
7.533333333333 30.000000000000
7.533333333333 36.000000000000
7.533333333333 42.000000000000
7.533333333333 48.000000000000
8.000000000000 -48.000000000000
8.000000000000 -42.000000000000
8.000000000000 -36.000000000000
8.000000000000 -30.000000000000
8.000000000000 -24.000000000000
8.000000000000 -22.000000000000
8.000000000000 -20.000000000000
8.000000000000 -18.000000000000
8.000000000000 -16.000000000000
8.000000000000 -14.000000000000
8.000000000000 -12.000000000000
8.000000000000 -10.000000000000
8.000000000000 -8.000000000000
8.000000000000 -7.533333333333
8.000000000000 -7.066666666667
8.000000000000 -6.600000000000
8.000000000000 -6.133333333333
8.000000000000 -5.666666666667
8.000000000000 -5.200000000000
8.000000000000 -4.733333333333
8.000000000000 -4.266666666667
8.000000000000 -3.800000000000
8.000000000000 -3.333333333333
8.000000000000 -2.866666666667
8.000000000000 -2.400000000000
8.000000000000 -1.933333333333
8.000000000000 -1.466666666667
8.000000000000 -1.000000000000
8.000000000000 -0.950214989876
8.000000000000 -0.900666572453
8.000000000000 -0.851365376462
8.000000000000 -0.802323092133
8.000000000000 -0.753552642079
8.000000000000 -0.705068391357
8.000000000000 -0.656886408743
8.000000000000 -0.609024795931
8.000000000000 -0.561504108464
8.000000000000 -0.514347903027
8.000000000000 -0.467583462777
8.000000000000 -0.421242780245
8.000000000000 -0.375363924425
8.000000000000 -0.329993002221
8.000000000000 -0.285187080642
8.000000000000 -0.241018748334
8.000000000000 -0.197583672716
8.000000000000 -0.155014146033
8.000000000000 -0.113506188896
8.000000000000 -0.073383623210
8.000000000000 -0.035301637755
8.000000000000 -0.002000000000
8.000000000000 -0.001952380952
8.000000000000 -0.001904761905
8.000000000000 -0.001857142857
8.000000000000 -0.001809523810
8.000000000000 -0.001761904762
8.000000000000 -0.001714285714
8.000000000000 -0.001666666667
8.000000000000 -0.001619047619
8.000000000000 -0.001571428571
8.000000000000 -0.001523809524
8.000000000000 -0.001476190476
8.000000000000 -0.001428571429
8.000000000000 -0.001380952381
8.000000000000 -0.001333333333
8.000000000000 -0.001285714286
8.000000000000 -0.001238095238
8.000000000000 -0.001190476190
8.000000000000 -0.001142857143
8.000000000000 -0.001095238095
8.000000000000 -0.001047619048
8.000000000000 -0.001000000000
8.000000000000 -0.000952380952
8.000000000000 -0.000904761905
8.000000000000 -0.000857142857
8.000000000000 -0.000809523810
8.000000000000 -0.000761904762
8.000000000000 -0.000714285714
8.000000000000 -0.000666666667
8.000000000000 -0.000619047619
8.000000000000 -0.000571428571
8.000000000000 -0.000523809524
8.000000000000 -0.000476190476
8.000000000000 -0.000428571429
8.000000000000 -0.000380952381
8.000000000000 -0.000333333333
8.000000000000 -0.000285714286
8.000000000000 -0.000238095238
8.000000000000 -0.000190476190
8.000000000000 -0.000142857143
8.000000000000 -0.000095238095
8.000000000000 -0.000047619048
8.000000000000 0.000000000000
8.000000000000 0.000047619048
8.000000000000 0.000095238095
8.000000000000 0.000142857143
8.000000000000 0.000190476190
8.000000000000 0.000238095238
8.000000000000 0.000285714286
8.000000000000 0.000333333333
8.000000000000 0.000380952381
8.000000000000 0.000428571429
8.000000000000 0.000476190476
8.000000000000 0.000523809524
8.000000000000 0.000571428571
8.000000000000 0.000619047619
8.000000000000 0.000666666667
8.000000000000 0.000714285714
8.000000000000 0.000761904762
8.000000000000 0.000809523810
8.000000000000 0.000857142857
8.000000000000 0.000904761905
8.000000000000 0.000952380952
8.000000000000 0.001000000000
8.000000000000 0.001047619048
8.000000000000 0.001095238095
8.000000000000 0.001142857143
8.000000000000 0.001190476190
8.000000000000 0.001238095238
8.000000000000 0.001285714286
8.000000000000 0.001333333333
8.000000000000 0.001380952381
8.000000000000 0.001428571429
8.000000000000 0.001476190476
8.000000000000 0.001523809524
8.000000000000 0.001571428571
8.000000000000 0.001619047619
8.000000000000 0.001666666667
8.000000000000 0.001714285714
8.000000000000 0.001761904762
8.000000000000 0.001809523810
8.000000000000 0.001857142857
8.000000000000 0.001904761905
8.000000000000 0.001952380952
8.000000000000 0.002000000000
8.000000000000 0.035301637755
8.000000000000 0.073383623210
8.000000000000 0.113506188896
8.000000000000 0.155014146033
8.000000000000 0.197583672716
8.000000000000 0.241018748334
8.000000000000 0.285187080642
8.000000000000 0.329993002221
8.000000000000 0.375363924425
8.000000000000 0.421242780245
8.000000000000 0.467583462777
8.000000000000 0.514347903027
8.000000000000 0.561504108464
8.000000000000 0.609024795931
8.000000000000 0.656886408743
8.000000000000 0.705068391357
8.000000000000 0.753552642079
8.000000000000 0.802323092133
8.000000000000 0.851365376462
8.000000000000 0.900666572453
8.000000000000 0.950214989876
8.000000000000 1.000000000000
8.000000000000 1.466666666667
8.000000000000 1.933333333333
8.000000000000 2.400000000000
8.000000000000 2.866666666667
8.000000000000 3.333333333333
8.000000000000 3.800000000000
8.000000000000 4.266666666667
8.000000000000 4.733333333333
8.000000000000 5.200000000000
8.000000000000 5.666666666667
8.000000000000 6.133333333333
8.000000000000 6.600000000000
8.000000000000 7.066666666667
8.000000000000 7.533333333333
8.000000000000 8.000000000000
8.000000000000 10.000000000000
8.000000000000 12.000000000000
8.000000000000 14.000000000000
8.000000000000 16.000000000000
8.000000000000 18.000000000000
8.000000000000 20.000000000000
8.000000000000 22.000000000000
8.000000000000 24.000000000000
8.000000000000 30.000000000000
8.000000000000 36.000000000000
8.000000000000 42.000000000000
8.000000000000 48.000000000000
10.000000000000 -48.000000000000
10.000000000000 -42.000000000000
10.000000000000 -36.000000000000
10.000000000000 -30.000000000000
10.000000000000 -24.000000000000
10.000000000000 -22.000000000000
10.000000000000 -20.000000000000
10.000000000000 -18.000000000000
10.000000000000 -16.000000000000
10.000000000000 -14.000000000000
10.000000000000 -12.000000000000
10.000000000000 -10.000000000000
10.000000000000 -8.000000000000
10.000000000000 -7.533333333333
10.000000000000 -7.066666666667
10.000000000000 -6.600000000000
10.000000000000 -6.133333333333
10.000000000000 -5.666666666667
10.000000000000 -5.200000000000
10.000000000000 -4.733333333333
10.000000000000 -4.266666666667
10.000000000000 -3.800000000000
10.000000000000 -3.333333333333
10.000000000000 -2.866666666667
10.000000000000 -2.400000000000
10.000000000000 -1.933333333333
10.000000000000 -1.466666666667
10.000000000000 -1.000000000000
10.000000000000 -0.950214989876
10.000000000000 -0.900666572453
10.000000000000 -0.851365376462
10.000000000000 -0.802323092133
10.000000000000 -0.753552642079
10.000000000000 -0.705068391357
10.000000000000 -0.656886408743
10.000000000000 -0.609024795931
10.000000000000 -0.561504108464
10.000000000000 -0.514347903027
10.000000000000 -0.467583462777
10.000000000000 -0.421242780245
10.000000000000 -0.375363924425
10.000000000000 -0.329993002221
10.000000000000 -0.285187080642
10.000000000000 -0.241018748334
10.000000000000 -0.197583672716
10.000000000000 -0.155014146033
10.000000000000 -0.113506188896
10.000000000000 -0.073383623210
10.000000000000 -0.035301637755
10.000000000000 -0.002000000000
10.000000000000 -0.001952380952
10.000000000000 -0.001904761905
10.000000000000 -0.001857142857
10.000000000000 -0.001809523810
10.000000000000 -0.001761904762
10.000000000000 -0.001714285714
10.000000000000 -0.001666666667
10.000000000000 -0.001619047619
10.000000000000 -0.001571428571
10.000000000000 -0.001523809524
10.000000000000 -0.001476190476
10.000000000000 -0.001428571429
10.000000000000 -0.001380952381
10.000000000000 -0.001333333333
10.000000000000 -0.001285714286
10.000000000000 -0.001238095238
10.000000000000 -0.001190476190
10.000000000000 -0.001142857143
10.000000000000 -0.001095238095
10.000000000000 -0.001047619048
10.000000000000 -0.001000000000
10.000000000000 -0.000952380952
10.000000000000 -0.000904761905
10.000000000000 -0.000857142857
10.000000000000 -0.000809523810
10.000000000000 -0.000761904762
10.000000000000 -0.000714285714
10.000000000000 -0.000666666667
10.000000000000 -0.000619047619
10.000000000000 -0.000571428571
10.000000000000 -0.000523809524
10.000000000000 -0.000476190476
10.000000000000 -0.000428571429
10.000000000000 -0.000380952381
10.000000000000 -0.000333333333
10.000000000000 -0.000285714286
10.000000000000 -0.000238095238
10.000000000000 -0.000190476190
10.000000000000 -0.000142857143
10.000000000000 -0.000095238095
10.000000000000 -0.000047619048
10.000000000000 0.000000000000
10.000000000000 0.000047619048
10.000000000000 0.000095238095
10.000000000000 0.000142857143
10.000000000000 0.000190476190
10.000000000000 0.000238095238
10.000000000000 0.000285714286
10.000000000000 0.000333333333
10.000000000000 0.000380952381
10.000000000000 0.000428571429
10.000000000000 0.000476190476
10.000000000000 0.000523809524
10.000000000000 0.000571428571
10.000000000000 0.000619047619
10.000000000000 0.000666666667
10.000000000000 0.000714285714
10.000000000000 0.000761904762
10.000000000000 0.000809523810
10.000000000000 0.000857142857
10.000000000000 0.000904761905
10.000000000000 0.000952380952
10.000000000000 0.001000000000
10.000000000000 0.001047619048
10.000000000000 0.001095238095
10.000000000000 0.001142857143
10.000000000000 0.001190476190
10.000000000000 0.001238095238
10.000000000000 0.001285714286
10.000000000000 0.001333333333
10.000000000000 0.001380952381
10.000000000000 0.001428571429
10.000000000000 0.001476190476
10.000000000000 0.001523809524
10.000000000000 0.001571428571
10.000000000000 0.001619047619
10.000000000000 0.001666666667
10.000000000000 0.001714285714
10.000000000000 0.001761904762
10.000000000000 0.001809523810
10.000000000000 0.001857142857
10.000000000000 0.001904761905
10.000000000000 0.001952380952
10.000000000000 0.002000000000
10.000000000000 0.035301637755
10.000000000000 0.073383623210
10.000000000000 0.113506188896
10.000000000000 0.155014146033
10.000000000000 0.197583672716
10.000000000000 0.241018748334
10.000000000000 0.285187080642
10.000000000000 0.329993002221
10.000000000000 0.375363924425
10.000000000000 0.421242780245
10.000000000000 0.467583462777
10.000000000000 0.514347903027
10.000000000000 0.561504108464
10.000000000000 0.609024795931
10.000000000000 0.656886408743
10.000000000000 0.705068391357
10.000000000000 0.753552642079
10.000000000000 0.802323092133
10.000000000000 0.851365376462
10.000000000000 0.900666572453
10.000000000000 0.950214989876
10.000000000000 1.000000000000
10.000000000000 1.466666666667
10.000000000000 1.933333333333
10.000000000000 2.400000000000
10.000000000000 2.866666666667
10.000000000000 3.333333333333
10.000000000000 3.800000000000
10.000000000000 4.266666666667
10.000000000000 4.733333333333
10.000000000000 5.200000000000
10.000000000000 5.666666666667
10.000000000000 6.133333333333
10.000000000000 6.600000000000
10.000000000000 7.066666666667
10.000000000000 7.533333333333
10.000000000000 8.000000000000
10.000000000000 10.000000000000
10.000000000000 12.000000000000
10.000000000000 14.000000000000
10.000000000000 16.000000000000
10.000000000000 18.000000000000
10.000000000000 20.000000000000
10.000000000000 22.000000000000
10.000000000000 24.000000000000
10.000000000000 30.000000000000
10.000000000000 36.000000000000
10.000000000000 42.000000000000
10.000000000000 48.000000000000
12.000000000000 -48.000000000000
12.000000000000 -42.000000000000
12.000000000000 -36.000000000000
12.000000000000 -30.000000000000
12.000000000000 -24.000000000000
12.000000000000 -22.000000000000
12.000000000000 -20.000000000000
12.000000000000 -18.000000000000
12.000000000000 -16.000000000000
12.000000000000 -14.000000000000
12.000000000000 -12.000000000000
12.000000000000 -10.000000000000
12.000000000000 -8.000000000000
12.000000000000 -7.533333333333
12.000000000000 -7.066666666667
12.000000000000 -6.600000000000
12.000000000000 -6.133333333333
12.000000000000 -5.666666666667
12.000000000000 -5.200000000000
12.000000000000 -4.733333333333
12.000000000000 -4.266666666667
12.000000000000 -3.800000000000
12.000000000000 -3.333333333333
12.000000000000 -2.866666666667
12.000000000000 -2.400000000000
12.000000000000 -1.933333333333
12.000000000000 -1.466666666667
12.000000000000 -1.000000000000
12.000000000000 -0.950214989876
12.000000000000 -0.900666572453
12.000000000000 -0.851365376462
12.000000000000 -0.802323092133
12.000000000000 -0.753552642079
12.000000000000 -0.705068391357
12.000000000000 -0.656886408743
12.000000000000 -0.609024795931
12.000000000000 -0.561504108464
12.000000000000 -0.514347903027
12.000000000000 -0.467583462777
12.000000000000 -0.421242780245
12.000000000000 -0.375363924425
12.000000000000 -0.329993002221
12.000000000000 -0.285187080642
12.000000000000 -0.241018748334
12.000000000000 -0.197583672716
12.000000000000 -0.155014146033
12.000000000000 -0.113506188896
12.000000000000 -0.073383623210
12.000000000000 -0.035301637755
12.000000000000 -0.002000000000
12.000000000000 -0.001952380952
12.000000000000 -0.001904761905
12.000000000000 -0.001857142857
12.000000000000 -0.001809523810
12.000000000000 -0.001761904762
12.000000000000 -0.001714285714
12.000000000000 -0.001666666667
12.000000000000 -0.001619047619
12.000000000000 -0.001571428571
12.000000000000 -0.001523809524
12.000000000000 -0.001476190476
12.000000000000 -0.001428571429
12.000000000000 -0.001380952381
12.000000000000 -0.001333333333
12.000000000000 -0.001285714286
12.000000000000 -0.001238095238
12.000000000000 -0.001190476190
12.000000000000 -0.001142857143
12.000000000000 -0.001095238095
12.000000000000 -0.001047619048
12.000000000000 -0.001000000000
12.000000000000 -0.000952380952
12.000000000000 -0.000904761905
12.000000000000 -0.000857142857
12.000000000000 -0.000809523810
12.000000000000 -0.000761904762
12.000000000000 -0.000714285714
12.000000000000 -0.000666666667
12.000000000000 -0.000619047619
12.000000000000 -0.000571428571
12.000000000000 -0.000523809524
12.000000000000 -0.000476190476
12.000000000000 -0.000428571429
12.000000000000 -0.000380952381
12.000000000000 -0.000333333333
12.000000000000 -0.000285714286
12.000000000000 -0.000238095238
12.000000000000 -0.000190476190
12.000000000000 -0.000142857143
12.000000000000 -0.000095238095
12.000000000000 -0.000047619048
12.000000000000 0.000000000000
12.000000000000 0.000047619048
12.000000000000 0.000095238095
12.000000000000 0.000142857143
12.000000000000 0.000190476190
12.000000000000 0.000238095238
12.000000000000 0.000285714286
12.000000000000 0.000333333333
12.000000000000 0.000380952381
12.000000000000 0.000428571429
12.000000000000 0.000476190476
12.000000000000 0.000523809524
12.000000000000 0.000571428571
12.000000000000 0.000619047619
12.000000000000 0.000666666667
12.000000000000 0.000714285714
12.000000000000 0.000761904762
12.000000000000 0.000809523810
12.000000000000 0.000857142857
12.000000000000 0.000904761905
12.000000000000 0.000952380952
12.000000000000 0.001000000000
12.000000000000 0.001047619048
12.000000000000 0.001095238095
12.000000000000 0.001142857143
12.000000000000 0.001190476190
12.000000000000 0.001238095238
12.000000000000 0.001285714286
12.000000000000 0.001333333333
12.000000000000 0.001380952381
12.000000000000 0.001428571429
12.000000000000 0.001476190476
12.000000000000 0.001523809524
12.000000000000 0.001571428571
12.000000000000 0.001619047619
12.000000000000 0.001666666667
12.000000000000 0.001714285714
12.000000000000 0.001761904762
12.000000000000 0.001809523810
12.000000000000 0.001857142857
12.000000000000 0.001904761905
12.000000000000 0.001952380952
12.000000000000 0.002000000000
12.000000000000 0.035301637755
12.000000000000 0.073383623210
12.000000000000 0.113506188896
12.000000000000 0.155014146033
12.000000000000 0.197583672716
12.000000000000 0.241018748334
12.000000000000 0.285187080642
12.000000000000 0.329993002221
12.000000000000 0.375363924425
12.000000000000 0.421242780245
12.000000000000 0.467583462777
12.000000000000 0.514347903027
12.000000000000 0.561504108464
12.000000000000 0.609024795931
12.000000000000 0.656886408743
12.000000000000 0.705068391357
12.000000000000 0.753552642079
12.000000000000 0.802323092133
12.000000000000 0.851365376462
12.000000000000 0.900666572453
12.000000000000 0.950214989876
12.000000000000 1.000000000000
12.000000000000 1.466666666667
12.000000000000 1.933333333333
12.000000000000 2.400000000000
12.000000000000 2.866666666667
12.000000000000 3.333333333333
12.000000000000 3.800000000000
12.000000000000 4.266666666667
12.000000000000 4.733333333333
12.000000000000 5.200000000000
12.000000000000 5.666666666667
12.000000000000 6.133333333333
12.000000000000 6.600000000000
12.000000000000 7.066666666667
12.000000000000 7.533333333333
12.000000000000 8.000000000000
12.000000000000 10.000000000000
12.000000000000 12.000000000000
12.000000000000 14.000000000000
12.000000000000 16.000000000000
12.000000000000 18.000000000000
12.000000000000 20.000000000000
12.000000000000 22.000000000000
12.000000000000 24.000000000000
12.000000000000 30.000000000000
12.000000000000 36.000000000000
12.000000000000 42.000000000000
12.000000000000 48.000000000000
14.000000000000 -48.000000000000
14.000000000000 -42.000000000000
14.000000000000 -36.000000000000
14.000000000000 -30.000000000000
14.000000000000 -24.000000000000
14.000000000000 -22.000000000000
14.000000000000 -20.000000000000
14.000000000000 -18.000000000000
14.000000000000 -16.000000000000
14.000000000000 -14.000000000000
14.000000000000 -12.000000000000
14.000000000000 -10.000000000000
14.000000000000 -8.000000000000
14.000000000000 -7.533333333333
14.000000000000 -7.066666666667
14.000000000000 -6.600000000000
14.000000000000 -6.133333333333
14.000000000000 -5.666666666667
14.000000000000 -5.200000000000
14.000000000000 -4.733333333333
14.000000000000 -4.266666666667
14.000000000000 -3.800000000000
14.000000000000 -3.333333333333
14.000000000000 -2.866666666667
14.000000000000 -2.400000000000
14.000000000000 -1.933333333333
14.000000000000 -1.466666666667
14.000000000000 -1.000000000000
14.000000000000 -0.950214989876
14.000000000000 -0.900666572453
14.000000000000 -0.851365376462
14.000000000000 -0.802323092133
14.000000000000 -0.753552642079
14.000000000000 -0.705068391357
14.000000000000 -0.656886408743
14.000000000000 -0.609024795931
14.000000000000 -0.561504108464
14.000000000000 -0.514347903027
14.000000000000 -0.467583462777
14.000000000000 -0.421242780245
14.000000000000 -0.375363924425
14.000000000000 -0.329993002221
14.000000000000 -0.285187080642
14.000000000000 -0.241018748334
14.000000000000 -0.197583672716
14.000000000000 -0.155014146033
14.000000000000 -0.113506188896
14.000000000000 -0.073383623210
14.000000000000 -0.035301637755
14.000000000000 -0.002000000000
14.000000000000 -0.001952380952
14.000000000000 -0.001904761905
14.000000000000 -0.001857142857
14.000000000000 -0.001809523810
14.000000000000 -0.001761904762
14.000000000000 -0.001714285714
14.000000000000 -0.001666666667
14.000000000000 -0.001619047619
14.000000000000 -0.001571428571
14.000000000000 -0.001523809524
14.000000000000 -0.001476190476
14.000000000000 -0.001428571429
14.000000000000 -0.001380952381
14.000000000000 -0.001333333333
14.000000000000 -0.001285714286
14.000000000000 -0.001238095238
14.000000000000 -0.001190476190
14.000000000000 -0.001142857143
14.000000000000 -0.001095238095
14.000000000000 -0.001047619048
14.000000000000 -0.001000000000
14.000000000000 -0.000952380952
14.000000000000 -0.000904761905
14.000000000000 -0.000857142857
14.000000000000 -0.000809523810
14.000000000000 -0.000761904762
14.000000000000 -0.000714285714
14.000000000000 -0.000666666667
14.000000000000 -0.000619047619
14.000000000000 -0.000571428571
14.000000000000 -0.000523809524
14.000000000000 -0.000476190476
14.000000000000 -0.000428571429
14.000000000000 -0.000380952381
14.000000000000 -0.000333333333
14.000000000000 -0.000285714286
14.000000000000 -0.000238095238
14.000000000000 -0.000190476190
14.000000000000 -0.000142857143
14.000000000000 -0.000095238095
14.000000000000 -0.000047619048
14.000000000000 0.000000000000
14.000000000000 0.000047619048
14.000000000000 0.000095238095
14.000000000000 0.000142857143
14.000000000000 0.000190476190
14.000000000000 0.000238095238
14.000000000000 0.000285714286
14.000000000000 0.000333333333
14.000000000000 0.000380952381
14.000000000000 0.000428571429
14.000000000000 0.000476190476
14.000000000000 0.000523809524
14.000000000000 0.000571428571
14.000000000000 0.000619047619
14.000000000000 0.000666666667
14.000000000000 0.000714285714
14.000000000000 0.000761904762
14.000000000000 0.000809523810
14.000000000000 0.000857142857
14.000000000000 0.000904761905
14.000000000000 0.000952380952
14.000000000000 0.001000000000
14.000000000000 0.001047619048
14.000000000000 0.001095238095
14.000000000000 0.001142857143
14.000000000000 0.001190476190
14.000000000000 0.001238095238
14.000000000000 0.001285714286
14.000000000000 0.001333333333
14.000000000000 0.001380952381
14.000000000000 0.001428571429
14.000000000000 0.001476190476
14.000000000000 0.001523809524
14.000000000000 0.001571428571
14.000000000000 0.001619047619
14.000000000000 0.001666666667
14.000000000000 0.001714285714
14.000000000000 0.001761904762
14.000000000000 0.001809523810
14.000000000000 0.001857142857
14.000000000000 0.001904761905
14.000000000000 0.001952380952
14.000000000000 0.002000000000
14.000000000000 0.035301637755
14.000000000000 0.073383623210
14.000000000000 0.113506188896
14.000000000000 0.155014146033
14.000000000000 0.197583672716
14.000000000000 0.241018748334
14.000000000000 0.285187080642
14.000000000000 0.329993002221
14.000000000000 0.375363924425
14.000000000000 0.421242780245
14.000000000000 0.467583462777
14.000000000000 0.514347903027
14.000000000000 0.561504108464
14.000000000000 0.609024795931
14.000000000000 0.656886408743
14.000000000000 0.705068391357
14.000000000000 0.753552642079
14.000000000000 0.802323092133
14.000000000000 0.851365376462
14.000000000000 0.900666572453
14.000000000000 0.950214989876
14.000000000000 1.000000000000
14.000000000000 1.466666666667
14.000000000000 1.933333333333
14.000000000000 2.400000000000
14.000000000000 2.866666666667
14.000000000000 3.333333333333
14.000000000000 3.800000000000
14.000000000000 4.266666666667
14.000000000000 4.733333333333
14.000000000000 5.200000000000
14.000000000000 5.666666666667
14.000000000000 6.133333333333
14.000000000000 6.600000000000
14.000000000000 7.066666666667
14.000000000000 7.533333333333
14.000000000000 8.000000000000
14.000000000000 10.000000000000
14.000000000000 12.000000000000
14.000000000000 14.000000000000
14.000000000000 16.000000000000
14.000000000000 18.000000000000
14.000000000000 20.000000000000
14.000000000000 22.000000000000
14.000000000000 24.000000000000
14.000000000000 30.000000000000
14.000000000000 36.000000000000
14.000000000000 42.000000000000
14.000000000000 48.000000000000
16.000000000000 -48.000000000000
16.000000000000 -42.000000000000
16.000000000000 -36.000000000000
16.000000000000 -30.000000000000
16.000000000000 -24.000000000000
16.000000000000 -22.000000000000
16.000000000000 -20.000000000000
16.000000000000 -18.000000000000
16.000000000000 -16.000000000000
16.000000000000 -14.000000000000
16.000000000000 -12.000000000000
16.000000000000 -10.000000000000
16.000000000000 -8.000000000000
16.000000000000 -7.533333333333
16.000000000000 -7.066666666667
16.000000000000 -6.600000000000
16.000000000000 -6.133333333333
16.000000000000 -5.666666666667
16.000000000000 -5.200000000000
16.000000000000 -4.733333333333
16.000000000000 -4.266666666667
16.000000000000 -3.800000000000
16.000000000000 -3.333333333333
16.000000000000 -2.866666666667
16.000000000000 -2.400000000000
16.000000000000 -1.933333333333
16.000000000000 -1.466666666667
16.000000000000 -1.000000000000
16.000000000000 -0.950214989876
16.000000000000 -0.900666572453
16.000000000000 -0.851365376462
16.000000000000 -0.802323092133
16.000000000000 -0.753552642079
16.000000000000 -0.705068391357
16.000000000000 -0.656886408743
16.000000000000 -0.609024795931
16.000000000000 -0.561504108464
16.000000000000 -0.514347903027
16.000000000000 -0.467583462777
16.000000000000 -0.421242780245
16.000000000000 -0.375363924425
16.000000000000 -0.329993002221
16.000000000000 -0.285187080642
16.000000000000 -0.241018748334
16.000000000000 -0.197583672716
16.000000000000 -0.155014146033
16.000000000000 -0.113506188896
16.000000000000 -0.073383623210
16.000000000000 -0.035301637755
16.000000000000 -0.002000000000
16.000000000000 -0.001952380952
16.000000000000 -0.001904761905
16.000000000000 -0.001857142857
16.000000000000 -0.001809523810
16.000000000000 -0.001761904762
16.000000000000 -0.001714285714
16.000000000000 -0.001666666667
16.000000000000 -0.001619047619
16.000000000000 -0.001571428571
16.000000000000 -0.001523809524
16.000000000000 -0.001476190476
16.000000000000 -0.001428571429
16.000000000000 -0.001380952381
16.000000000000 -0.001333333333
16.000000000000 -0.001285714286
16.000000000000 -0.001238095238
16.000000000000 -0.001190476190
16.000000000000 -0.001142857143
16.000000000000 -0.001095238095
16.000000000000 -0.001047619048
16.000000000000 -0.001000000000
16.000000000000 -0.000952380952
16.000000000000 -0.000904761905
16.000000000000 -0.000857142857
16.000000000000 -0.000809523810
16.000000000000 -0.000761904762
16.000000000000 -0.000714285714
16.000000000000 -0.000666666667
16.000000000000 -0.000619047619
16.000000000000 -0.000571428571
16.000000000000 -0.000523809524
16.000000000000 -0.000476190476
16.000000000000 -0.000428571429
16.000000000000 -0.000380952381
16.000000000000 -0.000333333333
16.000000000000 -0.000285714286
16.000000000000 -0.000238095238
16.000000000000 -0.000190476190
16.000000000000 -0.000142857143
16.000000000000 -0.000095238095
16.000000000000 -0.000047619048
16.000000000000 0.000000000000
16.000000000000 0.000047619048
16.000000000000 0.000095238095
16.000000000000 0.000142857143
16.000000000000 0.000190476190
16.000000000000 0.000238095238
16.000000000000 0.000285714286
16.000000000000 0.000333333333
16.000000000000 0.000380952381
16.000000000000 0.000428571429
16.000000000000 0.000476190476
16.000000000000 0.000523809524
16.000000000000 0.000571428571
16.000000000000 0.000619047619
16.000000000000 0.000666666667
16.000000000000 0.000714285714
16.000000000000 0.000761904762
16.000000000000 0.000809523810
16.000000000000 0.000857142857
16.000000000000 0.000904761905
16.000000000000 0.000952380952
16.000000000000 0.001000000000
16.000000000000 0.001047619048
16.000000000000 0.001095238095
16.000000000000 0.001142857143
16.000000000000 0.001190476190
16.000000000000 0.001238095238
16.000000000000 0.001285714286
16.000000000000 0.001333333333
16.000000000000 0.001380952381
16.000000000000 0.001428571429
16.000000000000 0.001476190476
16.000000000000 0.001523809524
16.000000000000 0.001571428571
16.000000000000 0.001619047619
16.000000000000 0.001666666667
16.000000000000 0.001714285714
16.000000000000 0.001761904762
16.000000000000 0.001809523810
16.000000000000 0.001857142857
16.000000000000 0.001904761905
16.000000000000 0.001952380952
16.000000000000 0.002000000000
16.000000000000 0.035301637755
16.000000000000 0.073383623210
16.000000000000 0.113506188896
16.000000000000 0.155014146033
16.000000000000 0.197583672716
16.000000000000 0.241018748334
16.000000000000 0.285187080642
16.000000000000 0.329993002221
16.000000000000 0.375363924425
16.000000000000 0.421242780245
16.000000000000 0.467583462777
16.000000000000 0.514347903027
16.000000000000 0.561504108464
16.000000000000 0.609024795931
16.000000000000 0.656886408743
16.000000000000 0.705068391357
16.000000000000 0.753552642079
16.000000000000 0.802323092133
16.000000000000 0.851365376462
16.000000000000 0.900666572453
16.000000000000 0.950214989876
16.000000000000 1.000000000000
16.000000000000 1.466666666667
16.000000000000 1.933333333333
16.000000000000 2.400000000000
16.000000000000 2.866666666667
16.000000000000 3.333333333333
16.000000000000 3.800000000000
16.000000000000 4.266666666667
16.000000000000 4.733333333333
16.000000000000 5.200000000000
16.000000000000 5.666666666667
16.000000000000 6.133333333333
16.000000000000 6.600000000000
16.000000000000 7.066666666667
16.000000000000 7.533333333333
16.000000000000 8.000000000000
16.000000000000 10.000000000000
16.000000000000 12.000000000000
16.000000000000 14.000000000000
16.000000000000 16.000000000000
16.000000000000 18.000000000000
16.000000000000 20.000000000000
16.000000000000 22.000000000000
16.000000000000 24.000000000000
16.000000000000 30.000000000000
16.000000000000 36.000000000000
16.000000000000 42.000000000000
16.000000000000 48.000000000000
18.000000000000 -48.000000000000
18.000000000000 -42.000000000000
18.000000000000 -36.000000000000
18.000000000000 -30.000000000000
18.000000000000 -24.000000000000
18.000000000000 -22.000000000000
18.000000000000 -20.000000000000
18.000000000000 -18.000000000000
18.000000000000 -16.000000000000
18.000000000000 -14.000000000000
18.000000000000 -12.000000000000
18.000000000000 -10.000000000000
18.000000000000 -8.000000000000
18.000000000000 -7.533333333333
18.000000000000 -7.066666666667
18.000000000000 -6.600000000000
18.000000000000 -6.133333333333
18.000000000000 -5.666666666667
18.000000000000 -5.200000000000
18.000000000000 -4.733333333333
18.000000000000 -4.266666666667
18.000000000000 -3.800000000000
18.000000000000 -3.333333333333
18.000000000000 -2.866666666667
18.000000000000 -2.400000000000
18.000000000000 -1.933333333333
18.000000000000 -1.466666666667
18.000000000000 -1.000000000000
18.000000000000 -0.950214989876
18.000000000000 -0.900666572453
18.000000000000 -0.851365376462
18.000000000000 -0.802323092133
18.000000000000 -0.753552642079
18.000000000000 -0.705068391357
18.000000000000 -0.656886408743
18.000000000000 -0.609024795931
18.000000000000 -0.561504108464
18.000000000000 -0.514347903027
18.000000000000 -0.467583462777
18.000000000000 -0.421242780245
18.000000000000 -0.375363924425
18.000000000000 -0.329993002221
18.000000000000 -0.285187080642
18.000000000000 -0.241018748334
18.000000000000 -0.197583672716
18.000000000000 -0.155014146033
18.000000000000 -0.113506188896
18.000000000000 -0.073383623210
18.000000000000 -0.035301637755
18.000000000000 -0.002000000000
18.000000000000 -0.001952380952
18.000000000000 -0.001904761905
18.000000000000 -0.001857142857
18.000000000000 -0.001809523810
18.000000000000 -0.001761904762
18.000000000000 -0.001714285714
18.000000000000 -0.001666666667
18.000000000000 -0.001619047619
18.000000000000 -0.001571428571
18.000000000000 -0.001523809524
18.000000000000 -0.001476190476
18.000000000000 -0.001428571429
18.000000000000 -0.001380952381
18.000000000000 -0.001333333333
18.000000000000 -0.001285714286
18.000000000000 -0.001238095238
18.000000000000 -0.001190476190
18.000000000000 -0.001142857143
18.000000000000 -0.001095238095
18.000000000000 -0.001047619048
18.000000000000 -0.001000000000
18.000000000000 -0.000952380952
18.000000000000 -0.000904761905
18.000000000000 -0.000857142857
18.000000000000 -0.000809523810
18.000000000000 -0.000761904762
18.000000000000 -0.000714285714
18.000000000000 -0.000666666667
18.000000000000 -0.000619047619
18.000000000000 -0.000571428571
18.000000000000 -0.000523809524
18.000000000000 -0.000476190476
18.000000000000 -0.000428571429
18.000000000000 -0.000380952381
18.000000000000 -0.000333333333
18.000000000000 -0.000285714286
18.000000000000 -0.000238095238
18.000000000000 -0.000190476190
18.000000000000 -0.000142857143
18.000000000000 -0.000095238095
18.000000000000 -0.000047619048
18.000000000000 0.000000000000
18.000000000000 0.000047619048
18.000000000000 0.000095238095
18.000000000000 0.000142857143
18.000000000000 0.000190476190
18.000000000000 0.000238095238
18.000000000000 0.000285714286
18.000000000000 0.000333333333
18.000000000000 0.000380952381
18.000000000000 0.000428571429
18.000000000000 0.000476190476
18.000000000000 0.000523809524
18.000000000000 0.000571428571
18.000000000000 0.000619047619
18.000000000000 0.000666666667
18.000000000000 0.000714285714
18.000000000000 0.000761904762
18.000000000000 0.000809523810
18.000000000000 0.000857142857
18.000000000000 0.000904761905
18.000000000000 0.000952380952
18.000000000000 0.001000000000
18.000000000000 0.001047619048
18.000000000000 0.001095238095
18.000000000000 0.001142857143
18.000000000000 0.001190476190
18.000000000000 0.001238095238
18.000000000000 0.001285714286
18.000000000000 0.001333333333
18.000000000000 0.001380952381
18.000000000000 0.001428571429
18.000000000000 0.001476190476
18.000000000000 0.001523809524
18.000000000000 0.001571428571
18.000000000000 0.001619047619
18.000000000000 0.001666666667
18.000000000000 0.001714285714
18.000000000000 0.001761904762
18.000000000000 0.001809523810
18.000000000000 0.001857142857
18.000000000000 0.001904761905
18.000000000000 0.001952380952
18.000000000000 0.002000000000
18.000000000000 0.035301637755
18.000000000000 0.073383623210
18.000000000000 0.113506188896
18.000000000000 0.155014146033
18.000000000000 0.197583672716
18.000000000000 0.241018748334
18.000000000000 0.285187080642
18.000000000000 0.329993002221
18.000000000000 0.375363924425
18.000000000000 0.421242780245
18.000000000000 0.467583462777
18.000000000000 0.514347903027
18.000000000000 0.561504108464
18.000000000000 0.609024795931
18.000000000000 0.656886408743
18.000000000000 0.705068391357
18.000000000000 0.753552642079
18.000000000000 0.802323092133
18.000000000000 0.851365376462
18.000000000000 0.900666572453
18.000000000000 0.950214989876
18.000000000000 1.000000000000
18.000000000000 1.466666666667
18.000000000000 1.933333333333
18.000000000000 2.400000000000
18.000000000000 2.866666666667
18.000000000000 3.333333333333
18.000000000000 3.800000000000
18.000000000000 4.266666666667
18.000000000000 4.733333333333
18.000000000000 5.200000000000
18.000000000000 5.666666666667
18.000000000000 6.133333333333
18.000000000000 6.600000000000
18.000000000000 7.066666666667
18.000000000000 7.533333333333
18.000000000000 8.000000000000
18.000000000000 10.000000000000
18.000000000000 12.000000000000
18.000000000000 14.000000000000
18.000000000000 16.000000000000
18.000000000000 18.000000000000
18.000000000000 20.000000000000
18.000000000000 22.000000000000
18.000000000000 24.000000000000
18.000000000000 30.000000000000
18.000000000000 36.000000000000
18.000000000000 42.000000000000
18.000000000000 48.000000000000
20.000000000000 -48.000000000000
20.000000000000 -42.000000000000
20.000000000000 -36.000000000000
20.000000000000 -30.000000000000
20.000000000000 -24.000000000000
20.000000000000 -22.000000000000
20.000000000000 -20.000000000000
20.000000000000 -18.000000000000
20.000000000000 -16.000000000000
20.000000000000 -14.000000000000
20.000000000000 -12.000000000000
20.000000000000 -10.000000000000
20.000000000000 -8.000000000000
20.000000000000 -7.533333333333
20.000000000000 -7.066666666667
20.000000000000 -6.600000000000
20.000000000000 -6.133333333333
20.000000000000 -5.666666666667
20.000000000000 -5.200000000000
20.000000000000 -4.733333333333
20.000000000000 -4.266666666667
20.000000000000 -3.800000000000
20.000000000000 -3.333333333333
20.000000000000 -2.866666666667
20.000000000000 -2.400000000000
20.000000000000 -1.933333333333
20.000000000000 -1.466666666667
20.000000000000 -1.000000000000
20.000000000000 -0.950214989876
20.000000000000 -0.900666572453
20.000000000000 -0.851365376462
20.000000000000 -0.802323092133
20.000000000000 -0.753552642079
20.000000000000 -0.705068391357
20.000000000000 -0.656886408743
20.000000000000 -0.609024795931
20.000000000000 -0.561504108464
20.000000000000 -0.514347903027
20.000000000000 -0.467583462777
20.000000000000 -0.421242780245
20.000000000000 -0.375363924425
20.000000000000 -0.329993002221
20.000000000000 -0.285187080642
20.000000000000 -0.241018748334
20.000000000000 -0.197583672716
20.000000000000 -0.155014146033
20.000000000000 -0.113506188896
20.000000000000 -0.073383623210
20.000000000000 -0.035301637755
20.000000000000 -0.002000000000
20.000000000000 -0.001952380952
20.000000000000 -0.001904761905
20.000000000000 -0.001857142857
20.000000000000 -0.001809523810
20.000000000000 -0.001761904762
20.000000000000 -0.001714285714
20.000000000000 -0.001666666667
20.000000000000 -0.001619047619
20.000000000000 -0.001571428571
20.000000000000 -0.001523809524
20.000000000000 -0.001476190476
20.000000000000 -0.001428571429
20.000000000000 -0.001380952381
20.000000000000 -0.001333333333
20.000000000000 -0.001285714286
20.000000000000 -0.001238095238
20.000000000000 -0.001190476190
20.000000000000 -0.001142857143
20.000000000000 -0.001095238095
20.000000000000 -0.001047619048
20.000000000000 -0.001000000000
20.000000000000 -0.000952380952
20.000000000000 -0.000904761905
20.000000000000 -0.000857142857
20.000000000000 -0.000809523810
20.000000000000 -0.000761904762
20.000000000000 -0.000714285714
20.000000000000 -0.000666666667
20.000000000000 -0.000619047619
20.000000000000 -0.000571428571
20.000000000000 -0.000523809524
20.000000000000 -0.000476190476
20.000000000000 -0.000428571429
20.000000000000 -0.000380952381
20.000000000000 -0.000333333333
20.000000000000 -0.000285714286
20.000000000000 -0.000238095238
20.000000000000 -0.000190476190
20.000000000000 -0.000142857143
20.000000000000 -0.000095238095
20.000000000000 -0.000047619048
20.000000000000 0.000000000000
20.000000000000 0.000047619048
20.000000000000 0.000095238095
20.000000000000 0.000142857143
20.000000000000 0.000190476190
20.000000000000 0.000238095238
20.000000000000 0.000285714286
20.000000000000 0.000333333333
20.000000000000 0.000380952381
20.000000000000 0.000428571429
20.000000000000 0.000476190476
20.000000000000 0.000523809524
20.000000000000 0.000571428571
20.000000000000 0.000619047619
20.000000000000 0.000666666667
20.000000000000 0.000714285714
20.000000000000 0.000761904762
20.000000000000 0.000809523810
20.000000000000 0.000857142857
20.000000000000 0.000904761905
20.000000000000 0.000952380952
20.000000000000 0.001000000000
20.000000000000 0.001047619048
20.000000000000 0.001095238095
20.000000000000 0.001142857143
20.000000000000 0.001190476190
20.000000000000 0.001238095238
20.000000000000 0.001285714286
20.000000000000 0.001333333333
20.000000000000 0.001380952381
20.000000000000 0.001428571429
20.000000000000 0.001476190476
20.000000000000 0.001523809524
20.000000000000 0.001571428571
20.000000000000 0.001619047619
20.000000000000 0.001666666667
20.000000000000 0.001714285714
20.000000000000 0.001761904762
20.000000000000 0.001809523810
20.000000000000 0.001857142857
20.000000000000 0.001904761905
20.000000000000 0.001952380952
20.000000000000 0.002000000000
20.000000000000 0.035301637755
20.000000000000 0.073383623210
20.000000000000 0.113506188896
20.000000000000 0.155014146033
20.000000000000 0.197583672716
20.000000000000 0.241018748334
20.000000000000 0.285187080642
20.000000000000 0.329993002221
20.000000000000 0.375363924425
20.000000000000 0.421242780245
20.000000000000 0.467583462777
20.000000000000 0.514347903027
20.000000000000 0.561504108464
20.000000000000 0.609024795931
20.000000000000 0.656886408743
20.000000000000 0.705068391357
20.000000000000 0.753552642079
20.000000000000 0.802323092133
20.000000000000 0.851365376462
20.000000000000 0.900666572453
20.000000000000 0.950214989876
20.000000000000 1.000000000000
20.000000000000 1.466666666667
20.000000000000 1.933333333333
20.000000000000 2.400000000000
20.000000000000 2.866666666667
20.000000000000 3.333333333333
20.000000000000 3.800000000000
20.000000000000 4.266666666667
20.000000000000 4.733333333333
20.000000000000 5.200000000000
20.000000000000 5.666666666667
20.000000000000 6.133333333333
20.000000000000 6.600000000000
20.000000000000 7.066666666667
20.000000000000 7.533333333333
20.000000000000 8.000000000000
20.000000000000 10.000000000000
20.000000000000 12.000000000000
20.000000000000 14.000000000000
20.000000000000 16.000000000000
20.000000000000 18.000000000000
20.000000000000 20.000000000000
20.000000000000 22.000000000000
20.000000000000 24.000000000000
20.000000000000 30.000000000000
20.000000000000 36.000000000000
20.000000000000 42.000000000000
20.000000000000 48.000000000000
22.000000000000 -48.000000000000
22.000000000000 -42.000000000000
22.000000000000 -36.000000000000
22.000000000000 -30.000000000000
22.000000000000 -24.000000000000
22.000000000000 -22.000000000000
22.000000000000 -20.000000000000
22.000000000000 -18.000000000000
22.000000000000 -16.000000000000
22.000000000000 -14.000000000000
22.000000000000 -12.000000000000
22.000000000000 -10.000000000000
22.000000000000 -8.000000000000
22.000000000000 -7.533333333333
22.000000000000 -7.066666666667
22.000000000000 -6.600000000000
22.000000000000 -6.133333333333
22.000000000000 -5.666666666667
22.000000000000 -5.200000000000
22.000000000000 -4.733333333333
22.000000000000 -4.266666666667
22.000000000000 -3.800000000000
22.000000000000 -3.333333333333
22.000000000000 -2.866666666667
22.000000000000 -2.400000000000
22.000000000000 -1.933333333333
22.000000000000 -1.466666666667
22.000000000000 -1.000000000000
22.000000000000 -0.950214989876
22.000000000000 -0.900666572453
22.000000000000 -0.851365376462
22.000000000000 -0.802323092133
22.000000000000 -0.753552642079
22.000000000000 -0.705068391357
22.000000000000 -0.656886408743
22.000000000000 -0.609024795931
22.000000000000 -0.561504108464
22.000000000000 -0.514347903027
22.000000000000 -0.467583462777
22.000000000000 -0.421242780245
22.000000000000 -0.375363924425
22.000000000000 -0.329993002221
22.000000000000 -0.285187080642
22.000000000000 -0.241018748334
22.000000000000 -0.197583672716
22.000000000000 -0.155014146033
22.000000000000 -0.113506188896
22.000000000000 -0.073383623210
22.000000000000 -0.035301637755
22.000000000000 -0.002000000000
22.000000000000 -0.001952380952
22.000000000000 -0.001904761905
22.000000000000 -0.001857142857
22.000000000000 -0.001809523810
22.000000000000 -0.001761904762
22.000000000000 -0.001714285714
22.000000000000 -0.001666666667
22.000000000000 -0.001619047619
22.000000000000 -0.001571428571
22.000000000000 -0.001523809524
22.000000000000 -0.001476190476
22.000000000000 -0.001428571429
22.000000000000 -0.001380952381
22.000000000000 -0.001333333333
22.000000000000 -0.001285714286
22.000000000000 -0.001238095238
22.000000000000 -0.001190476190
22.000000000000 -0.001142857143
22.000000000000 -0.001095238095
22.000000000000 -0.001047619048
22.000000000000 -0.001000000000
22.000000000000 -0.000952380952
22.000000000000 -0.000904761905
22.000000000000 -0.000857142857
22.000000000000 -0.000809523810
22.000000000000 -0.000761904762
22.000000000000 -0.000714285714
22.000000000000 -0.000666666667
22.000000000000 -0.000619047619
22.000000000000 -0.000571428571
22.000000000000 -0.000523809524
22.000000000000 -0.000476190476
22.000000000000 -0.000428571429
22.000000000000 -0.000380952381
22.000000000000 -0.000333333333
22.000000000000 -0.000285714286
22.000000000000 -0.000238095238
22.000000000000 -0.000190476190
22.000000000000 -0.000142857143
22.000000000000 -0.000095238095
22.000000000000 -0.000047619048
22.000000000000 0.000000000000
22.000000000000 0.000047619048
22.000000000000 0.000095238095
22.000000000000 0.000142857143
22.000000000000 0.000190476190
22.000000000000 0.000238095238
22.000000000000 0.000285714286
22.000000000000 0.000333333333
22.000000000000 0.000380952381
22.000000000000 0.000428571429
22.000000000000 0.000476190476
22.000000000000 0.000523809524
22.000000000000 0.000571428571
22.000000000000 0.000619047619
22.000000000000 0.000666666667
22.000000000000 0.000714285714
22.000000000000 0.000761904762
22.000000000000 0.000809523810
22.000000000000 0.000857142857
22.000000000000 0.000904761905
22.000000000000 0.000952380952
22.000000000000 0.001000000000
22.000000000000 0.001047619048
22.000000000000 0.001095238095
22.000000000000 0.001142857143
22.000000000000 0.001190476190
22.000000000000 0.001238095238
22.000000000000 0.001285714286
22.000000000000 0.001333333333
22.000000000000 0.001380952381
22.000000000000 0.001428571429
22.000000000000 0.001476190476
22.000000000000 0.001523809524
22.000000000000 0.001571428571
22.000000000000 0.001619047619
22.000000000000 0.001666666667
22.000000000000 0.001714285714
22.000000000000 0.001761904762
22.000000000000 0.001809523810
22.000000000000 0.001857142857
22.000000000000 0.001904761905
22.000000000000 0.001952380952
22.000000000000 0.002000000000
22.000000000000 0.035301637755
22.000000000000 0.073383623210
22.000000000000 0.113506188896
22.000000000000 0.155014146033
22.000000000000 0.197583672716
22.000000000000 0.241018748334
22.000000000000 0.285187080642
22.000000000000 0.329993002221
22.000000000000 0.375363924425
22.000000000000 0.421242780245
22.000000000000 0.467583462777
22.000000000000 0.514347903027
22.000000000000 0.561504108464
22.000000000000 0.609024795931
22.000000000000 0.656886408743
22.000000000000 0.705068391357
22.000000000000 0.753552642079
22.000000000000 0.802323092133
22.000000000000 0.851365376462
22.000000000000 0.900666572453
22.000000000000 0.950214989876
22.000000000000 1.000000000000
22.000000000000 1.466666666667
22.000000000000 1.933333333333
22.000000000000 2.400000000000
22.000000000000 2.866666666667
22.000000000000 3.333333333333
22.000000000000 3.800000000000
22.000000000000 4.266666666667
22.000000000000 4.733333333333
22.000000000000 5.200000000000
22.000000000000 5.666666666667
22.000000000000 6.133333333333
22.000000000000 6.600000000000
22.000000000000 7.066666666667
22.000000000000 7.533333333333
22.000000000000 8.000000000000
22.000000000000 10.000000000000
22.000000000000 12.000000000000
22.000000000000 14.000000000000
22.000000000000 16.000000000000
22.000000000000 18.000000000000
22.000000000000 20.000000000000
22.000000000000 22.000000000000
22.000000000000 24.000000000000
22.000000000000 30.000000000000
22.000000000000 36.000000000000
22.000000000000 42.000000000000
22.000000000000 48.000000000000
24.000000000000 -48.000000000000
24.000000000000 -42.000000000000
24.000000000000 -36.000000000000
24.000000000000 -30.000000000000
24.000000000000 -24.000000000000
24.000000000000 -22.000000000000
24.000000000000 -20.000000000000
24.000000000000 -18.000000000000
24.000000000000 -16.000000000000
24.000000000000 -14.000000000000
24.000000000000 -12.000000000000
24.000000000000 -10.000000000000
24.000000000000 -8.000000000000
24.000000000000 -7.533333333333
24.000000000000 -7.066666666667
24.000000000000 -6.600000000000
24.000000000000 -6.133333333333
24.000000000000 -5.666666666667
24.000000000000 -5.200000000000
24.000000000000 -4.733333333333
24.000000000000 -4.266666666667
24.000000000000 -3.800000000000
24.000000000000 -3.333333333333
24.000000000000 -2.866666666667
24.000000000000 -2.400000000000
24.000000000000 -1.933333333333
24.000000000000 -1.466666666667
24.000000000000 -1.000000000000
24.000000000000 -0.950214989876
24.000000000000 -0.900666572453
24.000000000000 -0.851365376462
24.000000000000 -0.802323092133
24.000000000000 -0.753552642079
24.000000000000 -0.705068391357
24.000000000000 -0.656886408743
24.000000000000 -0.609024795931
24.000000000000 -0.561504108464
24.000000000000 -0.514347903027
24.000000000000 -0.467583462777
24.000000000000 -0.421242780245
24.000000000000 -0.375363924425
24.000000000000 -0.329993002221
24.000000000000 -0.285187080642
24.000000000000 -0.241018748334
24.000000000000 -0.197583672716
24.000000000000 -0.155014146033
24.000000000000 -0.113506188896
24.000000000000 -0.073383623210
24.000000000000 -0.035301637755
24.000000000000 -0.002000000000
24.000000000000 -0.001952380952
24.000000000000 -0.001904761905
24.000000000000 -0.001857142857
24.000000000000 -0.001809523810
24.000000000000 -0.001761904762
24.000000000000 -0.001714285714
24.000000000000 -0.001666666667
24.000000000000 -0.001619047619
24.000000000000 -0.001571428571
24.000000000000 -0.001523809524
24.000000000000 -0.001476190476
24.000000000000 -0.001428571429
24.000000000000 -0.001380952381
24.000000000000 -0.001333333333
24.000000000000 -0.001285714286
24.000000000000 -0.001238095238
24.000000000000 -0.001190476190
24.000000000000 -0.001142857143
24.000000000000 -0.001095238095
24.000000000000 -0.001047619048
24.000000000000 -0.001000000000
24.000000000000 -0.000952380952
24.000000000000 -0.000904761905
24.000000000000 -0.000857142857
24.000000000000 -0.000809523810
24.000000000000 -0.000761904762
24.000000000000 -0.000714285714
24.000000000000 -0.000666666667
24.000000000000 -0.000619047619
24.000000000000 -0.000571428571
24.000000000000 -0.000523809524
24.000000000000 -0.000476190476
24.000000000000 -0.000428571429
24.000000000000 -0.000380952381
24.000000000000 -0.000333333333
24.000000000000 -0.000285714286
24.000000000000 -0.000238095238
24.000000000000 -0.000190476190
24.000000000000 -0.000142857143
24.000000000000 -0.000095238095
24.000000000000 -0.000047619048
24.000000000000 0.000000000000
24.000000000000 0.000047619048
24.000000000000 0.000095238095
24.000000000000 0.000142857143
24.000000000000 0.000190476190
24.000000000000 0.000238095238
24.000000000000 0.000285714286
24.000000000000 0.000333333333
24.000000000000 0.000380952381
24.000000000000 0.000428571429
24.000000000000 0.000476190476
24.000000000000 0.000523809524
24.000000000000 0.000571428571
24.000000000000 0.000619047619
24.000000000000 0.000666666667
24.000000000000 0.000714285714
24.000000000000 0.000761904762
24.000000000000 0.000809523810
24.000000000000 0.000857142857
24.000000000000 0.000904761905
24.000000000000 0.000952380952
24.000000000000 0.001000000000
24.000000000000 0.001047619048
24.000000000000 0.001095238095
24.000000000000 0.001142857143
24.000000000000 0.001190476190
24.000000000000 0.001238095238
24.000000000000 0.001285714286
24.000000000000 0.001333333333
24.000000000000 0.001380952381
24.000000000000 0.001428571429
24.000000000000 0.001476190476
24.000000000000 0.001523809524
24.000000000000 0.001571428571
24.000000000000 0.001619047619
24.000000000000 0.001666666667
24.000000000000 0.001714285714
24.000000000000 0.001761904762
24.000000000000 0.001809523810
24.000000000000 0.001857142857
24.000000000000 0.001904761905
24.000000000000 0.001952380952
24.000000000000 0.002000000000
24.000000000000 0.035301637755
24.000000000000 0.073383623210
24.000000000000 0.113506188896
24.000000000000 0.155014146033
24.000000000000 0.197583672716
24.000000000000 0.241018748334
24.000000000000 0.285187080642
24.000000000000 0.329993002221
24.000000000000 0.375363924425
24.000000000000 0.421242780245
24.000000000000 0.467583462777
24.000000000000 0.514347903027
24.000000000000 0.561504108464
24.000000000000 0.609024795931
24.000000000000 0.656886408743
24.000000000000 0.705068391357
24.000000000000 0.753552642079
24.000000000000 0.802323092133
24.000000000000 0.851365376462
24.000000000000 0.900666572453
24.000000000000 0.950214989876
24.000000000000 1.000000000000
24.000000000000 1.466666666667
24.000000000000 1.933333333333
24.000000000000 2.400000000000
24.000000000000 2.866666666667
24.000000000000 3.333333333333
24.000000000000 3.800000000000
24.000000000000 4.266666666667
24.000000000000 4.733333333333
24.000000000000 5.200000000000
24.000000000000 5.666666666667
24.000000000000 6.133333333333
24.000000000000 6.600000000000
24.000000000000 7.066666666667
24.000000000000 7.533333333333
24.000000000000 8.000000000000
24.000000000000 10.000000000000
24.000000000000 12.000000000000
24.000000000000 14.000000000000
24.000000000000 16.000000000000
24.000000000000 18.000000000000
24.000000000000 20.000000000000
24.000000000000 22.000000000000
24.000000000000 24.000000000000
24.000000000000 30.000000000000
24.000000000000 36.000000000000
24.000000000000 42.000000000000
24.000000000000 48.000000000000
30.000000000000 -48.000000000000
30.000000000000 -42.000000000000
30.000000000000 -36.000000000000
30.000000000000 -30.000000000000
30.000000000000 -24.000000000000
30.000000000000 -22.000000000000
30.000000000000 -20.000000000000
30.000000000000 -18.000000000000
30.000000000000 -16.000000000000
30.000000000000 -14.000000000000
30.000000000000 -12.000000000000
30.000000000000 -10.000000000000
30.000000000000 -8.000000000000
30.000000000000 -7.533333333333
30.000000000000 -7.066666666667
30.000000000000 -6.600000000000
30.000000000000 -6.133333333333
30.000000000000 -5.666666666667
30.000000000000 -5.200000000000
30.000000000000 -4.733333333333
30.000000000000 -4.266666666667
30.000000000000 -3.800000000000
30.000000000000 -3.333333333333
30.000000000000 -2.866666666667
30.000000000000 -2.400000000000
30.000000000000 -1.933333333333
30.000000000000 -1.466666666667
30.000000000000 -1.000000000000
30.000000000000 -0.950214989876
30.000000000000 -0.900666572453
30.000000000000 -0.851365376462
30.000000000000 -0.802323092133
30.000000000000 -0.753552642079
30.000000000000 -0.705068391357
30.000000000000 -0.656886408743
30.000000000000 -0.609024795931
30.000000000000 -0.561504108464
30.000000000000 -0.514347903027
30.000000000000 -0.467583462777
30.000000000000 -0.421242780245
30.000000000000 -0.375363924425
30.000000000000 -0.329993002221
30.000000000000 -0.285187080642
30.000000000000 -0.241018748334
30.000000000000 -0.197583672716
30.000000000000 -0.155014146033
30.000000000000 -0.113506188896
30.000000000000 -0.073383623210
30.000000000000 -0.035301637755
30.000000000000 -0.002000000000
30.000000000000 -0.001952380952
30.000000000000 -0.001904761905
30.000000000000 -0.001857142857
30.000000000000 -0.001809523810
30.000000000000 -0.001761904762
30.000000000000 -0.001714285714
30.000000000000 -0.001666666667
30.000000000000 -0.001619047619
30.000000000000 -0.001571428571
30.000000000000 -0.001523809524
30.000000000000 -0.001476190476
30.000000000000 -0.001428571429
30.000000000000 -0.001380952381
30.000000000000 -0.001333333333
30.000000000000 -0.001285714286
30.000000000000 -0.001238095238
30.000000000000 -0.001190476190
30.000000000000 -0.001142857143
30.000000000000 -0.001095238095
30.000000000000 -0.001047619048
30.000000000000 -0.001000000000
30.000000000000 -0.000952380952
30.000000000000 -0.000904761905
30.000000000000 -0.000857142857
30.000000000000 -0.000809523810
30.000000000000 -0.000761904762
30.000000000000 -0.000714285714
30.000000000000 -0.000666666667
30.000000000000 -0.000619047619
30.000000000000 -0.000571428571
30.000000000000 -0.000523809524
30.000000000000 -0.000476190476
30.000000000000 -0.000428571429
30.000000000000 -0.000380952381
30.000000000000 -0.000333333333
30.000000000000 -0.000285714286
30.000000000000 -0.000238095238
30.000000000000 -0.000190476190
30.000000000000 -0.000142857143
30.000000000000 -0.000095238095
30.000000000000 -0.000047619048
30.000000000000 0.000000000000
30.000000000000 0.000047619048
30.000000000000 0.000095238095
30.000000000000 0.000142857143
30.000000000000 0.000190476190
30.000000000000 0.000238095238
30.000000000000 0.000285714286
30.000000000000 0.000333333333
30.000000000000 0.000380952381
30.000000000000 0.000428571429
30.000000000000 0.000476190476
30.000000000000 0.000523809524
30.000000000000 0.000571428571
30.000000000000 0.000619047619
30.000000000000 0.000666666667
30.000000000000 0.000714285714
30.000000000000 0.000761904762
30.000000000000 0.000809523810
30.000000000000 0.000857142857
30.000000000000 0.000904761905
30.000000000000 0.000952380952
30.000000000000 0.001000000000
30.000000000000 0.001047619048
30.000000000000 0.001095238095
30.000000000000 0.001142857143
30.000000000000 0.001190476190
30.000000000000 0.001238095238
30.000000000000 0.001285714286
30.000000000000 0.001333333333
30.000000000000 0.001380952381
30.000000000000 0.001428571429
30.000000000000 0.001476190476
30.000000000000 0.001523809524
30.000000000000 0.001571428571
30.000000000000 0.001619047619
30.000000000000 0.001666666667
30.000000000000 0.001714285714
30.000000000000 0.001761904762
30.000000000000 0.001809523810
30.000000000000 0.001857142857
30.000000000000 0.001904761905
30.000000000000 0.001952380952
30.000000000000 0.002000000000
30.000000000000 0.035301637755
30.000000000000 0.073383623210
30.000000000000 0.113506188896
30.000000000000 0.155014146033
30.000000000000 0.197583672716
30.000000000000 0.241018748334
30.000000000000 0.285187080642
30.000000000000 0.329993002221
30.000000000000 0.375363924425
30.000000000000 0.421242780245
30.000000000000 0.467583462777
30.000000000000 0.514347903027
30.000000000000 0.561504108464
30.000000000000 0.609024795931
30.000000000000 0.656886408743
30.000000000000 0.705068391357
30.000000000000 0.753552642079
30.000000000000 0.802323092133
30.000000000000 0.851365376462
30.000000000000 0.900666572453
30.000000000000 0.950214989876
30.000000000000 1.000000000000
30.000000000000 1.466666666667
30.000000000000 1.933333333333
30.000000000000 2.400000000000
30.000000000000 2.866666666667
30.000000000000 3.333333333333
30.000000000000 3.800000000000
30.000000000000 4.266666666667
30.000000000000 4.733333333333
30.000000000000 5.200000000000
30.000000000000 5.666666666667
30.000000000000 6.133333333333
30.000000000000 6.600000000000
30.000000000000 7.066666666667
30.000000000000 7.533333333333
30.000000000000 8.000000000000
30.000000000000 10.000000000000
30.000000000000 12.000000000000
30.000000000000 14.000000000000
30.000000000000 16.000000000000
30.000000000000 18.000000000000
30.000000000000 20.000000000000
30.000000000000 22.000000000000
30.000000000000 24.000000000000
30.000000000000 30.000000000000
30.000000000000 36.000000000000
30.000000000000 42.000000000000
30.000000000000 48.000000000000
36.000000000000 -48.000000000000
36.000000000000 -42.000000000000
36.000000000000 -36.000000000000
36.000000000000 -30.000000000000
36.000000000000 -24.000000000000
36.000000000000 -22.000000000000
36.000000000000 -20.000000000000
36.000000000000 -18.000000000000
36.000000000000 -16.000000000000
36.000000000000 -14.000000000000
36.000000000000 -12.000000000000
36.000000000000 -10.000000000000
36.000000000000 -8.000000000000
36.000000000000 -7.533333333333
36.000000000000 -7.066666666667
36.000000000000 -6.600000000000
36.000000000000 -6.133333333333
36.000000000000 -5.666666666667
36.000000000000 -5.200000000000
36.000000000000 -4.733333333333
36.000000000000 -4.266666666667
36.000000000000 -3.800000000000
36.000000000000 -3.333333333333
36.000000000000 -2.866666666667
36.000000000000 -2.400000000000
36.000000000000 -1.933333333333
36.000000000000 -1.466666666667
36.000000000000 -1.000000000000
36.000000000000 -0.950214989876
36.000000000000 -0.900666572453
36.000000000000 -0.851365376462
36.000000000000 -0.802323092133
36.000000000000 -0.753552642079
36.000000000000 -0.705068391357
36.000000000000 -0.656886408743
36.000000000000 -0.609024795931
36.000000000000 -0.561504108464
36.000000000000 -0.514347903027
36.000000000000 -0.467583462777
36.000000000000 -0.421242780245
36.000000000000 -0.375363924425
36.000000000000 -0.329993002221
36.000000000000 -0.285187080642
36.000000000000 -0.241018748334
36.000000000000 -0.197583672716
36.000000000000 -0.155014146033
36.000000000000 -0.113506188896
36.000000000000 -0.073383623210
36.000000000000 -0.035301637755
36.000000000000 -0.002000000000
36.000000000000 -0.001952380952
36.000000000000 -0.001904761905
36.000000000000 -0.001857142857
36.000000000000 -0.001809523810
36.000000000000 -0.001761904762
36.000000000000 -0.001714285714
36.000000000000 -0.001666666667
36.000000000000 -0.001619047619
36.000000000000 -0.001571428571
36.000000000000 -0.001523809524
36.000000000000 -0.001476190476
36.000000000000 -0.001428571429
36.000000000000 -0.001380952381
36.000000000000 -0.001333333333
36.000000000000 -0.001285714286
36.000000000000 -0.001238095238
36.000000000000 -0.001190476190
36.000000000000 -0.001142857143
36.000000000000 -0.001095238095
36.000000000000 -0.001047619048
36.000000000000 -0.001000000000
36.000000000000 -0.000952380952
36.000000000000 -0.000904761905
36.000000000000 -0.000857142857
36.000000000000 -0.000809523810
36.000000000000 -0.000761904762
36.000000000000 -0.000714285714
36.000000000000 -0.000666666667
36.000000000000 -0.000619047619
36.000000000000 -0.000571428571
36.000000000000 -0.000523809524
36.000000000000 -0.000476190476
36.000000000000 -0.000428571429
36.000000000000 -0.000380952381
36.000000000000 -0.000333333333
36.000000000000 -0.000285714286
36.000000000000 -0.000238095238
36.000000000000 -0.000190476190
36.000000000000 -0.000142857143
36.000000000000 -0.000095238095
36.000000000000 -0.000047619048
36.000000000000 0.000000000000
36.000000000000 0.000047619048
36.000000000000 0.000095238095
36.000000000000 0.000142857143
36.000000000000 0.000190476190
36.000000000000 0.000238095238
36.000000000000 0.000285714286
36.000000000000 0.000333333333
36.000000000000 0.000380952381
36.000000000000 0.000428571429
36.000000000000 0.000476190476
36.000000000000 0.000523809524
36.000000000000 0.000571428571
36.000000000000 0.000619047619
36.000000000000 0.000666666667
36.000000000000 0.000714285714
36.000000000000 0.000761904762
36.000000000000 0.000809523810
36.000000000000 0.000857142857
36.000000000000 0.000904761905
36.000000000000 0.000952380952
36.000000000000 0.001000000000
36.000000000000 0.001047619048
36.000000000000 0.001095238095
36.000000000000 0.001142857143
36.000000000000 0.001190476190
36.000000000000 0.001238095238
36.000000000000 0.001285714286
36.000000000000 0.001333333333
36.000000000000 0.001380952381
36.000000000000 0.001428571429
36.000000000000 0.001476190476
36.000000000000 0.001523809524
36.000000000000 0.001571428571
36.000000000000 0.001619047619
36.000000000000 0.001666666667
36.000000000000 0.001714285714
36.000000000000 0.001761904762
36.000000000000 0.001809523810
36.000000000000 0.001857142857
36.000000000000 0.001904761905
36.000000000000 0.001952380952
36.000000000000 0.002000000000
36.000000000000 0.035301637755
36.000000000000 0.073383623210
36.000000000000 0.113506188896
36.000000000000 0.155014146033
36.000000000000 0.197583672716
36.000000000000 0.241018748334
36.000000000000 0.285187080642
36.000000000000 0.329993002221
36.000000000000 0.375363924425
36.000000000000 0.421242780245
36.000000000000 0.467583462777
36.000000000000 0.514347903027
36.000000000000 0.561504108464
36.000000000000 0.609024795931
36.000000000000 0.656886408743
36.000000000000 0.705068391357
36.000000000000 0.753552642079
36.000000000000 0.802323092133
36.000000000000 0.851365376462
36.000000000000 0.900666572453
36.000000000000 0.950214989876
36.000000000000 1.000000000000
36.000000000000 1.466666666667
36.000000000000 1.933333333333
36.000000000000 2.400000000000
36.000000000000 2.866666666667
36.000000000000 3.333333333333
36.000000000000 3.800000000000
36.000000000000 4.266666666667
36.000000000000 4.733333333333
36.000000000000 5.200000000000
36.000000000000 5.666666666667
36.000000000000 6.133333333333
36.000000000000 6.600000000000
36.000000000000 7.066666666667
36.000000000000 7.533333333333
36.000000000000 8.000000000000
36.000000000000 10.000000000000
36.000000000000 12.000000000000
36.000000000000 14.000000000000
36.000000000000 16.000000000000
36.000000000000 18.000000000000
36.000000000000 20.000000000000
36.000000000000 22.000000000000
36.000000000000 24.000000000000
36.000000000000 30.000000000000
36.000000000000 36.000000000000
36.000000000000 42.000000000000
36.000000000000 48.000000000000
42.000000000000 -48.000000000000
42.000000000000 -42.000000000000
42.000000000000 -36.000000000000
42.000000000000 -30.000000000000
42.000000000000 -24.000000000000
42.000000000000 -22.000000000000
42.000000000000 -20.000000000000
42.000000000000 -18.000000000000
42.000000000000 -16.000000000000
42.000000000000 -14.000000000000
42.000000000000 -12.000000000000
42.000000000000 -10.000000000000
42.000000000000 -8.000000000000
42.000000000000 -7.533333333333
42.000000000000 -7.066666666667
42.000000000000 -6.600000000000
42.000000000000 -6.133333333333
42.000000000000 -5.666666666667
42.000000000000 -5.200000000000
42.000000000000 -4.733333333333
42.000000000000 -4.266666666667
42.000000000000 -3.800000000000
42.000000000000 -3.333333333333
42.000000000000 -2.866666666667
42.000000000000 -2.400000000000
42.000000000000 -1.933333333333
42.000000000000 -1.466666666667
42.000000000000 -1.000000000000
42.000000000000 -0.950214989876
42.000000000000 -0.900666572453
42.000000000000 -0.851365376462
42.000000000000 -0.802323092133
42.000000000000 -0.753552642079
42.000000000000 -0.705068391357
42.000000000000 -0.656886408743
42.000000000000 -0.609024795931
42.000000000000 -0.561504108464
42.000000000000 -0.514347903027
42.000000000000 -0.467583462777
42.000000000000 -0.421242780245
42.000000000000 -0.375363924425
42.000000000000 -0.329993002221
42.000000000000 -0.285187080642
42.000000000000 -0.241018748334
42.000000000000 -0.197583672716
42.000000000000 -0.155014146033
42.000000000000 -0.113506188896
42.000000000000 -0.073383623210
42.000000000000 -0.035301637755
42.000000000000 -0.002000000000
42.000000000000 -0.001952380952
42.000000000000 -0.001904761905
42.000000000000 -0.001857142857
42.000000000000 -0.001809523810
42.000000000000 -0.001761904762
42.000000000000 -0.001714285714
42.000000000000 -0.001666666667
42.000000000000 -0.001619047619
42.000000000000 -0.001571428571
42.000000000000 -0.001523809524
42.000000000000 -0.001476190476
42.000000000000 -0.001428571429
42.000000000000 -0.001380952381
42.000000000000 -0.001333333333
42.000000000000 -0.001285714286
42.000000000000 -0.001238095238
42.000000000000 -0.001190476190
42.000000000000 -0.001142857143
42.000000000000 -0.001095238095
42.000000000000 -0.001047619048
42.000000000000 -0.001000000000
42.000000000000 -0.000952380952
42.000000000000 -0.000904761905
42.000000000000 -0.000857142857
42.000000000000 -0.000809523810
42.000000000000 -0.000761904762
42.000000000000 -0.000714285714
42.000000000000 -0.000666666667
42.000000000000 -0.000619047619
42.000000000000 -0.000571428571
42.000000000000 -0.000523809524
42.000000000000 -0.000476190476
42.000000000000 -0.000428571429
42.000000000000 -0.000380952381
42.000000000000 -0.000333333333
42.000000000000 -0.000285714286
42.000000000000 -0.000238095238
42.000000000000 -0.000190476190
42.000000000000 -0.000142857143
42.000000000000 -0.000095238095
42.000000000000 -0.000047619048
42.000000000000 0.000000000000
42.000000000000 0.000047619048
42.000000000000 0.000095238095
42.000000000000 0.000142857143
42.000000000000 0.000190476190
42.000000000000 0.000238095238
42.000000000000 0.000285714286
42.000000000000 0.000333333333
42.000000000000 0.000380952381
42.000000000000 0.000428571429
42.000000000000 0.000476190476
42.000000000000 0.000523809524
42.000000000000 0.000571428571
42.000000000000 0.000619047619
42.000000000000 0.000666666667
42.000000000000 0.000714285714
42.000000000000 0.000761904762
42.000000000000 0.000809523810
42.000000000000 0.000857142857
42.000000000000 0.000904761905
42.000000000000 0.000952380952
42.000000000000 0.001000000000
42.000000000000 0.001047619048
42.000000000000 0.001095238095
42.000000000000 0.001142857143
42.000000000000 0.001190476190
42.000000000000 0.001238095238
42.000000000000 0.001285714286
42.000000000000 0.001333333333
42.000000000000 0.001380952381
42.000000000000 0.001428571429
42.000000000000 0.001476190476
42.000000000000 0.001523809524
42.000000000000 0.001571428571
42.000000000000 0.001619047619
42.000000000000 0.001666666667
42.000000000000 0.001714285714
42.000000000000 0.001761904762
42.000000000000 0.001809523810
42.000000000000 0.001857142857
42.000000000000 0.001904761905
42.000000000000 0.001952380952
42.000000000000 0.002000000000
42.000000000000 0.035301637755
42.000000000000 0.073383623210
42.000000000000 0.113506188896
42.000000000000 0.155014146033
42.000000000000 0.197583672716
42.000000000000 0.241018748334
42.000000000000 0.285187080642
42.000000000000 0.329993002221
42.000000000000 0.375363924425
42.000000000000 0.421242780245
42.000000000000 0.467583462777
42.000000000000 0.514347903027
42.000000000000 0.561504108464
42.000000000000 0.609024795931
42.000000000000 0.656886408743
42.000000000000 0.705068391357
42.000000000000 0.753552642079
42.000000000000 0.802323092133
42.000000000000 0.851365376462
42.000000000000 0.900666572453
42.000000000000 0.950214989876
42.000000000000 1.000000000000
42.000000000000 1.466666666667
42.000000000000 1.933333333333
42.000000000000 2.400000000000
42.000000000000 2.866666666667
42.000000000000 3.333333333333
42.000000000000 3.800000000000
42.000000000000 4.266666666667
42.000000000000 4.733333333333
42.000000000000 5.200000000000
42.000000000000 5.666666666667
42.000000000000 6.133333333333
42.000000000000 6.600000000000
42.000000000000 7.066666666667
42.000000000000 7.533333333333
42.000000000000 8.000000000000
42.000000000000 10.000000000000
42.000000000000 12.000000000000
42.000000000000 14.000000000000
42.000000000000 16.000000000000
42.000000000000 18.000000000000
42.000000000000 20.000000000000
42.000000000000 22.000000000000
42.000000000000 24.000000000000
42.000000000000 30.000000000000
42.000000000000 36.000000000000
42.000000000000 42.000000000000
42.000000000000 48.000000000000
48.000000000000 -48.000000000000
48.000000000000 -42.000000000000
48.000000000000 -36.000000000000
48.000000000000 -30.000000000000
48.000000000000 -24.000000000000
48.000000000000 -22.000000000000
48.000000000000 -20.000000000000
48.000000000000 -18.000000000000
48.000000000000 -16.000000000000
48.000000000000 -14.000000000000
48.000000000000 -12.000000000000
48.000000000000 -10.000000000000
48.000000000000 -8.000000000000
48.000000000000 -7.533333333333
48.000000000000 -7.066666666667
48.000000000000 -6.600000000000
48.000000000000 -6.133333333333
48.000000000000 -5.666666666667
48.000000000000 -5.200000000000
48.000000000000 -4.733333333333
48.000000000000 -4.266666666667
48.000000000000 -3.800000000000
48.000000000000 -3.333333333333
48.000000000000 -2.866666666667
48.000000000000 -2.400000000000
48.000000000000 -1.933333333333
48.000000000000 -1.466666666667
48.000000000000 -1.000000000000
48.000000000000 -0.950214989876
48.000000000000 -0.900666572453
48.000000000000 -0.851365376462
48.000000000000 -0.802323092133
48.000000000000 -0.753552642079
48.000000000000 -0.705068391357
48.000000000000 -0.656886408743
48.000000000000 -0.609024795931
48.000000000000 -0.561504108464
48.000000000000 -0.514347903027
48.000000000000 -0.467583462777
48.000000000000 -0.421242780245
48.000000000000 -0.375363924425
48.000000000000 -0.329993002221
48.000000000000 -0.285187080642
48.000000000000 -0.241018748334
48.000000000000 -0.197583672716
48.000000000000 -0.155014146033
48.000000000000 -0.113506188896
48.000000000000 -0.073383623210
48.000000000000 -0.035301637755
48.000000000000 -0.002000000000
48.000000000000 -0.001952380952
48.000000000000 -0.001904761905
48.000000000000 -0.001857142857
48.000000000000 -0.001809523810
48.000000000000 -0.001761904762
48.000000000000 -0.001714285714
48.000000000000 -0.001666666667
48.000000000000 -0.001619047619
48.000000000000 -0.001571428571
48.000000000000 -0.001523809524
48.000000000000 -0.001476190476
48.000000000000 -0.001428571429
48.000000000000 -0.001380952381
48.000000000000 -0.001333333333
48.000000000000 -0.001285714286
48.000000000000 -0.001238095238
48.000000000000 -0.001190476190
48.000000000000 -0.001142857143
48.000000000000 -0.001095238095
48.000000000000 -0.001047619048
48.000000000000 -0.001000000000
48.000000000000 -0.000952380952
48.000000000000 -0.000904761905
48.000000000000 -0.000857142857
48.000000000000 -0.000809523810
48.000000000000 -0.000761904762
48.000000000000 -0.000714285714
48.000000000000 -0.000666666667
48.000000000000 -0.000619047619
48.000000000000 -0.000571428571
48.000000000000 -0.000523809524
48.000000000000 -0.000476190476
48.000000000000 -0.000428571429
48.000000000000 -0.000380952381
48.000000000000 -0.000333333333
48.000000000000 -0.000285714286
48.000000000000 -0.000238095238
48.000000000000 -0.000190476190
48.000000000000 -0.000142857143
48.000000000000 -0.000095238095
48.000000000000 -0.000047619048
48.000000000000 0.000000000000
48.000000000000 0.000047619048
48.000000000000 0.000095238095
48.000000000000 0.000142857143
48.000000000000 0.000190476190
48.000000000000 0.000238095238
48.000000000000 0.000285714286
48.000000000000 0.000333333333
48.000000000000 0.000380952381
48.000000000000 0.000428571429
48.000000000000 0.000476190476
48.000000000000 0.000523809524
48.000000000000 0.000571428571
48.000000000000 0.000619047619
48.000000000000 0.000666666667
48.000000000000 0.000714285714
48.000000000000 0.000761904762
48.000000000000 0.000809523810
48.000000000000 0.000857142857
48.000000000000 0.000904761905
48.000000000000 0.000952380952
48.000000000000 0.001000000000
48.000000000000 0.001047619048
48.000000000000 0.001095238095
48.000000000000 0.001142857143
48.000000000000 0.001190476190
48.000000000000 0.001238095238
48.000000000000 0.001285714286
48.000000000000 0.001333333333
48.000000000000 0.001380952381
48.000000000000 0.001428571429
48.000000000000 0.001476190476
48.000000000000 0.001523809524
48.000000000000 0.001571428571
48.000000000000 0.001619047619
48.000000000000 0.001666666667
48.000000000000 0.001714285714
48.000000000000 0.001761904762
48.000000000000 0.001809523810
48.000000000000 0.001857142857
48.000000000000 0.001904761905
48.000000000000 0.001952380952
48.000000000000 0.002000000000
48.000000000000 0.035301637755
48.000000000000 0.073383623210
48.000000000000 0.113506188896
48.000000000000 0.155014146033
48.000000000000 0.197583672716
48.000000000000 0.241018748334
48.000000000000 0.285187080642
48.000000000000 0.329993002221
48.000000000000 0.375363924425
48.000000000000 0.421242780245
48.000000000000 0.467583462777
48.000000000000 0.514347903027
48.000000000000 0.561504108464
48.000000000000 0.609024795931
48.000000000000 0.656886408743
48.000000000000 0.705068391357
48.000000000000 0.753552642079
48.000000000000 0.802323092133
48.000000000000 0.851365376462
48.000000000000 0.900666572453
48.000000000000 0.950214989876
48.000000000000 1.000000000000
48.000000000000 1.466666666667
48.000000000000 1.933333333333
48.000000000000 2.400000000000
48.000000000000 2.866666666667
48.000000000000 3.333333333333
48.000000000000 3.800000000000
48.000000000000 4.266666666667
48.000000000000 4.733333333333
48.000000000000 5.200000000000
48.000000000000 5.666666666667
48.000000000000 6.133333333333
48.000000000000 6.600000000000
48.000000000000 7.066666666667
48.000000000000 7.533333333333
48.000000000000 8.000000000000
48.000000000000 10.000000000000
48.000000000000 12.000000000000
48.000000000000 14.000000000000
48.000000000000 16.000000000000
48.000000000000 18.000000000000
48.000000000000 20.000000000000
48.000000000000 22.000000000000
48.000000000000 24.000000000000
48.000000000000 30.000000000000
48.000000000000 36.000000000000
48.000000000000 42.000000000000
48.000000000000 48.000000000000
